"","chapter","word","n"
"1",33,"fogg",33
"2",19,"fix",29
"3",19,"passepartout",29
"4",25,"fogg",28
"5",35,"fogg",28
"6",11,"fogg",27
"7",15,"fogg",26
"8",20,"fogg",26
"9",21,"fogg",25
"10",15,"passepartout",24
"11",28,"passepartout",24
"12",29,"fogg",24
"13",3,"fogg",23
"14",11,"francis",22
"15",11,"sir",22
"16",17,"passepartout",21
"17",31,"fogg",21
"18",33,"captain",21
"19",31,"sledge",20
"20",3,"stuart",19
"21",15,"judge",19
"22",22,"passepartout",19
"23",24,"passepartout",19
"24",29,"train",19
"25",30,"fogg",19
"26",33,"henrietta",18
"27",35,"aouda",18
"28",37,"fogg",18
"29",1,"fogg",17
"30",17,"fix",17
"31",23,"passepartout",17
"32",25,"fix",17
"33",28,"train",17
"34",30,"train",17
"35",4,"passepartout",16
"36",14,"passepartout",16
"37",16,"hong",16
"38",16,"kong",16
"39",18,"fogg",16
"40",28,"fogg",16
"41",32,"fogg",16
"42",34,"fogg",16
"43",11,"passepartout",15
"44",13,"fogg",15
"45",14,"fogg",15
"46",21,"wind",15
"47",4,"fogg",14
"48",13,"guide",14
"49",13,"sir",14
"50",16,"fix",14
"51",17,"fogg",14
"52",24,"fogg",14
"53",28,"colonel",14
"54",29,"car",14
"55",33,"phileas",14
"56",33,"speedy",14
"57",3,"phileas",13
"58",6,"fix",13
"59",11,"indian",13
"60",11,"train",13
"61",12,"fogg",13
"62",13,"francis",13
"63",18,"passepartout",13
"64",20,"fix",13
"65",21,"miles",13
"66",21,"pilot",13
"67",21,"tankadere",13
"68",29,"colonel",13
"69",1,"phileas",12
"70",3,"thousand",12
"71",5,"fogg",12
"72",5,"phileas",12
"73",10,"bombay",12
"74",12,"francis",12
"75",12,"sir",12
"76",16,"passepartout",12
"77",20,"aouda",12
"78",22,"fogg",12
"79",23,"noses",12
"80",24,"fix",12
"81",26,"train",12
"82",30,"fix",12
"83",33,"liverpool",12
"84",35,"passepartout",12
"85",36,"fogg",12
"86",36,"phileas",12
"87",2,"passepartout",11
"88",7,"consul",11
"89",8,"fix",11
"90",9,"bombay",11
"91",12,"guide",11
"92",16,"fogg",11
"93",21,"boat",11
"94",21,"sea",11
"95",22,"carnatic",11
"96",27,"passepartout",11
"97",30,"aouda",11
"98",3,"days",10
"99",3,"pounds",10
"100",3,"ralph",10
"101",6,"suez",10
"102",9,"fix",10
"103",9,"mongolia",10
"104",10,"fogg",10
"105",11,"elephant",10
"106",13,"pagoda",10
"107",14,"phileas",10
"108",15,"phileas",10
"109",19,"fogg",10
"110",20,"boat",10
"111",20,"pilot",10
"112",21,"john",10
"113",21,"shanghai",10
"114",22,"japanese",10
"115",28,"proctor",10
"116",31,"omaha",10
"117",31,"passepartout",10
"118",32,"captain",10
"119",32,"phileas",10
"120",33,"passepartout",10
"121",34,"fix",10
"122",36,"minutes",10
"123",37,"day",10
"124",37,"passepartout",10
"125",6,"consul",9
"126",7,"passport",9
"127",8,"passepartout",9
"128",9,"passepartout",9
"129",9,"steamer",9
"130",10,"india",9
"131",11,"phileas",9
"132",12,"parsee",9
"133",12,"passepartout",9
"134",13,"parsee",9
"135",15,"pounds",9
"136",18,"steamer",9
"137",19,"master",9
"138",20,"yokohama",9
"139",21,"bunsby",9
"140",21,"speed",9
"141",23,"japanese",9
"142",24,"steamer",9
"143",24,"time",9
"144",25,"aouda",9
"145",25,"passepartout",9
"146",27,"mormon",9
"147",27,"train",9
"148",28,"bridge",9
"149",29,"proctor",9
"150",29,"sioux",9
"151",30,"fort",9
"152",31,"time",9
"153",31,"wind",9
"154",33,"day",9
"155",33,"steam",9
"156",33,"thousand",9
"157",37,"phileas",9
"158",2,"fogg",8
"159",3,"twenty",8
"160",8,"london",8
"161",11,"pounds",8
"162",11,"railway",8
"163",12,"elephant",8
"164",13,"passepartout",8
"165",13,"victim",8
"166",15,"policeman",8
"167",16,"rangoon",8
"168",18,"hong",8
"169",18,"kong",8
"170",18,"twenty",8
"171",19,"hong",8
"172",19,"kong",8
"173",19,"thousand",8
"174",21,"day",8
"175",21,"fix",8
"176",22,"found",8
"177",27,"elder",8
"178",27,"lake",8
"179",27,"salt",8
"180",28,"aouda",8
"181",28,"fix",8
"182",28,"passengers",8
"183",28,"replied",8
"184",29,"phileas",8
"185",29,"replied",8
"186",31,"mudge",8
"187",31,"sails",8
"188",33,"fix",8
"189",35,"madam",8
"190",36,"andrew",8
"191",36,"stuart",8
"192",37,"minutes",8
"193",37,"twenty",8
"194",3,"eighty",7
"195",4,"master",7
"196",4,"twenty",7
"197",6,"mongolia",7
"198",6,"steamer",7
"199",7,"october",7
"200",8,"monsieur",7
"201",8,"watch",7
"202",9,"fogg",7
"203",10,"calcutta",7
"204",10,"passepartout",7
"205",11,"cromarty",7
"206",11,"time",7
"207",12,"procession",7
"208",12,"woman",7
"209",13,"moment",7
"210",13,"phileas",7
"211",13,"pyre",7
"212",14,"hand",7
"213",14,"india",7
"214",15,"bombay",7
"215",15,"priests",7
"216",16,"aouda",7
"217",17,"master",7
"218",18,"hours",7
"219",18,"yokohama",7
"220",19,"detective",7
"221",19,"english",7
"222",19,"pounds",7
"223",19,"time",7
"224",20,"carnatic",7
"225",20,"honour",7
"226",20,"hundred",7
"227",21,"coast",7
"228",21,"hundred",7
"229",21,"sail",7
"230",22,"japan",7
"231",24,"day",7
"232",24,"grant",7
"233",24,"yokohama",7
"234",25,"crowd",7
"235",26,"locomotive",7
"236",26,"omaha",7
"237",26,"pacific",7
"238",27,"smith",7
"239",28,"master",7
"240",28,"river",7
"241",29,"conductor",7
"242",29,"fix",7
"243",29,"minutes",7
"244",29,"stopped",7
"245",30,"captain",7
"246",30,"phileas",7
"247",30,"sir",7
"248",31,"chicago",7
"249",31,"fix",7
"250",31,"held",7
"251",31,"station",7
"252",33,"replied",7
"253",33,"vessel",7
"254",34,"london",7
"255",34,"passepartout",7
"256",34,"phileas",7
"257",1,"club",6
"258",1,"monsieur",6
"259",1,"passepartout",6
"260",1,"row",6
"261",1,"saville",6
"262",3,"bank",6
"263",3,"hundred",6
"264",3,"returned",6
"265",3,"world",6
"266",4,"bag",6
"267",9,"hours",6
"268",9,"sea",6
"269",10,"fix",6
"270",10,"hundred",6
"271",11,"allahabad",6
"272",11,"india",6
"273",11,"means",6
"274",11,"refused",6
"275",12,"kiouni",6
"276",13,"cries",6
"277",13,"wood",6
"278",14,"aouda",6
"279",14,"benares",6
"280",14,"francis",6
"281",14,"sir",6
"282",14,"woman",6
"283",15,"clerk",6
"284",15,"fix",6
"285",15,"obadiah",6
"286",15,"pagoda",6
"287",15,"servant",6
"288",15,"thousand",6
"289",16,"calcutta",6
"290",17,"aouda",6
"291",17,"day",6
"292",17,"phileas",6
"293",17,"rangoon",6
"294",18,"pilot",6
"295",18,"rangoon",6
"296",18,"storm",6
"297",18,"time",6
"298",20,"shanghai",6
"299",20,"sir",6
"300",20,"steamer",6
"301",20,"time",6
"302",21,"forward",6
"303",21,"night",6
"304",21,"phileas",6
"305",21,"south",6
"306",21,"time",6
"307",21,"waves",6
"308",21,"yokohama",6
"309",22,"master",6
"310",22,"midst",6
"311",22,"quarter",6
"312",22,"streets",6
"313",22,"yokohama",6
"314",23,"batulcar",6
"315",23,"pyramid",6
"316",24,"detective",6
"317",24,"english",6
"318",24,"london",6
"319",25,"street",6
"320",26,"car",6
"321",26,"road",6
"322",26,"sacramento",6
"323",26,"san",6
"324",27,"black",6
"325",27,"car",6
"326",27,"mormons",6
"327",28,"american",6
"328",28,"conductor",6
"329",28,"creek",6
"330",28,"cried",6
"331",28,"engineer",6
"332",28,"medicine",6
"333",28,"miles",6
"334",29,"aouda",6
"335",29,"cars",6
"336",29,"hundred",6
"337",29,"passed",6
"338",29,"passengers",6
"339",29,"passepartout",6
"340",29,"station",6
"341",30,"indians",6
"342",30,"kearney",6
"343",30,"locomotive",6
"344",30,"passepartout",6
"345",30,"soldiers",6
"346",30,"station",6
"347",31,"hours",6
"348",31,"phileas",6
"349",32,"henrietta",6
"350",32,"passengers",6
"351",33,"evening",6
"352",33,"hours",6
"353",33,"waves",6
"354",33,"wind",6
"355",34,"minutes",6
"356",34,"train",6
"357",35,"phileas",6
"358",35,"replied",6
"359",36,"club",6
"360",36,"twenty",6
"361",37,"hours",6
"362",2,"house",5
"363",2,"past",5
"364",3,"detectives",5
"365",3,"flanagan",5
"366",3,"half",5
"367",3,"rail",5
"368",3,"reform",5
"369",3,"replied",5
"370",3,"steamer",5
"371",3,"wager",5
"372",4,"carpet",5
"373",4,"minutes",5
"374",5,"club",5
"375",5,"reform",5
"376",5,"world",5
"377",6,"board",5
"378",6,"description",5
"379",6,"english",5
"380",6,"time",5
"381",7,"a.m",5
"382",7,"fix",5
"383",7,"fogg",5
"384",8,"bombay",5
"385",8,"minutes",5
"386",9,"aden",5
"387",9,"hundred",5
"388",9,"time",5
"389",10,"british",5
"390",10,"east",5
"391",10,"rabbit",5
"392",10,"station",5
"393",10,"time",5
"394",11,"hundred",5
"395",11,"replied",5
"396",12,"branches",5
"397",12,"miles",5
"398",12,"sacrifice",5
"399",12,"time",5
"400",13,"guards",5
"401",13,"lay",5
"402",13,"rajah",5
"403",13,"temple",5
"404",13,"terror",5
"405",13,"walls",5
"406",13,"woman",5
"407",14,"calcutta",5
"408",14,"city",5
"409",14,"elephant",5
"410",14,"eyes",5
"411",14,"ganges",5
"412",14,"guide",5
"413",15,"aouda",5
"414",15,"calcutta",5
"415",15,"cried",5
"416",15,"master",5
"417",15,"replied",5
"418",15,"shoes",5
"419",16,"board",5
"420",16,"bombay",5
"421",16,"detective",5
"422",16,"warrant",5
"423",17,"detective",5
"424",17,"hong",5
"425",17,"kong",5
"426",17,"singapore",5
"427",18,"aouda",5
"428",18,"hand",5
"429",18,"sea",5
"430",18,"wind",5
"431",19,"chinese",5
"432",19,"cried",5
"433",19,"gentlemen",5
"434",19,"reform",5
"435",20,"bunsby",5
"436",20,"hong",5
"437",20,"john",5
"438",20,"kong",5
"439",20,"phileas",5
"440",21,"aouda",5
"441",21,"craft",5
"442",21,"moment",5
"443",21,"sir",5
"444",21,"storm",5
"445",21,"violence",5
"446",23,"honourable",5
"447",23,"servant",5
"448",24,"board",5
"449",24,"francisco",5
"450",24,"hundred",5
"451",24,"phileas",5
"452",24,"san",5
"453",24,"thousand",5
"454",24,"twenty",5
"455",24,"watch",5
"456",25,"camerfield",5
"457",25,"hotel",5
"458",25,"mandiboy",5
"459",25,"meeting",5
"460",25,"phileas",5
"461",26,"buffaloes",5
"462",26,"fogg",5
"463",26,"francisco",5
"464",26,"mountains",5
"465",26,"o’clock",5
"466",26,"track",5
"467",27,"chief",5
"468",27,"driven",5
"469",27,"hitch",5
"470",27,"utah",5
"471",28,"bow",5
"472",28,"car",5
"473",28,"found",5
"474",28,"game",5
"475",28,"heard",5
"476",28,"hundred",5
"477",28,"mountains",5
"478",28,"pass",5
"479",28,"phileas",5
"480",28,"snow",5
"481",28,"station",5
"482",28,"stopped",5
"483",28,"whist",5
"484",29,"american",5
"485",29,"fort",5
"486",29,"hand",5
"487",29,"platform",5
"488",29,"road",5
"489",29,"stop",5
"490",29,"ten",5
"491",30,"heard",5
"492",30,"leave",5
"493",30,"passengers",5
"494",30,"returned",5
"495",30,"sioux",5
"496",31,"fort",5
"497",31,"miles",5
"498",31,"snow",5
"499",31,"trains",5
"500",31,"york",5
"501",32,"liverpool",5
"502",33,"coal",5
"503",33,"december",5
"504",33,"deck",5
"505",33,"engineer",5
"506",33,"fogg’s",5
"507",33,"london",5
"508",33,"queenstown",5
"509",33,"sea",5
"510",33,"sir",5
"511",33,"twenty",5
"512",34,"aouda",5
"513",34,"custom",5
"514",34,"hours",5
"515",34,"house",5
"516",34,"moment",5
"517",35,"evening",5
"518",35,"heart",5
"519",35,"master",5
"520",36,"days",5
"521",36,"time",5
"522",37,"days",5
"523",37,"marriage",5
"524",1,"eleven",4
"525",1,"house",4
"526",1,"minutes",4
"527",1,"reform",4
"528",1,"twenty",4
"529",2,"master",4
"530",3,"club",4
"531",3,"deal",4
"532",3,"fallentin",4
"533",3,"hand",4
"534",3,"london",4
"535",3,"sullivan",4
"536",3,"thief",4
"537",4,"phileas",4
"538",4,"station",4
"539",5,"departure",4
"540",5,"tour",4
"541",6,"brindisi",4
"542",6,"honest",4
"543",6,"hope",4
"544",6,"hundred",4
"545",6,"passport",4
"546",6,"robber",4
"547",7,"_visa_",4
"548",7,"london",4
"549",7,"servant",4
"550",7,"suez",4
"551",8,"consul",4
"552",8,"fogg",4
"553",8,"it’s",4
"554",8,"master",4
"555",8,"suez",4
"556",8,"time",4
"557",9,"coal",4
"558",9,"company",4
"559",9,"curious",4
"560",9,"day",4
"561",9,"deck",4
"562",9,"india",4
"563",9,"indian",4
"564",9,"monsieur",4
"565",9,"phileas",4
"566",9,"wind",4
"567",10,"indian",4
"568",10,"leaving",4
"569",10,"native",4
"570",10,"office",4
"571",10,"railway",4
"572",10,"shoes",4
"573",11,"beast",4
"574",11,"conductor",4
"575",11,"country",4
"576",11,"master",4
"577",11,"mountains",4
"578",11,"nature",4
"579",11,"offered",4
"580",11,"passed",4
"581",11,"passengers",4
"582",11,"stopped",4
"583",11,"thousand",4
"584",12,"allahabad",4
"585",12,"bundelcund",4
"586",12,"burned",4
"587",12,"head",4
"588",12,"neck",4
"589",12,"phileas",4
"590",12,"replied",4
"591",12,"stopped",4
"592",12,"travellers",4
"593",13,"companions",4
"594",13,"doors",4
"595",13,"fakirs",4
"596",13,"found",4
"597",13,"ground",4
"598",13,"indians",4
"599",13,"light",4
"600",13,"night",4
"601",13,"party",4
"602",13,"priests",4
"603",13,"rear",4
"604",13,"sleep",4
"605",13,"stopped",4
"606",13,"torches",4
"607",13,"waited",4
"608",14,"english",4
"609",14,"fine",4
"610",14,"hong",4
"611",14,"kong",4
"612",14,"parsee",4
"613",14,"passed",4
"614",14,"train",4
"615",15,"admit",4
"616",15,"carriage",4
"617",15,"leave",4
"618",15,"sum",4
"619",16,"arrest",4
"620",16,"days",4
"621",16,"hundred",4
"622",16,"steamer",4
"623",16,"woman",4
"624",17,"don’t",4
"625",17,"steamer",4
"626",17,"time",4
"627",17,"view",4
"628",17,"world",4
"629",18,"carnatic",4
"630",18,"days",4
"631",18,"fix",4
"632",18,"left",4
"633",18,"phileas",4
"634",19,"bed",4
"635",19,"club",4
"636",19,"fifty",4
"637",19,"found",4
"638",19,"hand",4
"639",19,"head",4
"640",19,"opium",4
"641",19,"port",4
"642",19,"table",4
"643",20,"board",4
"644",20,"hour",4
"645",20,"madam",4
"646",20,"master",4
"647",20,"replied",4
"648",20,"returned",4
"649",20,"sail",4
"650",20,"tankadere",4
"651",20,"voyage",4
"652",21,"crew",4
"653",21,"deck",4
"654",21,"evening",4
"655",21,"heavens",4
"656",21,"hoisted",4
"657",21,"honour",4
"658",21,"hours",4
"659",21,"passengers",4
"660",21,"sails",4
"661",21,"tempest",4
"662",21,"times",4
"663",21,"typhoon",4
"664",22,"aouda",4
"665",22,"deck",4
"666",22,"steamer",4
"667",23,"dressed",4
"668",23,"feet",4
"669",23,"human",4
"670",23,"top",4
"671",23,"wings",4
"672",24,"aouda",4
"673",24,"arrived",4
"674",24,"journey",4
"675",24,"moment",4
"676",24,"november",4
"677",24,"warrant",4
"678",25,"detective",4
"679",25,"francisco",4
"680",25,"hurrah",4
"681",25,"replied",4
"682",25,"san",4
"683",25,"steps",4
"684",25,"streets",4
"685",25,"taking",4
"686",25,"train",4
"687",26,"cars",4
"688",26,"humboldt",4
"689",26,"miles",4
"690",26,"nevada",4
"691",26,"passed",4
"692",26,"river",4
"693",26,"york",4
"694",27,"brigham",4
"695",27,"built",4
"696",27,"hundred",4
"697",27,"joseph",4
"698",27,"left",4
"699",27,"o’clock",4
"700",27,"prophet",4
"701",27,"sea",4
"702",27,"town",4
"703",28,"difficult",4
"704",28,"hours",4
"705",28,"mile",4
"706",28,"passed",4
"707",28,"prudent",4
"708",28,"railway",4
"709",28,"resumed",4
"710",28,"rocky",4
"711",28,"signal",4
"712",28,"sir",4
"713",28,"speed",4
"714",28,"thousand",4
"715",29,"creek",4
"716",29,"cried",4
"717",29,"forward",4
"718",29,"gentleman",4
"719",29,"gentlemen",4
"720",29,"left",4
"721",29,"locomotive",4
"722",29,"miles",4
"723",29,"shots",4
"724",29,"whistle",4
"725",30,"cried",4
"726",30,"dead",4
"727",30,"engineer",4
"728",30,"evening",4
"729",30,"head",4
"730",30,"hours",4
"731",30,"impossible",4
"732",30,"miles",4
"733",30,"mist",4
"734",30,"prisoners",4
"735",30,"snow",4
"736",30,"struggle",4
"737",30,"time",4
"738",30,"wounded",4
"739",31,"11th",4
"740",31,"absolutely",4
"741",31,"evening",4
"742",31,"hand",4
"743",31,"hour",4
"744",31,"island",4
"745",31,"journey",4
"746",31,"left",4
"747",31,"mast",4
"748",31,"o’clock",4
"749",31,"party",4
"750",31,"river",4
"751",31,"twenty",4
"752",32,"bordeaux",4
"753",32,"passepartout",4
"754",32,"ready",4
"755",32,"sea",4
"756",32,"steamers",4
"757",32,"thousand",4
"758",33,"andrew",4
"759",33,"burn",4
"760",33,"continued",4
"761",33,"craft",4
"762",33,"crew",4
"763",33,"east",4
"764",33,"fellow",4
"765",33,"fires",4
"766",33,"passed",4
"767",33,"pounds",4
"768",33,"twelve",4
"769",33,"york",4
"770",34,"arrested",4
"771",35,"eyes",4
"772",35,"friends",4
"773",35,"left",4
"774",35,"looked",4
"775",35,"returned",4
"776",35,"time",4
"777",36,"clock",4
"778",36,"crowd",4
"779",36,"flanagan",4
"780",36,"fogg’s",4
"781",36,"gentlemen",4
"782",36,"ralph",4
"783",36,"saloon",4
"784",36,"thomas",4
"785",37,"hundred",4
"786",37,"impossible",4
"787",37,"journey",4
"788",37,"london",4
"789",37,"pounds",4
"790",37,"saturday",4
"791",37,"thousand",4
"792",37,"world",4
"793",1,"domestic",3
"794",1,"forster",3
"795",1,"head",3
"796",1,"hours",3
"797",1,"institution",3
"798",1,"james",3
"799",1,"london",3
"800",2,"eleven",3
"801",2,"found",3
"802",2,"gentleman",3
"803",2,"half",3
"804",2,"minutes",3
"805",2,"phileas",3
"806",2,"servant",3
"807",2,"service",3
"808",3,"_daily",3
"809",3,"added",3
"810",3,"contrary",3
"811",3,"england",3
"812",3,"fellow",3
"813",3,"game",3
"814",3,"gentlemen",3
"815",3,"grown",3
"816",3,"hour",3
"817",3,"journey",3
"818",3,"left",3
"819",3,"minutes",3
"820",3,"passed",3
"821",3,"play",3
"822",3,"quarter",3
"823",3,"robber",3
"824",3,"robbery",3
"825",3,"round",3
"826",3,"suez",3
"827",3,"table",3
"828",3,"thomas",3
"829",3,"times",3
"830",3,"trains",3
"831",3,"york",3
"832",4,"called",3
"833",4,"days",3
"834",4,"eighty",3
"835",4,"eyes",3
"836",4,"paris",3
"837",4,"round",3
"838",4,"train",3
"839",4,"world",3
"840",5,"_daily",3
"841",5,"appeared",3
"842",5,"article",3
"843",5,"bet",3
"844",5,"days",3
"845",5,"hundred",3
"846",5,"london",3
"847",5,"robber",3
"848",6,"boats",3
"849",6,"bombay",3
"850",6,"crowd",3
"851",6,"detective",3
"852",6,"directly",3
"853",6,"don’t",3
"854",6,"half",3
"855",6,"india",3
"856",6,"left",3
"857",6,"london",3
"858",6,"porters",3
"859",6,"quay",3
"860",6,"route",3
"861",6,"ten",3
"862",6,"thousand",3
"863",6,"town",3
"864",7,"friday",3
"865",7,"left",3
"866",7,"mongolia",3
"867",7,"p.m",3
"868",7,"paris",3
"869",7,"passepartout",3
"870",7,"quay",3
"871",7,"reached",3
"872",7,"replied",3
"873",7,"sir",3
"874",8,"africa",3
"875",8,"burner",3
"876",8,"days",3
"877",8,"detective",3
"878",8,"hand",3
"879",8,"left",3
"880",8,"mongolia",3
"881",8,"round",3
"882",8,"steamer",3
"883",8,"sun",3
"884",8,"twenty",3
"885",8,"world",3
"886",9,"board",3
"887",9,"dancing",3
"888",9,"days",3
"889",9,"gain",3
"890",9,"ladies",3
"891",9,"passed",3
"892",9,"person",3
"893",9,"railway",3
"894",9,"suez",3
"895",9,"thousand",3
"896",10,"distance",3
"897",10,"eyes",3
"898",10,"governor",3
"899",10,"landlord",3
"900",10,"london",3
"901",10,"lord",3
"902",10,"lost",3
"903",10,"mew",3
"904",10,"miles",3
"905",10,"pagoda",3
"906",10,"phileas",3
"907",10,"south",3
"908",10,"splendid",3
"909",10,"square",3
"910",10,"thousand",3
"911",10,"train",3
"912",10,"warrant",3
"913",11,"animal",3
"914",11,"bombay",3
"915",11,"calcutta",3
"916",11,"conveyance",3
"917",11,"days",3
"918",11,"delay",3
"919",11,"elephants",3
"920",11,"english",3
"921",11,"famous",3
"922",11,"fifteen",3
"923",11,"found",3
"924",11,"government",3
"925",11,"greatly",3
"926",11,"hours",3
"927",11,"kholby",3
"928",11,"line",3
"929",11,"midst",3
"930",11,"pagodas",3
"931",11,"papers",3
"932",11,"parsee",3
"933",11,"proceeded",3
"934",11,"returned",3
"935",11,"travellers",3
"936",11,"travelling",3
"937",11,"twenty",3
"938",11,"village",3
"939",11,"wager",3
"940",11,"watch",3
"941",11,"world",3
"942",12,"body",3
"943",12,"bungalow",3
"944",12,"country",3
"945",12,"cries",3
"946",12,"dawn",3
"947",12,"day",3
"948",12,"hours",3
"949",12,"instruments",3
"950",12,"journey",3
"951",12,"love",3
"952",12,"morrow",3
"953",12,"night",3
"954",12,"rajah",3
"955",12,"returned",3
"956",12,"set",3
"957",12,"silence",3
"958",12,"statue",3
"959",12,"suttee",3
"960",12,"thick",3
"961",12,"thicket",3
"962",12,"vindhias",3
"963",12,"voluntary",3
"964",13,"attempt",3
"965",13,"body",3
"966",13,"branches",3
"967",13,"crowd",3
"968",13,"fogg’s",3
"969",13,"led",3
"970",13,"left",3
"971",13,"midst",3
"972",13,"passed",3
"973",13,"perceived",3
"974",13,"pillaji",3
"975",13,"rajah’s",3
"976",13,"reach",3
"977",13,"ready",3
"978",13,"sacrifice",3
"979",13,"slipped",3
"980",13,"soldiers",3
"981",13,"till",3
"982",13,"trees",3
"983",13,"watching",3
"984",13,"whispered",3
"985",14,"allahabad",3
"986",14,"ancient",3
"987",14,"carriage",3
"988",14,"day",3
"989",14,"earth",3
"990",14,"european",3
"991",14,"god",3
"992",14,"hours",3
"993",14,"kiouni",3
"994",14,"left",3
"995",14,"master",3
"996",14,"miles",3
"997",14,"railway",3
"998",14,"sacred",3
"999",14,"station",3
"1000",14,"town",3
"1001",14,"travellers",3
"1002",15,"admitted",3
"1003",15,"arrive",3
"1004",15,"bail",3
"1005",15,"detective",3
"1006",15,"door",3
"1007",15,"english",3
"1008",15,"entered",3
"1009",15,"exclaimed",3
"1010",15,"follow",3
"1011",15,"half",3
"1012",15,"head",3
"1013",15,"hill",3
"1014",15,"hundred",3
"1015",15,"indian",3
"1016",15,"law",3
"1017",15,"malabar",3
"1018",15,"noon",3
"1019",15,"pillaji",3
"1020",15,"prisoners",3
"1021",15,"robber",3
"1022",15,"sir",3
"1023",15,"station",3
"1024",15,"steamer",3
"1025",15,"twenty",3
"1026",15,"wig",3
"1027",16,"appearance",3
"1028",16,"day",3
"1029",16,"difficult",3
"1030",16,"english",3
"1031",16,"failed",3
"1032",16,"islands",3
"1033",16,"master",3
"1034",16,"monsieur",3
"1035",16,"passed",3
"1036",16,"phileas",3
"1037",16,"singapore",3
"1038",16,"talk",3
"1039",16,"thousand",3
"1040",16,"time",3
"1041",17,"disembarked",3
"1042",17,"english",3
"1043",17,"fix’s",3
"1044",17,"fogg’s",3
"1045",17,"hours",3
"1046",17,"island",3
"1047",17,"journey",3
"1048",17,"leave",3
"1049",17,"real",3
"1050",17,"servant",3
"1051",17,"step",3
"1052",17,"trees",3
"1053",18,"delay",3
"1054",18,"forced",3
"1055",18,"hotel",3
"1056",18,"jeejeeh",3
"1057",18,"morning",3
"1058",18,"passengers",3
"1059",18,"remain",3
"1060",18,"till",3
"1061",18,"violence",3
"1062",18,"waves",3
"1063",18,"weather",3
"1064",19,"accomplice",3
"1065",19,"carnatic",3
"1066",19,"days",3
"1067",19,"frenchman",3
"1068",19,"glass",3
"1069",19,"monsieur",3
"1070",19,"overcome",3
"1071",19,"passed",3
"1072",19,"passepartout’s",3
"1073",19,"phileas",3
"1074",19,"pipes",3
"1075",19,"replied",3
"1076",19,"resumed",3
"1077",19,"robber",3
"1078",19,"talk",3
"1079",20,"deck",3
"1080",20,"detective",3
"1081",20,"english",3
"1082",20,"evening",3
"1083",20,"half",3
"1084",20,"harbour",3
"1085",20,"hours",3
"1086",20,"jib",3
"1087",20,"leave",3
"1088",20,"miles",3
"1089",20,"nagasaki",3
"1090",20,"palanquin",3
"1091",20,"passepartout",3
"1092",20,"pounds",3
"1093",20,"sailor",3
"1094",20,"sea",3
"1095",20,"search",3
"1096",20,"servant",3
"1097",20,"start",3
"1098",20,"week",3
"1099",20,"wind",3
"1100",21,"air",3
"1101",21,"american",3
"1102",21,"breeze",3
"1103",21,"change",3
"1104",21,"currents",3
"1105",21,"descended",3
"1106",21,"east",3
"1107",21,"favourable",3
"1108",21,"gale",3
"1109",21,"mist",3
"1110",21,"noon",3
"1111",21,"north",3
"1112",21,"o’clock",3
"1113",21,"passed",3
"1114",21,"quietly",3
"1115",21,"reach",3
"1116",21,"rising",3
"1117",21,"set",3
"1118",21,"steamer",3
"1119",21,"twenty",3
"1120",22,"cabin",3
"1121",22,"carried",3
"1122",22,"chance",3
"1123",22,"china",3
"1124",22,"crowd",3
"1125",22,"curious",3
"1126",22,"drunk",3
"1127",22,"eat",3
"1128",22,"fell",3
"1129",22,"fix",3
"1130",22,"hair",3
"1131",22,"half",3
"1132",22,"hong",3
"1133",22,"house",3
"1134",22,"houses",3
"1135",22,"kong",3
"1136",22,"opium",3
"1137",22,"purser",3
"1138",22,"rice",3
"1139",22,"short",3
"1140",22,"steps",3
"1141",22,"trees",3
"1142",23,"air",3
"1143",23,"car",3
"1144",23,"clown",3
"1145",23,"clowns",3
"1146",23,"costume",3
"1147",23,"fogg",3
"1148",23,"jugglers",3
"1149",23,"nose",3
"1150",23,"performance",3
"1151",23,"placard",3
"1152",23,"position",3
"1153",23,"represent",3
"1154",23,"shoulders",3
"1155",23,"sing",3
"1156",23,"sort",3
"1157",23,"spinning",3
"1158",23,"stage",3
"1159",23,"steamer",3
"1160",23,"that’s",3
"1161",23,"tingou",3
"1162",23,"troupe",3
"1163",23,"true",3
"1164",24,"23rd",3
"1165",24,"agreed",3
"1166",24,"bombay",3
"1167",24,"changed",3
"1168",24,"coldly",3
"1169",24,"days",3
"1170",24,"december",3
"1171",24,"england",3
"1172",24,"fogg’s",3
"1173",24,"found",3
"1174",24,"half",3
"1175",24,"happened",3
"1176",24,"hong",3
"1177",24,"hour",3
"1178",24,"kong",3
"1179",24,"left",3
"1180",24,"listened",3
"1181",24,"passed",3
"1182",24,"passengers",3
"1183",24,"word",3
"1184",24,"york",3
"1185",25,"air",3
"1186",25,"american",3
"1187",25,"black",3
"1188",25,"city",3
"1189",25,"evidently",3
"1190",25,"found",3
"1191",25,"hand",3
"1192",25,"heard",3
"1193",25,"human",3
"1194",25,"indians",3
"1195",25,"international",3
"1196",25,"met",3
"1197",25,"montgomery",3
"1198",25,"political",3
"1199",25,"porter",3
"1200",25,"reached",3
"1201",25,"returned",3
"1202",25,"revolvers",3
"1203",25,"set",3
"1204",25,"world",3
"1205",26,"american",3
"1206",26,"beasts",3
"1207",26,"bed",3
"1208",26,"catcher",3
"1209",26,"cow",3
"1210",26,"crosses",3
"1211",26,"direction",3
"1212",26,"entered",3
"1213",26,"herd",3
"1214",26,"hour",3
"1215",26,"hours",3
"1216",26,"hundred",3
"1217",26,"lake",3
"1218",26,"line",3
"1219",26,"obstacle",3
"1220",26,"passepartout",3
"1221",26,"passing",3
"1222",26,"platforms",3
"1223",26,"rails",3
"1224",26,"railway",3
"1225",26,"range",3
"1226",26,"reached",3
"1227",26,"salt",3
"1228",26,"snow",3
"1229",26,"southern",3
"1230",26,"speed",3
"1231",26,"time",3
"1232",26,"travellers",3
"1233",26,"twelve",3
"1234",26,"twenty",3
"1235",27,"city",3
"1236",27,"colony",3
"1237",27,"disciples",3
"1238",27,"jordan",3
"1239",27,"lecture",3
"1240",27,"martyr",3
"1241",27,"miles",3
"1242",27,"passengers",3
"1243",27,"platform",3
"1244",27,"polygamy",3
"1245",27,"reached",3
"1246",27,"religion",3
"1247",27,"rose",3
"1248",27,"saints",3
"1249",27,"stop",3
"1250",27,"surrounded",3
"1251",27,"thousand",3
"1252",27,"time",3
"1253",27,"twelve",3
"1254",27,"twenty",3
"1255",27,"union",3
"1256",27,"william",3
"1257",27,"written",3
"1258",28,"absorbed",3
"1259",28,"atlantic",3
"1260",28,"can’t",3
"1261",28,"cards",3
"1262",28,"chance",3
"1263",28,"chances",3
"1264",28,"cross",3
"1265",28,"detective",3
"1266",28,"engineers",3
"1267",28,"engineer’s",3
"1268",28,"foot",3
"1269",28,"green",3
"1270",28,"head",3
"1271",28,"hour",3
"1272",28,"locomotive",3
"1273",28,"madam",3
"1274",28,"matter",3
"1275",28,"meeting",3
"1276",28,"partners",3
"1277",28,"passenger",3
"1278",28,"plains",3
"1279",28,"playing",3
"1280",28,"prevent",3
"1281",28,"recognised",3
"1282",28,"returned",3
"1283",28,"twenty",3
"1284",28,"vast",3
"1285",29,"branch",3
"1286",29,"cries",3
"1287",29,"duel",3
"1288",29,"feet",3
"1289",29,"fifty",3
"1290",29,"fight",3
"1291",29,"indians",3
"1292",29,"it’s",3
"1293",29,"kearney",3
"1294",29,"meeting",3
"1295",29,"omaha",3
"1296",29,"platte",3
"1297",29,"play",3
"1298",29,"plum",3
"1299",29,"remained",3
"1300",29,"reports",3
"1301",29,"revolver",3
"1302",29,"revolvers",3
"1303",29,"river",3
"1304",29,"shot",3
"1305",29,"sir",3
"1306",29,"spade",3
"1307",29,"stamp",3
"1308",29,"time",3
"1309",30,"conductor",3
"1310",30,"detective",3
"1311",30,"disappeared",3
"1312",30,"duty",3
"1313",30,"found",3
"1314",30,"journey",3
"1315",30,"night",3
"1316",30,"omaha",3
"1317",30,"plains",3
"1318",30,"platform",3
"1319",30,"remained",3
"1320",30,"replied",3
"1321",30,"sacrificed",3
"1322",30,"slowly",3
"1323",30,"south",3
"1324",30,"start",3
"1325",30,"travellers",3
"1326",30,"white",3
"1327",31,"accident",3
"1328",31,"aouda",3
"1329",31,"distance",3
"1330",31,"frozen",3
"1331",31,"jib",3
"1332",31,"kearney",3
"1333",31,"lashings",3
"1334",31,"line",3
"1335",31,"liverpool",3
"1336",31,"passed",3
"1337",31,"platte",3
"1338",31,"railroad",3
"1339",31,"railway",3
"1340",31,"reach",3
"1341",31,"reached",3
"1342",31,"ready",3
"1343",31,"rudder",3
"1344",31,"speed",3
"1345",31,"steamer",3
"1346",31,"stopped",3
"1347",31,"train",3
"1348",31,"travelling",3
"1349",31,"vehicle",3
"1350",31,"west",3
"1351",32,"aouda",3
"1352",32,"atlantic",3
"1353",32,"board",3
"1354",32,"boat",3
"1355",32,"china",3
"1356",32,"day",3
"1357",32,"dollars",3
"1358",32,"london",3
"1359",32,"money",3
"1360",32,"speedy",3
"1361",32,"time",3
"1362",32,"vessel",3
"1363",32,"vessels",3
"1364",33,"21st",3
"1365",33,"anger",3
"1366",33,"bank",3
"1367",33,"board",3
"1368",33,"bomb",3
"1369",33,"cabin",3
"1370",33,"cried",3
"1371",33,"days",3
"1372",33,"dollars",3
"1373",33,"dublin",3
"1374",33,"fifty",3
"1375",33,"half",3
"1376",33,"hull",3
"1377",33,"managed",3
"1378",33,"miles",3
"1379",33,"noon",3
"1380",33,"poop",3
"1381",33,"sails",3
"1382",33,"steamer",3
"1383",33,"time",3
"1384",33,"words",3
"1385",33,"world",3
"1386",34,"door",3
"1387",34,"express",3
"1388",34,"journey",3
"1389",34,"leave",3
"1390",34,"liverpool",3
"1391",34,"master",3
"1392",34,"prison",3
"1393",34,"quarter",3
"1394",34,"set",3
"1395",35,"aouda’s",3
"1396",35,"day",3
"1397",35,"door",3
"1398",35,"found",3
"1399",35,"hand",3
"1400",35,"house",3
"1401",35,"master’s",3
"1402",35,"monday",3
"1403",35,"morrow",3
"1404",35,"past",3
"1405",35,"pounds",3
"1406",35,"putting",3
"1407",35,"remained",3
"1408",35,"row",3
"1409",35,"ruined",3
"1410",35,"saville",3
"1411",35,"terrible",3
"1412",36,"bet",3
"1413",36,"cards",3
"1414",36,"december",3
"1415",36,"evening",3
"1416",36,"gauthier",3
"1417",36,"hundred",3
"1418",36,"john",3
"1419",36,"moment",3
"1420",36,"news",3
"1421",36,"police",3
"1422",36,"reform",3
"1423",36,"replied",3
"1424",36,"resumed",3
"1425",36,"sullivan",3
"1426",36,"thousand",3
"1427",37,"aouda",3
"1428",37,"degrees",3
"1429",37,"error",3
"1430",37,"gained",3
"1431",37,"left",3
"1432",37,"master",3
"1433",37,"replied",3
"1434",37,"reverend",3
"1435",37,"time",3
"1436",37,"times",3
"1437",37,"won",3
"1438",1,"2nd",2
"1439",1,"acquaintance",2
"1440",1,"advanced",2
"1441",1,"breakfasted",2
"1442",1,"brought",2
"1443",1,"byron",2
"1444",1,"cosy",2
"1445",1,"court",2
"1446",1,"daily",2
"1447",1,"dined",2
"1448",1,"dismissed",2
"1449",1,"door",2
"1450",1,"eighty",2
"1451",1,"game",2
"1452",1,"gentleman",2
"1453",1,"habits",2
"1454",1,"half",2
"1455",1,"heard",2
"1456",1,"honest",2
"1457",1,"inn",2
"1458",1,"i’ve",2
"1459",1,"jean",2
"1460",1,"life",2
"1461",1,"live",2
"1462",1,"lived",2
"1463",1,"lost",2
"1464",1,"moment",2
"1465",1,"october",2
"1466",1,"past",2
"1467",1,"people",2
"1468",1,"playing",2
"1469",1,"purpose",2
"1470",1,"recommended",2
"1471",1,"regular",2
"1472",1,"seated",2
"1473",1,"servant",2
"1474",1,"service",2
"1475",1,"shut",2
"1476",1,"sight",2
"1477",1,"slow",2
"1478",1,"societies",2
"1479",1,"sole",2
"1480",1,"struggle",2
"1481",1,"table",2
"1482",1,"thousand",2
"1483",1,"tranquil",2
"1484",1,"travelled",2
"1485",1,"world",2
"1486",2,"betrayed",2
"1487",2,"clock",2
"1488",2,"country",2
"1489",2,"daily",2
"1490",2,"destination",2
"1491",2,"electric",2
"1492",2,"english",2
"1493",2,"exact",2
"1494",2,"features",2
"1495",2,"figure",2
"1496",2,"fogg’s",2
"1497",2,"friction",2
"1498",2,"hair",2
"1499",2,"hands",2
"1500",2,"home",2
"1501",2,"hour",2
"1502",2,"inspection",2
"1503",2,"life",2
"1504",2,"lively",2
"1505",2,"machine",2
"1506",2,"madame",2
"1507",2,"methodical",2
"1508",2,"morning",2
"1509",2,"people",2
"1510",2,"reached",2
"1511",2,"reform",2
"1512",2,"regulated",2
"1513",2,"repose",2
"1514",2,"required",2
"1515",2,"row",2
"1516",2,"rubbed",2
"1517",2,"saville",2
"1518",2,"served",2
"1519",2,"shoulders",2
"1520",2,"stood",2
"1521",2,"ten",2
"1522",2,"till",2
"1523",2,"toilet",2
"1524",2,"tussaud’s",2
"1525",2,"twenty",2
"1526",2,"world",2
"1527",3,"accept",2
"1528",3,"account",2
"1529",3,"affair",2
"1530",3,"agitated",2
"1531",3,"amount",2
"1532",3,"banknotes",2
"1533",3,"baring’s",2
"1534",3,"belong",2
"1535",3,"bet",2
"1536",3,"bombay",2
"1537",3,"breakfast",2
"1538",3,"brindisi",2
"1539",3,"calcutta",2
"1540",3,"cards",2
"1541",3,"clock",2
"1542",3,"conditions",2
"1543",3,"confidence",2
"1544",3,"continued",2
"1545",3,"conversation",2
"1546",3,"cried",2
"1547",3,"cut",2
"1548",3,"day",2
"1549",3,"description",2
"1550",3,"difficult",2
"1551",3,"dinner",2
"1552",3,"discussion",2
"1553",3,"doesn’t",2
"1554",3,"easily",2
"1555",3,"english",2
"1556",3,"entered",2
"1557",3,"estimate",2
"1558",3,"evening",2
"1559",3,"false",2
"1560",3,"fifty",2
"1561",3,"foot",2
"1562",3,"francisco",2
"1563",3,"friend",2
"1564",3,"gentleman",2
"1565",3,"gold",2
"1566",3,"head",2
"1567",3,"hong",2
"1568",3,"included",2
"1569",3,"ingot",2
"1570",3,"it’s",2
"1571",3,"john",2
"1572",3,"joke",2
"1573",3,"jump",2
"1574",3,"kong",2
"1575",3,"lose",2
"1576",3,"mathematically",2
"1577",3,"observed",2
"1578",3,"offered",2
"1579",3,"package",2
"1580",3,"ports",2
"1581",3,"practically",2
"1582",3,"principal",2
"1583",3,"proceeded",2
"1584",3,"railway",2
"1585",3,"reading",2
"1586",3,"san",2
"1587",3,"seventy",2
"1588",3,"steamers",2
"1589",3,"suppose",2
"1590",3,"telegraph_",2
"1591",3,"true",2
"1592",3,"trumps",2
"1593",3,"whist",2
"1594",3,"yokohama",2
"1595",4,"beggar",2
"1596",4,"cab",2
"1597",4,"calais",2
"1598",4,"class",2
"1599",4,"cloak",2
"1600",4,"departure",2
"1601",4,"descended",2
"1602",4,"door",2
"1603",4,"dover",2
"1604",4,"due",2
"1605",4,"friends",2
"1606",4,"gentleman",2
"1607",4,"gentlemen",2
"1608",4,"guineas",2
"1609",4,"head",2
"1610",4,"hour",2
"1611",4,"i’m",2
"1612",4,"leave",2
"1613",4,"left",2
"1614",4,"mackintosh",2
"1615",4,"mechanically",2
"1616",4,"midnight",2
"1617",4,"monsieur",2
"1618",4,"observed",2
"1619",4,"past",2
"1620",4,"pounds",2
"1621",4,"railway",2
"1622",4,"reform",2
"1623",4,"reply",2
"1624",4,"responded",2
"1625",4,"returned",2
"1626",4,"row",2
"1627",4,"saville",2
"1628",4,"set",2
"1629",4,"thousand",2
"1630",4,"trunks",2
"1631",4,"we’ll",2
"1632",4,"whist",2
"1633",4,"woman",2
"1634",4,"won",2
"1635",5,"arrival",2
"1636",5,"bank",2
"1637",5,"betrayed",2
"1638",5,"betting",2
"1639",5,"bonds",2
"1640",5,"bulletin",2
"1641",5,"copied",2
"1642",5,"declared",2
"1643",5,"delay",2
"1644",5,"dispatch",2
"1645",5,"england",2
"1646",5,"english",2
"1647",5,"feature",2
"1648",5,"fifty",2
"1649",5,"fogg’s",2
"1650",5,"folly",2
"1651",5,"gentleman",2
"1652",5,"geographical",2
"1653",5,"impossible",2
"1654",5,"lord",2
"1655",5,"news_",2
"1656",5,"offered",2
"1657",5,"papers",2
"1658",5,"photograph",2
"1659",5,"police",2
"1660",5,"question",2
"1661",5,"rash",2
"1662",5,"readers",2
"1663",5,"society",2
"1664",5,"steamer",2
"1665",5,"telegraph_",2
"1666",5,"ten",2
"1667",5,"time",2
"1668",5,"trains",2
"1669",5,"travelling",2
"1670",5,"twenty",2
"1671",5,"view",2
"1672",5,"wager",2
"1673",6,"_viâ_",2
"1674",6,"arrested",2
"1675",6,"arrival",2
"1676",6,"bank",2
"1677",6,"belonging",2
"1678",6,"built",2
"1679",6,"canal",2
"1680",6,"coal",2
"1681",6,"company",2
"1682",6,"consulate",2
"1683",6,"criminal",2
"1684",6,"easy",2
"1685",6,"eleven",2
"1686",6,"england",2
"1687",6,"evidently",2
"1688",6,"fellahs",2
"1689",6,"fellows",2
"1690",6,"fro",2
"1691",6,"glance",2
"1692",6,"habit",2
"1693",6,"hour",2
"1694",6,"impatience",2
"1695",6,"it’s",2
"1696",6,"i’ll",2
"1697",6,"master",2
"1698",6,"office",2
"1699",6,"o’clock",2
"1700",6,"passenger",2
"1701",6,"passengers",2
"1702",6,"passing",2
"1703",6,"port",2
"1704",6,"prize",2
"1705",6,"rapid",2
"1706",6,"reach",2
"1707",6,"received",2
"1708",6,"red",2
"1709",6,"resemblance",2
"1710",6,"returned",2
"1711",6,"robbery",2
"1712",6,"scent",2
"1713",6,"sea",2
"1714",6,"struck",2
"1715",6,"task",2
"1716",6,"watch",2
"1717",7,"2nd",2
"1718",7,"9th",2
"1719",7,"arrival",2
"1720",7,"bombay",2
"1721",7,"brindisi",2
"1722",7,"cabin",2
"1723",7,"contained",2
"1724",7,"day",2
"1725",7,"days",2
"1726",7,"detective",2
"1727",7,"eyes",2
"1728",7,"feature",2
"1729",7,"flight",2
"1730",7,"frenchman",2
"1731",7,"honest",2
"1732",7,"master",2
"1733",7,"month",2
"1734",7,"observed",2
"1735",7,"official",2
"1736",7,"passed",2
"1737",7,"phileas",2
"1738",7,"robber",2
"1739",7,"saturday",2
"1740",7,"thursday",2
"1741",7,"turin",2
"1742",7,"wednesday",2
"1743",8,"arrest",2
"1744",8,"bag",2
"1745",8,"board",2
"1746",8,"countries",2
"1747",8,"country",2
"1748",8,"dispatch",2
"1749",8,"doesn’t",2
"1750",8,"don’t",2
"1751",8,"doubt",2
"1752",8,"egypt",2
"1753",8,"eighty",2
"1754",8,"fellow",2
"1755",8,"gas",2
"1756",8,"hour",2
"1757",8,"hours",2
"1758",8,"idea",2
"1759",8,"india",2
"1760",8,"lose",2
"1761",8,"mistaken",2
"1762",8,"office",2
"1763",8,"o’clock",2
"1764",8,"paris",2
"1765",8,"passport",2
"1766",8,"police",2
"1767",8,"regulate",2
"1768",8,"returned",2
"1769",8,"rich",2
"1770",8,"sea",2
"1771",8,"shop",2
"1772",8,"sum",2
"1773",8,"ten",2
"1774",8,"there’s",2
"1775",8,"twelve",2
"1776",8,"warrant",2
"1777",8,"words",2
"1778",9,"20th",2
"1779",9,"ample",2
"1780",9,"arabic",2
"1781",9,"arrived",2
"1782",9,"bab",2
"1783",9,"bound",2
"1784",9,"cabin",2
"1785",9,"chance",2
"1786",9,"coast",2
"1787",9,"coffee",2
"1788",9,"curiosity",2
"1789",9,"due",2
"1790",9,"eighty",2
"1791",9,"engineers",2
"1792",9,"english",2
"1793",9,"entered",2
"1794",9,"forward",2
"1795",9,"half",2
"1796",9,"hope",2
"1797",9,"mandeb",2
"1798",9,"meals",2
"1799",9,"means",2
"1800",9,"miles",2
"1801",9,"military",2
"1802",9,"north",2
"1803",9,"ocean",2
"1804",9,"passengers",2
"1805",9,"peninsular",2
"1806",9,"played",2
"1807",9,"pounds",2
"1808",9,"quays",2
"1809",9,"reach",2
"1810",9,"reaching",2
"1811",9,"recognise",2
"1812",9,"red",2
"1813",9,"resumed",2
"1814",9,"returning",2
"1815",9,"rolled",2
"1816",9,"scenes",2
"1817",9,"servant",2
"1818",9,"singing",2
"1819",9,"sky",2
"1820",9,"speed",2
"1821",9,"spoke",2
"1822",9,"steamers",2
"1823",9,"thirteen",2
"1824",9,"thirty",2
"1825",9,"toilets",2
"1826",9,"tour",2
"1827",9,"train",2
"1828",9,"traverse",2
"1829",9,"trip",2
"1830",9,"vast",2
"1831",9,"voyage",2
"1832",9,"walls",2
"1833",9,"west",2
"1834",9,"whist",2
"1835",9,"world",2
"1836",10,"arrive",2
"1837",10,"beat",2
"1838",10,"business",2
"1839",10,"called",2
"1840",10,"carnival",2
"1841",10,"cats",2
"1842",10,"city",2
"1843",10,"company",2
"1844",10,"country",2
"1845",10,"crown",2
"1846",10,"days",2
"1847",10,"detective",2
"1848",10,"dinner",2
"1849",10,"director",2
"1850",10,"docks",2
"1851",10,"eighty",2
"1852",10,"embraces",2
"1853",10,"farther",2
"1854",10,"fast",2
"1855",10,"found",2
"1856",10,"ganges",2
"1857",10,"happened",2
"1858",10,"heard",2
"1859",10,"hill",2
"1860",10,"independent",2
"1861",10,"interior",2
"1862",10,"leave",2
"1863",10,"line",2
"1864",10,"madras",2
"1865",10,"malabar",2
"1866",10,"master",2
"1867",10,"millions",2
"1868",10,"mongolia",2
"1869",10,"mysterious",2
"1870",10,"north",2
"1871",10,"parsee",2
"1872",10,"passed",2
"1873",10,"passport",2
"1874",10,"peninsula",2
"1875",10,"police",2
"1876",10,"population",2
"1877",10,"portion",2
"1878",10,"province",2
"1879",10,"quietly",2
"1880",10,"robber",2
"1881",10,"rogue",2
"1882",10,"route",2
"1883",10,"sacred",2
"1884",10,"salcette",2
"1885",10,"shirts",2
"1886",10,"steps",2
"1887",10,"streets",2
"1888",10,"supposed",2
"1889",10,"swear",2
"1890",11,"accepted",2
"1891",11,"bet",2
"1892",11,"blood",2
"1893",11,"brigadier",2
"1894",11,"bungalows",2
"1895",11,"carriages",2
"1896",11,"caught",2
"1897",11,"chief",2
"1898",11,"cloth",2
"1899",11,"constantly",2
"1900",11,"conversation",2
"1901",11,"customs",2
"1902",11,"day",2
"1903",11,"defiles",2
"1904",11,"direction",2
"1905",11,"domesticated",2
"1906",11,"eastern",2
"1907",11,"engineer",2
"1908",11,"entered",2
"1909",11,"eyes",2
"1910",11,"feet",2
"1911",11,"fifty",2
"1912",11,"finished",2
"1913",11,"foreseen",2
"1914",11,"forest",2
"1915",11,"forests",2
"1916",11,"gentleman",2
"1917",11,"goddess",2
"1918",11,"half",2
"1919",11,"happily",2
"1920",11,"hire",2
"1921",11,"hour",2
"1922",11,"howdahs",2
"1923",11,"hut",2
"1924",11,"isn’t",2
"1925",11,"kandallah",2
"1926",11,"khandeish",2
"1927",11,"kiouni",2
"1928",11,"leaving",2
"1929",11,"london",2
"1930",11,"looked",2
"1931",11,"lost",2
"1932",11,"mentally",2
"1933",11,"meridian",2
"1934",11,"met",2
"1935",11,"miles",2
"1936",11,"monsieur",2
"1937",11,"night",2
"1938",11,"observed",2
"1939",11,"owner",2
"1940",11,"o’clock",2
"1941",11,"palanquins",2
"1942",11,"passing",2
"1943",11,"period",2
"1944",11,"ponies",2
"1945",11,"price",2
"1946",11,"proposed",2
"1947",11,"provide",2
"1948",11,"purchase",2
"1949",11,"question",2
"1950",11,"quietly",2
"1951",11,"reach",2
"1952",11,"reached",2
"1953",11,"regulated",2
"1954",11,"rose",2
"1955",11,"saddle",2
"1956",11,"sense",2
"1957",11,"set",2
"1958",11,"sort",2
"1959",11,"sound",2
"1960",11,"started",2
"1961",11,"steamer",2
"1962",11,"succeeded",2
"1963",11,"twelve",2
"1964",11,"useless",2
"1965",11,"worthy",2
"1966",12,"alive",2
"1967",12,"arms",2
"1968",12,"avoided",2
"1969",12,"beginning",2
"1970",12,"bouncing",2
"1971",12,"brahmins",2
"1972",12,"capering",2
"1973",12,"car",2
"1974",12,"corpse",2
"1975",12,"covered",2
"1976",12,"creature",2
"1977",12,"cromarty",2
"1978",12,"cymbals",2
"1979",12,"death",2
"1980",12,"descended",2
"1981",12,"disappeared",2
"1982",12,"distance",2
"1983",12,"district",2
"1984",12,"drawn",2
"1985",12,"drop",2
"1986",12,"dry",2
"1987",12,"ears",2
"1988",12,"english",2
"1989",12,"evening",2
"1990",12,"exclaimed",2
"1991",12,"eyes",2
"1992",12,"fakirs",2
"1993",12,"forest",2
"1994",12,"goddess",2
"1995",12,"gold",2
"1996",12,"hair",2
"1997",12,"heard",2
"1998",12,"hindoo",2
"1999",12,"human",2
"2000",12,"impossible",2
"2001",12,"independent",2
"2002",12,"india",2
"2003",12,"inhabited",2
"2004",12,"iron",2
"2005",12,"led",2
"2006",12,"left",2
"2007",12,"light",2
"2008",12,"line",2
"2009",12,"lips",2
"2010",12,"midst",2
"2011",12,"monkeys",2
"2012",12,"murmur",2
"2013",12,"noon",2
"2014",12,"north",2
"2015",12,"observed",2
"2016",12,"o’clock",2
"2017",12,"pass",2
"2018",12,"passed",2
"2019",12,"peculiar",2
"2020",12,"plunged",2
"2021",12,"poor",2
"2022",12,"portion",2
"2023",12,"prevent",2
"2024",12,"prince",2
"2025",12,"reach",2
"2026",12,"received",2
"2027",12,"regular",2
"2028",12,"religious",2
"2029",12,"resumed",2
"2030",12,"robe",2
"2031",12,"round",2
"2032",12,"savage",2
"2033",12,"save",2
"2034",12,"scanty",2
"2035",12,"shrubs",2
"2036",12,"slept",2
"2037",12,"songs",2
"2038",12,"spring",2
"2039",12,"stood",2
"2040",12,"tambourines",2
"2041",12,"times",2
"2042",12,"tongue",2
"2043",12,"tree",2
"2044",12,"trees",2
"2045",12,"trunk",2
"2046",12,"twelve",2
"2047",12,"twenty",2
"2048",12,"voices",2
"2049",12,"watched",2
"2050",12,"wheels",2
"2051",12,"worthy",2
"2052",13,"abduction",2
"2053",13,"advanced",2
"2054",13,"announced",2
"2055",13,"appeared",2
"2056",13,"approached",2
"2057",13,"arms",2
"2058",13,"arose",2
"2059",13,"banks",2
"2060",13,"brick",2
"2061",13,"caused",2
"2062",13,"chance",2
"2063",13,"clouds",2
"2064",13,"covered",2
"2065",13,"crept",2
"2066",13,"cromarty",2
"2067",13,"cry",2
"2068",13,"darkness",2
"2069",13,"day",2
"2070",13,"dead",2
"2071",13,"death",2
"2072",13,"decided",2
"2073",13,"difficulty",2
"2074",13,"disappointment",2
"2075",13,"distinctly",2
"2076",13,"drunken",2
"2077",13,"elephant",2
"2078",13,"escape",2
"2079",13,"escaped",2
"2080",13,"eyes",2
"2081",13,"feet",2
"2082",13,"folly",2
"2083",13,"glade",2
"2084",13,"half",2
"2085",13,"heard",2
"2086",13,"heart",2
"2087",13,"hemp",2
"2088",13,"hour",2
"2089",13,"hours",2
"2090",13,"hundred",2
"2091",13,"idea",2
"2092",13,"impossible",2
"2093",13,"instant",2
"2094",13,"instantly",2
"2095",13,"interior",2
"2096",13,"loomed",2
"2097",13,"minutes",2
"2098",13,"multitude",2
"2099",13,"noiselessly",2
"2100",13,"quickly",2
"2101",13,"rapidly",2
"2102",13,"reached",2
"2103",13,"remained",2
"2104",13,"replied",2
"2105",13,"risk",2
"2106",13,"rush",2
"2107",13,"save",2
"2108",13,"scarcely",2
"2109",13,"seized",2
"2110",13,"smoke",2
"2111",13,"stood",2
"2112",13,"stream",2
"2113",13,"stupor",2
"2114",13,"suddenly",2
"2115",13,"thinking",2
"2116",13,"tree",2
"2117",13,"wife",2
"2118",13,"windows",2
"2119",14,"25th",2
"2120",14,"accomplished",2
"2121",14,"affair",2
"2122",14,"articles",2
"2123",14,"behar",2
"2124",14,"beneath",2
"2125",14,"black",2
"2126",14,"bombay",2
"2127",14,"built",2
"2128",14,"caught",2
"2129",14,"charming",2
"2130",14,"companions",2
"2131",14,"credit",2
"2132",14,"devotion",2
"2133",14,"dress",2
"2134",14,"dwelling",2
"2135",14,"factories",2
"2136",14,"faithful",2
"2137",14,"fort",2
"2138",14,"giving",2
"2139",14,"glimpses",2
"2140",14,"glitter",2
"2141",14,"golconda",2
"2142",14,"guide’s",2
"2143",14,"half",2
"2144",14,"hands",2
"2145",14,"heaven",2
"2146",14,"hour",2
"2147",14,"idea",2
"2148",14,"indian",2
"2149",14,"indians",2
"2150",14,"journey",2
"2151",14,"laughed",2
"2152",14,"leaving",2
"2153",14,"legends",2
"2154",14,"life",2
"2155",14,"lips",2
"2156",14,"noon",2
"2157",14,"october",2
"2158",14,"owed",2
"2159",14,"o’clock",2
"2160",14,"passing",2
"2161",14,"pay",2
"2162",14,"pillaji",2
"2163",14,"pressed",2
"2164",14,"priests",2
"2165",14,"principal",2
"2166",14,"purchased",2
"2167",14,"rash",2
"2168",14,"reached",2
"2169",14,"remain",2
"2170",14,"replied",2
"2171",14,"resumed",2
"2172",14,"returned",2
"2173",14,"save",2
"2174",14,"service",2
"2175",14,"silken",2
"2176",14,"speed",2
"2177",14,"success",2
"2178",14,"time",2
"2179",14,"tomb",2
"2180",14,"twenty",2
"2181",14,"view",2
"2182",14,"waist",2
"2183",14,"water",2
"2184",14,"waters",2
"2185",14,"white",2
"2186",15,"accused",2
"2187",15,"added",2
"2188",15,"appearance",2
"2189",15,"arrested",2
"2190",15,"bank",2
"2191",15,"board",2
"2192",15,"burn",2
"2193",15,"charge",2
"2194",15,"clerk’s",2
"2195",15,"complainants",2
"2196",15,"condemn",2
"2197",15,"conducted",2
"2198",15,"court",2
"2199",15,"days",2
"2200",15,"dear",2
"2201",15,"departure",2
"2202",15,"descend",2
"2203",15,"desk",2
"2204",15,"detained",2
"2205",15,"disappointment",2
"2206",15,"exclamation",2
"2207",15,"feet",2
"2208",15,"fine",2
"2209",15,"fix’s",2
"2210",15,"hands",2
"2211",15,"hear",2
"2212",15,"held",2
"2213",15,"hong",2
"2214",15,"hours",2
"2215",15,"imagined",2
"2216",15,"imprisonment",2
"2217",15,"kong",2
"2218",15,"lady",2
"2219",15,"leaving",2
"2220",15,"looked",2
"2221",15,"muttered",2
"2222",15,"oysterpuff",2
"2223",15,"party",2
"2224",15,"passepartout’s",2
"2225",15,"past",2
"2226",15,"proceeded",2
"2227",15,"promised",2
"2228",15,"reached",2
"2229",15,"resumed",2
"2230",15,"returned",2
"2231",15,"sacred",2
"2232",15,"sentence",2
"2233",15,"signal",2
"2234",15,"stopped",2
"2235",15,"stupefied",2
"2236",15,"surprise",2
"2237",15,"that’s",2
"2238",15,"time",2
"2239",15,"town",2
"2240",15,"train",2
"2241",15,"victim",2
"2242",15,"violated",2
"2243",15,"warrant",2
"2244",15,"week",2
"2245",15,"world",2
"2246",16,"andaman",2
"2247",16,"aouda’s",2
"2248",16,"arranged",2
"2249",16,"bengal",2
"2250",16,"cabin",2
"2251",16,"china",2
"2252",16,"country",2
"2253",16,"departure",2
"2254",16,"escape",2
"2255",16,"events",2
"2256",16,"fogg’s",2
"2257",16,"forward",2
"2258",16,"glass",2
"2259",16,"gratitude",2
"2260",16,"history",2
"2261",16,"hoped",2
"2262",16,"hours",2
"2263",16,"idea",2
"2264",16,"lady",2
"2265",16,"left",2
"2266",16,"met",2
"2267",16,"mind",2
"2268",16,"mongolia",2
"2269",16,"parsee",2
"2270",16,"presence",2
"2271",16,"protector",2
"2272",16,"replied",2
"2273",16,"round",2
"2274",16,"seas",2
"2275",16,"servant",2
"2276",16,"voyage",2
"2277",16,"word",2
"2278",16,"world",2
"2279",16,"worst",2
"2280",17,"accomplice",2
"2281",17,"agent",2
"2282",17,"america",2
"2283",17,"anxious",2
"2284",17,"aspect",2
"2285",17,"attempt",2
"2286",17,"bombay",2
"2287",17,"cabin",2
"2288",17,"captain",2
"2289",17,"chance",2
"2290",17,"china",2
"2291",17,"companion",2
"2292",17,"company",2
"2293",17,"deck",2
"2294",17,"discovered",2
"2295",17,"discovery",2
"2296",17,"engine",2
"2297",17,"evidently",2
"2298",17,"existed",2
"2299",17,"expense",2
"2300",17,"foliage",2
"2301",17,"frenchman",2
"2302",17,"half",2
"2303",17,"heart",2
"2304",17,"hurry",2
"2305",17,"laughing",2
"2306",17,"lost",2
"2307",17,"malacca",2
"2308",17,"mangoes",2
"2309",17,"met",2
"2310",17,"mind",2
"2311",17,"mountains",2
"2312",17,"mysterious",2
"2313",17,"object",2
"2314",17,"o’clock",2
"2315",17,"pepper",2
"2316",17,"plants",2
"2317",17,"preserved",2
"2318",17,"progress",2
"2319",17,"reform",2
"2320",17,"resolved",2
"2321",17,"returned",2
"2322",17,"robber",2
"2323",17,"steam",2
"2324",17,"suspected",2
"2325",17,"tigers",2
"2326",17,"travellers",2
"2327",17,"tropical",2
"2328",17,"valves",2
"2329",17,"weather",2
"2330",17,"yokohama",2
"2331",18,"6th",2
"2332",18,"boat",2
"2333",18,"boilers",2
"2334",18,"bridge",2
"2335",18,"broker",2
"2336",18,"business",2
"2337",18,"calm",2
"2338",18,"captain",2
"2339",18,"doubt",2
"2340",18,"europe",2
"2341",18,"gale",2
"2342",18,"holland",2
"2343",18,"hope",2
"2344",18,"impatience",2
"2345",18,"intrude",2
"2346",18,"journey",2
"2347",18,"lasted",2
"2348",18,"late",2
"2349",18,"leave",2
"2350",18,"longed",2
"2351",18,"master’s",2
"2352",18,"morrow",2
"2353",18,"november",2
"2354",18,"obliged",2
"2355",18,"o’clock",2
"2356",18,"pacific",2
"2357",18,"passed",2
"2358",18,"regained",2
"2359",18,"remained",2
"2360",18,"repaired",2
"2361",18,"returned",2
"2362",18,"sails",2
"2363",18,"satisfaction",2
"2364",18,"shaking",2
"2365",18,"shook",2
"2366",18,"speed",2
"2367",18,"squall",2
"2368",18,"tempest",2
"2369",18,"voyage",2
"2370",18,"wealthy",2
"2371",18,"woman",2
"2372",19,"agent",2
"2373",19,"amount",2
"2374",19,"arm",2
"2375",19,"arrested",2
"2376",19,"bad",2
"2377",19,"bah",2
"2378",19,"bank",2
"2379",19,"bold",2
"2380",19,"bottles",2
"2381",19,"caught",2
"2382",19,"companion",2
"2383",19,"conspiracy",2
"2384",19,"continued",2
"2385",19,"day",2
"2386",19,"decided",2
"2387",19,"description",2
"2388",19,"don’t",2
"2389",19,"drink",2
"2390",19,"drinking",2
"2391",19,"england",2
"2392",19,"fell",2
"2393",19,"fix’s",2
"2394",19,"fogg’s",2
"2395",19,"government",2
"2396",19,"hands",2
"2397",19,"honest",2
"2398",19,"house",2
"2399",19,"hundred",2
"2400",19,"informed",2
"2401",19,"island",2
"2402",19,"it’s",2
"2403",19,"i’ve",2
"2404",19,"japanese",2
"2405",19,"journey",2
"2406",19,"lay",2
"2407",19,"left",2
"2408",19,"liquor",2
"2409",19,"listen",2
"2410",19,"london",2
"2411",19,"macao",2
"2412",19,"master’s",2
"2413",19,"merry",2
"2414",19,"mind",2
"2415",19,"money",2
"2416",19,"narcotic",2
"2417",19,"office",2
"2418",19,"parbleu",2
"2419",19,"persons",2
"2420",19,"pockets",2
"2421",19,"pretext",2
"2422",19,"quay",2
"2423",19,"refuse",2
"2424",19,"resolved",2
"2425",19,"returned",2
"2426",19,"rose",2
"2427",19,"secured",2
"2428",19,"separated",2
"2429",19,"service",2
"2430",19,"smoking",2
"2431",19,"steamer",2
"2432",19,"streets",2
"2433",19,"tavern",2
"2434",19,"that’s",2
"2435",19,"town",2
"2436",19,"twenty",2
"2437",19,"useless",2
"2438",19,"victoria",2
"2439",19,"wager",2
"2440",19,"war",2
"2441",19,"warrant",2
"2442",19,"yellow",2
"2443",20,"added",2
"2444",20,"advantage",2
"2445",20,"answer",2
"2446",20,"appeared",2
"2447",20,"bag",2
"2448",20,"brigantine",2
"2449",20,"capable",2
"2450",20,"carpet",2
"2451",20,"chance",2
"2452",20,"chinese",2
"2453",20,"craft",2
"2454",20,"crew",2
"2455",20,"directed",2
"2456",20,"docks",2
"2457",20,"earnest",2
"2458",20,"expected",2
"2459",20,"forced",2
"2460",20,"foresail",2
"2461",20,"francisco",2
"2462",20,"hands",2
"2463",20,"hope",2
"2464",20,"hotel",2
"2465",20,"it’s",2
"2466",20,"leaned",2
"2467",20,"left",2
"2468",20,"luggage",2
"2469",20,"money",2
"2470",20,"morning",2
"2471",20,"neat",2
"2472",20,"offer",2
"2473",20,"opium",2
"2474",20,"o’clock",2
"2475",20,"past",2
"2476",20,"provisions",2
"2477",20,"purchases",2
"2478",20,"quay",2
"2479",20,"reach",2
"2480",20,"ready",2
"2481",20,"sails",2
"2482",20,"san",2
"2483",20,"served",2
"2484",20,"sixteen",2
"2485",20,"south",2
"2486",20,"standing",2
"2487",20,"steps",2
"2488",20,"sum",2
"2489",20,"taking",2
"2490",20,"tons",2
"2491",20,"twenty",2
"2492",20,"vessels",2
"2493",20,"wide",2
"2494",20,"yesterday",2
"2495",21,"accepted",2
"2496",21,"admirably",2
"2497",21,"admit",2
"2498",21,"appeared",2
"2499",21,"ate",2
"2500",21,"attempt",2
"2501",21,"board",2
"2502",21,"boisterous",2
"2503",21,"bore",2
"2504",21,"calmer",2
"2505",21,"cannon",2
"2506",21,"capricious",2
"2507",21,"carnatic",2
"2508",21,"carried",2
"2509",21,"carry",2
"2510",21,"carrying",2
"2511",21,"chinese",2
"2512",21,"coming",2
"2513",21,"counter",2
"2514",21,"cried",2
"2515",21,"crossed",2
"2516",21,"doubt",2
"2517",21,"eat",2
"2518",21,"exhausted",2
"2519",21,"feared",2
"2520",21,"fellow",2
"2521",21,"flag",2
"2522",21,"fogg’s",2
"2523",21,"fortune",2
"2524",21,"gentleman",2
"2525",21,"happily",2
"2526",21,"held",2
"2527",21,"hong",2
"2528",21,"hope",2
"2529",21,"horizon",2
"2530",21,"hour",2
"2531",21,"imparted",2
"2532",21,"it’s",2
"2533",21,"kong",2
"2534",21,"light",2
"2535",21,"log",2
"2536",21,"looked",2
"2537",21,"master",2
"2538",21,"mouth",2
"2539",21,"northward",2
"2540",21,"november",2
"2541",21,"ocean",2
"2542",21,"passepartout",2
"2543",21,"poles",2
"2544",21,"quarters",2
"2545",21,"red",2
"2546",21,"remained",2
"2547",21,"returned",2
"2548",21,"reward",2
"2549",21,"scarcely",2
"2550",21,"seas",2
"2551",21,"season",2
"2552",21,"seated",2
"2553",21,"share",2
"2554",21,"shocks",2
"2555",21,"sight",2
"2556",21,"signal",2
"2557",21,"speak",2
"2558",21,"straits",2
"2559",21,"sun",2
"2560",21,"ten",2
"2561",21,"terrible",2
"2562",21,"thinking",2
"2563",21,"track",2
"2564",21,"united",2
"2565",21,"vessel",2
"2566",21,"visible",2
"2567",21,"voyage",2
"2568",21,"water",2
"2569",21,"waters",2
"2570",21,"west",2
"2571",21,"white",2
"2572",21,"worthy",2
"2573",22,"air",2
"2574",22,"bamboo",2
"2575",22,"bearing",2
"2576",22,"birds",2
"2577",22,"board",2
"2578",22,"call",2
"2579",22,"carrying",2
"2580",22,"cedar",2
"2581",22,"crossed",2
"2582",22,"custom",2
"2583",22,"day",2
"2584",22,"detective",2
"2585",22,"determined",2
"2586",22,"emperor",2
"2587",22,"english",2
"2588",22,"entered",2
"2589",22,"european",2
"2590",22,"fault",2
"2591",22,"fellow",2
"2592",22,"fix’s",2
"2593",22,"frenchman",2
"2594",22,"hours",2
"2595",22,"idea",2
"2596",22,"islands",2
"2597",22,"lady",2
"2598",22,"list",2
"2599",22,"lit",2
"2600",22,"looked",2
"2601",22,"mail",2
"2602",22,"master’s",2
"2603",22,"meat",2
"2604",22,"military",2
"2605",22,"missed",2
"2606",22,"morning",2
"2607",22,"native",2
"2608",22,"officers",2
"2609",22,"passenger",2
"2610",22,"passengers",2
"2611",22,"playing",2
"2612",22,"police",2
"2613",22,"poor",2
"2614",22,"port",2
"2615",22,"priests",2
"2616",22,"puffing",2
"2617",22,"quay",2
"2618",22,"quiet",2
"2619",22,"round",2
"2620",22,"sacred",2
"2621",22,"sea",2
"2622",22,"seat",2
"2623",22,"silken",2
"2624",22,"singular",2
"2625",22,"staggering",2
"2626",22,"till",2
"2627",22,"time",2
"2628",22,"unconscious",2
"2629",22,"wandered",2
"2630",22,"white",2
"2631",22,"wild",2
"2632",22,"yeddo",2
"2633",23,"acrobats",2
"2634",23,"adorned",2
"2635",23,"aid",2
"2636",23,"american",2
"2637",23,"announced",2
"2638",23,"aouda",2
"2639",23,"appendages",2
"2640",23,"artists",2
"2641",23,"attraction",2
"2642",23,"audience",2
"2643",23,"bamboo",2
"2644",23,"base",2
"2645",23,"can’t",2
"2646",23,"clothes",2
"2647",23,"company",2
"2648",23,"cook",2
"2649",23,"deafening",2
"2650",23,"eat",2
"2651",23,"edges",2
"2652",23,"english",2
"2653",23,"equilibrists",2
"2654",23,"european",2
"2655",23,"executed",2
"2656",23,"exercises",2
"2657",23,"exhibition",2
"2658",23,"fastened",2
"2659",23,"fell",2
"2660",23,"foreign",2
"2661",23,"found",2
"2662",23,"francisco",2
"2663",23,"french",2
"2664",23,"giving",2
"2665",23,"god",2
"2666",23,"grimaces",2
"2667",23,"gymnasts",2
"2668",23,"half",2
"2669",23,"head",2
"2670",23,"hour",2
"2671",23,"idea",2
"2672",23,"immense",2
"2673",23,"juggernaut",2
"2674",23,"ladders",2
"2675",23,"lay",2
"2676",23,"leave",2
"2677",23,"left",2
"2678",23,"master",2
"2679",23,"monument",2
"2680",23,"morning",2
"2681",23,"native",2
"2682",23,"occurred",2
"2683",23,"orchestra",2
"2684",23,"o’clock",2
"2685",23,"pacific",2
"2686",23,"passed",2
"2687",23,"performances",2
"2688",23,"performed",2
"2689",23,"performing",2
"2690",23,"pipe",2
"2691",23,"poor",2
"2692",23,"project",2
"2693",23,"quarter",2
"2694",23,"replied",2
"2695",23,"san",2
"2696",23,"sell",2
"2697",23,"spectators",2
"2698",23,"streets",2
"2699",23,"stretched",2
"2700",23,"strong",2
"2701",23,"sun",2
"2702",23,"tam",2
"2703",23,"tambourines",2
"2704",23,"tams",2
"2705",23,"theatre",2
"2706",23,"whirling",2
"2707",23,"william",2
"2708",23,"world",2
"2709",24,"aden",2
"2710",24,"adversary",2
"2711",24,"americans",2
"2712",24,"aouda’s",2
"2713",24,"arrest",2
"2714",24,"bring",2
"2715",24,"calm",2
"2716",24,"carnatic",2
"2717",24,"change",2
"2718",24,"company",2
"2719",24,"convinced",2
"2720",24,"countries",2
"2721",24,"deck",2
"2722",24,"difference",2
"2723",24,"effect",2
"2724",24,"eightieth",2
"2725",24,"evening",2
"2726",24,"exhausted",2
"2727",24,"expected",2
"2728",24,"fellow",2
"2729",24,"fifty",2
"2730",24,"fix’s",2
"2731",24,"follow",2
"2732",24,"french",2
"2733",24,"frenchman",2
"2734",24,"friends",2
"2735",24,"game",2
"2736",24,"ground",2
"2737",24,"hands",2
"2738",24,"honest",2
"2739",24,"hours",2
"2740",24,"justified",2
"2741",24,"learned",2
"2742",24,"leaving",2
"2743",24,"lost",2
"2744",24,"master",2
"2745",24,"meridian",2
"2746",24,"meridians",2
"2747",24,"miles",2
"2748",24,"moon",2
"2749",24,"morning",2
"2750",24,"nose",2
"2751",24,"obstacles",2
"2752",24,"o’clock",2
"2753",24,"pacific",2
"2754",24,"paddles",2
"2755",24,"position",2
"2756",24,"pounds",2
"2757",24,"quietly",2
"2758",24,"reached",2
"2759",24,"recognised",2
"2760",24,"replied",2
"2761",24,"rod",2
"2762",24,"rogue",2
"2763",24,"servant",2
"2764",24,"shanghai",2
"2765",24,"simply",2
"2766",24,"singapore",2
"2767",24,"sort",2
"2768",24,"sun",2
"2769",24,"tankadere",2
"2770",24,"tour",2
"2771",24,"twelve",2
"2772",24,"voyage",2
"2773",24,"world",2
"2774",25,"agitated",2
"2775",25,"appeared",2
"2776",25,"arm",2
"2777",25,"armed",2
"2778",25,"arose",2
"2779",25,"band",2
"2780",25,"banners",2
"2781",25,"blows",2
"2782",25,"box",2
"2783",25,"bruise",2
"2784",25,"chief",2
"2785",25,"chinese",2
"2786",25,"colonel",2
"2787",25,"consulate",2
"2788",25,"continent",2
"2789",25,"countenance",2
"2790",25,"cries",2
"2791",25,"day",2
"2792",25,"disappeared",2
"2793",25,"doubt",2
"2794",25,"election",2
"2795",25,"england",2
"2796",25,"english",2
"2797",25,"englishman",2
"2798",25,"entire",2
"2799",25,"europe",2
"2800",25,"excited",2
"2801",25,"flags",2
"2802",25,"flew",2
"2803",25,"flight",2
"2804",25,"floating",2
"2805",25,"foot",2
"2806",25,"hats",2
"2807",25,"hip",2
"2808",25,"honour",2
"2809",25,"honourable",2
"2810",25,"hour",2
"2811",25,"houses",2
"2812",25,"left",2
"2813",25,"london",2
"2814",25,"loud",2
"2815",25,"midst",2
"2816",25,"multitude",2
"2817",25,"observed",2
"2818",25,"omnibuses",2
"2819",25,"pacific",2
"2820",25,"pleasant",2
"2821",25,"position",2
"2822",25,"proceeded",2
"2823",25,"proctor",2
"2824",25,"products",2
"2825",25,"quarter",2
"2826",25,"quays",2
"2827",25,"question",2
"2828",25,"raised",2
"2829",25,"reaching",2
"2830",25,"red",2
"2831",25,"reply",2
"2832",25,"rising",2
"2833",25,"shouts",2
"2834",25,"silk",2
"2835",25,"sir",2
"2836",25,"smiled",2
"2837",25,"started",2
"2838",25,"station",2
"2839",25,"surprise",2
"2840",25,"tide",2
"2841",25,"told",2
"2842",25,"upper",2
"2843",25,"walks",2
"2844",25,"weapons",2
"2845",25,"windows",2
"2846",25,"york",2
"2847",26,"accomplished",2
"2848",26,"bellowings",2
"2849",26,"branch",2
"2850",26,"branches",2
"2851",26,"central",2
"2852",26,"cold",2
"2853",26,"country",2
"2854",26,"curious",2
"2855",26,"dam",2
"2856",26,"day",2
"2857",26,"days",2
"2858",26,"defiles",2
"2859",26,"delay",2
"2860",26,"dormitory",2
"2861",26,"eastward",2
"2862",26,"enable",2
"2863",26,"engineer",2
"2864",26,"fast",2
"2865",26,"fine",2
"2866",26,"forty",2
"2867",26,"found",2
"2868",26,"half",2
"2869",26,"horizon",2
"2870",26,"junction",2
"2871",26,"laid",2
"2872",26,"leaving",2
"2873",26,"left",2
"2874",26,"lines",2
"2875",26,"mile",2
"2876",26,"minutes",2
"2877",26,"mormons",2
"2878",26,"mountain",2
"2879",26,"night",2
"2880",26,"ocean",2
"2881",26,"ogden",2
"2882",26,"overcome",2
"2883",26,"passengers",2
"2884",26,"passes",2
"2885",26,"phileas",2
"2886",26,"prairies",2
"2887",26,"procession",2
"2888",26,"railroad",2
"2889",26,"ranks",2
"2890",26,"region",2
"2891",26,"remained",2
"2892",26,"route",2
"2893",26,"run",2
"2894",26,"running",2
"2895",26,"seat",2
"2896",26,"seats",2
"2897",26,"sierra",2
"2898",26,"sleep",2
"2899",26,"smoke",2
"2900",26,"stop",2
"2901",26,"supplied",2
"2902",26,"taking",2
"2903",26,"territory",2
"2904",26,"thousand",2
"2905",26,"thrown",2
"2906",26,"trains",2
"2907",26,"transformed",2
"2908",26,"united",2
"2909",26,"valley",2
"2910",26,"vast",2
"2911",26,"wait",2
"2912",27,"acacias",2
"2913",27,"american",2
"2914",27,"annals",2
"2915",27,"approached",2
"2916",27,"attend",2
"2917",27,"audience",2
"2918",27,"banks",2
"2919",27,"brother",2
"2920",27,"cities",2
"2921",27,"congress",2
"2922",27,"country",2
"2923",27,"cries",2
"2924",27,"day",2
"2925",27,"doubt",2
"2926",27,"easterly",2
"2927",27,"extent",2
"2928",27,"feet",2
"2929",27,"fogg",2
"2930",27,"founded",2
"2931",27,"government",2
"2932",27,"happily",2
"2933",27,"hours",2
"2934",27,"houses",2
"2935",27,"illinois",2
"2936",27,"independent",2
"2937",27,"junior",2
"2938",27,"justice",2
"2939",27,"learned",2
"2940",27,"marry",2
"2941",27,"missionary",2
"2942",27,"missouri",2
"2943",27,"mormonism",2
"2944",27,"nauvoo",2
"2945",27,"notice",2
"2946",27,"ogden",2
"2947",27,"ohio",2
"2948",27,"party",2
"2949",27,"persecutions",2
"2950",27,"person",2
"2951",27,"personage",2
"2952",27,"plant",2
"2953",27,"reduced",2
"2954",27,"related",2
"2955",27,"replied",2
"2956",27,"seats",2
"2957",27,"short",2
"2958",27,"silk",2
"2959",27,"single",2
"2960",27,"station",2
"2961",27,"story",2
"2962",27,"strange",2
"2963",27,"streets",2
"2964",27,"subjected",2
"2965",27,"temple",2
"2966",27,"territory",2
"2967",27,"thirty",2
"2968",27,"trains",2
"2969",27,"united",2
"2970",27,"ventured",2
"2971",27,"vermont",2
"2972",27,"voice",2
"2973",27,"water",2
"2974",27,"weight",2
"2975",27,"white",2
"2976",27,"wives",2
"2977",27,"women",2
"2978",27,"words",2
"2979",28,"aboard",2
"2980",28,"added",2
"2981",28,"afraid",2
"2982",28,"appeared",2
"2983",28,"attracted",2
"2984",28,"avoid",2
"2985",28,"basin",2
"2986",28,"bitter",2
"2987",28,"bridger",2
"2988",28,"called",2
"2989",28,"cars",2
"2990",28,"completely",2
"2991",28,"condition",2
"2992",28,"covered",2
"2993",28,"days",2
"2994",28,"delay",2
"2995",28,"difficulties",2
"2996",28,"dividing",2
"2997",28,"drew",2
"2998",28,"eighty",2
"2999",28,"english",2
"3000",28,"feet",2
"3001",28,"fellow",2
"3002",28,"fogg’s",2
"3003",28,"forster",2
"3004",28,"fort",2
"3005",28,"forty",2
"3006",28,"francisco",2
"3007",28,"frenchman",2
"3008",28,"gentleman",2
"3009",28,"gentlemen",2
"3010",28,"granted",2
"3011",28,"half",2
"3012",28,"hope",2
"3013",28,"idea",2
"3014",28,"impossible",2
"3015",28,"insulted",2
"3016",28,"iron",2
"3017",28,"journey",2
"3018",28,"lake",2
"3019",28,"laying",2
"3020",28,"listened",2
"3021",28,"mountainous",2
"3022",28,"natural",2
"3023",28,"nature",2
"3024",28,"night",2
"3025",28,"north",2
"3026",28,"people",2
"3027",28,"perceive",2
"3028",28,"plain",2
"3029",28,"plan",2
"3030",28,"putting",2
"3031",28,"rapids",2
"3032",28,"reach",2
"3033",28,"reached",2
"3034",28,"reason",2
"3035",28,"region",2
"3036",28,"repeated",2
"3037",28,"ridge",2
"3038",28,"road",2
"3039",28,"rose",2
"3040",28,"salt",2
"3041",28,"san",2
"3042",28,"section",2
"3043",28,"set",2
"3044",28,"simple",2
"3045",28,"stamp",2
"3046",28,"steam",2
"3047",28,"telling",2
"3048",28,"ten",2
"3049",28,"track",2
"3050",28,"trains",2
"3051",28,"travellers",2
"3052",28,"urged",2
"3053",28,"valley",2
"3054",28,"waters",2
"3055",28,"window",2
"3056",28,"word",2
"3057",28,"worthy",2
"3058",29,"accompanied",2
"3059",29,"affair",2
"3060",29,"america",2
"3061",29,"approaching",2
"3062",29,"armed",2
"3063",29,"baggage",2
"3064",29,"bar",2
"3065",29,"brakes",2
"3066",29,"carried",2
"3067",29,"carrying",2
"3068",29,"chains",2
"3069",29,"chief",2
"3070",29,"colorado",2
"3071",29,"combatants",2
"3072",29,"continued",2
"3073",29,"convenient",2
"3074",29,"coolly",2
"3075",29,"days",2
"3076",29,"defended",2
"3077",29,"detective",2
"3078",29,"door",2
"3079",29,"ease",2
"3080",29,"eleven",2
"3081",29,"engine",2
"3082",29,"engineer",2
"3083",29,"entered",2
"3084",29,"fell",2
"3085",29,"fighting",2
"3086",29,"francisco",2
"3087",29,"game",2
"3088",29,"hour",2
"3089",29,"hurried",2
"3090",29,"insolently",2
"3091",29,"insulted",2
"3092",29,"length",2
"3093",29,"master",2
"3094",29,"mine",2
"3095",29,"months",2
"3096",29,"morning",2
"3097",29,"nights",2
"3098",29,"pale",2
"3099",29,"pass",2
"3100",29,"politely",2
"3101",29,"powerful",2
"3102",29,"railroad",2
"3103",29,"ran",2
"3104",29,"reaching",2
"3105",29,"request",2
"3106",29,"resumed",2
"3107",29,"rushed",2
"3108",29,"san",2
"3109",29,"savage",2
"3110",29,"simple",2
"3111",29,"southern",2
"3112",29,"speed",2
"3113",29,"stay",2
"3114",29,"struggle",2
"3115",29,"stunned",2
"3116",29,"succeeded",2
"3117",29,"thousand",2
"3118",29,"throwing",2
"3119",29,"tone",2
"3120",29,"travellers",2
"3121",29,"twenty",2
"3122",29,"whist",2
"3123",29,"york",2
"3124",30,"added",2
"3125",30,"approached",2
"3126",30,"approaching",2
"3127",30,"band",2
"3128",30,"calm",2
"3129",30,"carried",2
"3130",30,"cold",2
"3131",30,"colonel",2
"3132",30,"coming",2
"3133",30,"conceal",2
"3134",30,"conflict",2
"3135",30,"continue",2
"3136",30,"day",2
"3137",30,"desert",2
"3138",30,"detachment",2
"3139",30,"doubt",2
"3140",30,"east",2
"3141",30,"fellow",2
"3142",30,"fire",2
"3143",30,"fought",2
"3144",30,"francisco",2
"3145",30,"half",2
"3146",30,"hand",2
"3147",30,"hesitate",2
"3148",30,"hesitation",2
"3149",30,"horizon",2
"3150",30,"life",2
"3151",30,"lives",2
"3152",30,"living",2
"3153",30,"looked",2
"3154",30,"lose",2
"3155",30,"lost",2
"3156",30,"madam",2
"3157",30,"master",2
"3158",30,"mind",2
"3159",30,"moments",2
"3160",30,"morrow",2
"3161",30,"motionless",2
"3162",30,"o’clock",2
"3163",30,"pass",2
"3164",30,"passed",2
"3165",30,"pressed",2
"3166",30,"proctor",2
"3167",30,"pursue",2
"3168",30,"quietly",2
"3169",30,"ready",2
"3170",30,"receive",2
"3171",30,"rescue",2
"3172",30,"return",2
"3173",30,"risk",2
"3174",30,"san",2
"3175",30,"save",2
"3176",30,"separate",2
"3177",30,"sergeant",2
"3178",30,"silence",2
"3179",30,"sound",2
"3180",30,"squad",2
"3181",30,"started",2
"3182",30,"steam",2
"3183",30,"step",2
"3184",30,"stifled",2
"3185",30,"stoker",2
"3186",30,"stopped",2
"3187",30,"tears",2
"3188",30,"thirty",2
"3189",30,"till",2
"3190",30,"understood",2
"3191",30,"waiting",2
"3192",30,"whistles",2
"3193",31,"air",2
"3194",31,"arrived",2
"3195",31,"bank",2
"3196",31,"birds",2
"3197",31,"breeze",2
"3198",31,"brigantine",2
"3199",31,"checked",2
"3200",31,"chords",2
"3201",31,"cloaks",2
"3202",31,"detective",2
"3203",31,"eleven",2
"3204",31,"england",2
"3205",31,"entered",2
"3206",31,"favourable",2
"3207",31,"firmly",2
"3208",31,"force",2
"3209",31,"forget",2
"3210",31,"forty",2
"3211",31,"frame",2
"3212",31,"front",2
"3213",31,"happened",2
"3214",31,"hardened",2
"3215",31,"hoisted",2
"3216",31,"howling",2
"3217",31,"hundred",2
"3218",31,"iowa",2
"3219",31,"lake",2
"3220",31,"leave",2
"3221",31,"leaves",2
"3222",31,"master",2
"3223",31,"metallic",2
"3224",31,"morning",2
"3225",31,"nebraska",2
"3226",31,"night",2
"3227",31,"offer",2
"3228",31,"pacific",2
"3229",31,"past",2
"3230",31,"perceived",2
"3231",31,"prairie",2
"3232",31,"proposed",2
"3233",31,"ran",2
"3234",31,"refused",2
"3235",31,"return",2
"3236",31,"road",2
"3237",31,"rock",2
"3238",31,"route",2
"3239",31,"safe",2
"3240",31,"sail",2
"3241",31,"servant",2
"3242",31,"slid",2
"3243",31,"sped",2
"3244",31,"start",2
"3245",31,"straight",2
"3246",31,"town",2
"3247",31,"travellers",2
"3248",31,"traversed",2
"3249",31,"vast",2
"3250",31,"white",2
"3251",31,"wolves",2
"3252",32,"12th",2
"3253",32,"admirable",2
"3254",32,"anchored",2
"3255",32,"apiece",2
"3256",32,"bank",2
"3257",32,"carry",2
"3258",32,"cross",2
"3259",32,"depart",2
"3260",32,"departure",2
"3261",32,"england",2
"3262",32,"fix",2
"3263",32,"fogg’s",2
"3264",32,"found",2
"3265",32,"freight",2
"3266",32,"havre",2
"3267",32,"hope",2
"3268",32,"hotel",2
"3269",32,"hour",2
"3270",32,"hudson",2
"3271",32,"hundred",2
"3272",32,"immense",2
"3273",32,"leaving",2
"3274",32,"left",2
"3275",32,"morning",2
"3276",32,"nicholas",2
"3277",32,"overwhelmed",2
"3278",32,"owners",2
"3279",32,"o’clock",2
"3280",32,"party",2
"3281",32,"quarter",2
"3282",32,"reached",2
"3283",32,"replied",2
"3284",32,"return",2
"3285",32,"simply",2
"3286",32,"transatlantic",2
"3287",33,"accomplished",2
"3288",33,"added",2
"3289",33,"affair",2
"3290",33,"agreed",2
"3291",33,"amazed",2
"3292",33,"apoplectic",2
"3293",33,"arrest",2
"3294",33,"banknotes",2
"3295",33,"boat",2
"3296",33,"boisterous",2
"3297",33,"bordeaux",2
"3298",33,"bunks",2
"3299",33,"carry",2
"3300",33,"command",2
"3301",33,"counted",2
"3302",33,"cries",2
"3303",33,"cut",2
"3304",33,"detective",2
"3305",33,"engine",2
"3306",33,"feared",2
"3307",33,"furnaces",2
"3308",33,"hand",2
"3309",33,"happened",2
"3310",33,"harbour",2
"3311",33,"hour",2
"3312",33,"hulk",2
"3313",33,"irish",2
"3314",33,"iron",2
"3315",33,"island",2
"3316",33,"left",2
"3317",33,"mails",2
"3318",33,"maintain",2
"3319",33,"master",2
"3320",33,"masts",2
"3321",33,"moments",2
"3322",33,"passenger",2
"3323",33,"passing",2
"3324",33,"past",2
"3325",33,"pirate",2
"3326",33,"poor",2
"3327",33,"position",2
"3328",33,"quarter",2
"3329",33,"reach",2
"3330",33,"rise",2
"3331",33,"sailors",2
"3332",33,"scarcely",2
"3333",33,"short",2
"3334",33,"sixty",2
"3335",33,"south",2
"3336",33,"speak",2
"3337",33,"speed",2
"3338",33,"start",2
"3339",33,"stealing",2
"3340",33,"steamers",2
"3341",33,"stern",2
"3342",33,"stokers",2
"3343",33,"tide",2
"3344",33,"transatlantic",2
"3345",33,"true",2
"3346",33,"understood",2
"3347",33,"vessel’s",2
"3348",33,"water",2
"3349",33,"winter",2
"3350",33,"wood",2
"3351",33,"worth",2
"3352",34,"21st",2
"3353",34,"arrest",2
"3354",34,"clocks",2
"3355",34,"club",2
"3356",34,"day",2
"3357",34,"december",2
"3358",34,"drew",2
"3359",34,"english",2
"3360",34,"event",2
"3361",34,"force",2
"3362",34,"found",2
"3363",34,"free",2
"3364",34,"hand",2
"3365",34,"honest",2
"3366",34,"left",2
"3367",34,"observed",2
"3368",34,"past",2
"3369",34,"rapid",2
"3370",34,"reach",2
"3371",34,"reform",2
"3372",34,"robber",2
"3373",34,"ruined",2
"3374",34,"sat",2
"3375",34,"sir",2
"3376",34,"special",2
"3377",34,"struck",2
"3378",34,"terrible",2
"3379",34,"thirty",2
"3380",34,"till",2
"3381",34,"true",2
"3382",34,"walked",2
"3383",34,"watch",2
"3384",34,"wept",2
"3385",34,"word",2
"3386",35,"affairs",2
"3387",35,"amount",2
"3388",35,"appearance",2
"3389",35,"appeared",2
"3390",35,"barings",2
"3391",35,"breakfast",2
"3392",35,"bring",2
"3393",35,"bringing",2
"3394",35,"club",2
"3395",35,"comfort",2
"3396",35,"cried",2
"3397",35,"decided",2
"3398",35,"detective",2
"3399",35,"england",2
"3400",35,"expense",2
"3401",35,"fix",2
"3402",35,"fortune",2
"3403",35,"friend",2
"3404",35,"gas",2
"3405",35,"half",2
"3406",35,"home",2
"3407",35,"influence",2
"3408",35,"instant",2
"3409",35,"late",2
"3410",35,"love",2
"3411",35,"minutes",2
"3412",35,"misfortune",2
"3413",35,"night",2
"3414",35,"owed",2
"3415",35,"pensive",2
"3416",35,"perfect",2
"3417",35,"reform",2
"3418",35,"relatives",2
"3419",35,"remain",2
"3420",35,"sat",2
"3421",35,"set",2
"3422",35,"shut",2
"3423",35,"speaking",2
"3424",35,"thousand",2
"3425",35,"told",2
"3426",35,"twenty",2
"3427",35,"understood",2
"3428",35,"visible",2
"3429",35,"wager",2
"3430",35,"woman",2
"3431",36,"17th",2
"3432",36,"agreed",2
"3433",36,"albemarle",2
"3434",36,"america",2
"3435",36,"anxiety",2
"3436",36,"appeared",2
"3437",36,"arrive",2
"3438",36,"beat",2
"3439",36,"bets",2
"3440",36,"bonds",2
"3441",36,"change",2
"3442",36,"counted",2
"3443",36,"cry",2
"3444",36,"day",2
"3445",36,"eccentric",2
"3446",36,"eyes",2
"3447",36,"fallentin",2
"3448",36,"fifty",2
"3449",36,"gentleman",2
"3450",36,"heard",2
"3451",36,"james",2
"3452",36,"journey",2
"3453",36,"lord",2
"3454",36,"lost",2
"3455",36,"minute",2
"3456",36,"past",2
"3457",36,"pendulum",2
"3458",36,"players",2
"3459",36,"punctuality",2
"3460",36,"received",2
"3461",36,"rose",2
"3462",36,"route",2
"3463",36,"samuel",2
"3464",36,"saturday",2
"3465",36,"ten",2
"3466",36,"train",2
"3467",36,"voice",2
"3468",36,"wager",2
"3469",36,"won",2
"3470",37,"arrived",2
"3471",37,"carriages",2
"3472",37,"club",2
"3473",37,"crossed",2
"3474",37,"dear",2
"3475",37,"direction",2
"3476",37,"door",2
"3477",37,"eastward",2
"3478",37,"eighty",2
"3479",37,"evening",2
"3480",37,"found",2
"3481",37,"gentleman",2
"3482",37,"house",2
"3483",37,"india",2
"3484",37,"matter",2
"3485",37,"meridian",2
"3486",37,"morrow",2
"3487",37,"nineteen",2
"3488",37,"pass",2
"3489",37,"passepartout’s",2
"3490",37,"past",2
"3491",37,"reached",2
"3492",37,"reform",2
"3493",37,"run",2
"3494",37,"samuel",2
"3495",37,"saved",2
"3496",37,"seventy",2
"3497",37,"sixty",2
"3498",37,"sun",2
"3499",37,"sunday",2
"3500",37,"tour",2
"3501",37,"wager",2
"3502",37,"woman",2
"3503",1,"a.m",1
"3504",1,"abolishing",1
"3505",1,"absented",1
"3506",1,"account",1
"3507",1,"admission",1
"3508",1,"ago",1
"3509",1,"aided",1
"3510",1,"american",1
"3511",1,"anonymously",1
"3512",1,"apartment",1
"3513",1,"appeared",1
"3514",1,"apply",1
"3515",1,"aptness",1
"3516",1,"armchair",1
"3517",1,"artisan’s",1
"3518",1,"arts",1
"3519",1,"assisted",1
"3520",1,"association",1
"3521",1,"attention",1
"3522",1,"attracting",1
"3523",1,"automatic",1
"3524",1,"avaricious",1
"3525",1,"avoid",1
"3526",1,"awaiting",1
"3527",1,"bank",1
"3528",1,"barings",1
"3529",1,"bearded",1
"3530",1,"bed",1
"3531",1,"belonged",1
"3532",1,"bench",1
"3533",1,"benevolent",1
"3534",1,"beverages",1
"3535",1,"blondin",1
"3536",1,"blue",1
"3537",1,"body",1
"3538",1,"bowed",1
"3539",1,"bringing",1
"3540",1,"burlington",1
"3541",1,"business",1
"3542",1,"buttery",1
"3543",1,"byronic",1
"3544",1,"capital",1
"3545",1,"chambers",1
"3546",1,"chancery",1
"3547",1,"change",1
"3548",1,"charities",1
"3549",1,"cheques",1
"3550",1,"children",1
"3551",1,"chose",1
"3552",1,"cinnamon",1
"3553",1,"circular",1
"3554",1,"circus",1
"3555",1,"city",1
"3556",1,"claret",1
"3557",1,"clock",1
"3558",1,"close",1
"3559",1,"clung",1
"3560",1,"coats",1
"3561",1,"columns",1
"3562",1,"comfortable",1
"3563",1,"communicative",1
"3564",1,"complicated",1
"3565",1,"conditions",1
"3566",1,"confessed",1
"3567",1,"congenial",1
"3568",1,"conjectures",1
"3569",1,"contained",1
"3570",1,"contest",1
"3571",1,"contrary",1
"3572",1,"cooled",1
"3573",1,"corrected",1
"3574",1,"cost",1
"3575",1,"counting",1
"3576",1,"courts",1
"3577",1,"credit",1
"3578",1,"crowd",1
"3579",1,"curious",1
"3580",1,"current",1
"3581",1,"dairy",1
"3582",1,"dance",1
"3583",1,"days",1
"3584",1,"decanters",1
"3585",1,"declared",1
"3586",1,"degrees",1
"3587",1,"deliberations",1
"3588",1,"demand",1
"3589",1,"departing",1
"3590",1,"depths",1
"3591",1,"died",1
"3592",1,"difficulty",1
"3593",1,"docks",1
"3594",1,"dome",1
"3595",1,"doubtful",1
"3596",1,"drawing",1
"3597",1,"dress",1
"3598",1,"due",1
"3599",1,"eccentric",1
"3600",1,"eccentricity",1
"3601",1,"ecclesiastical",1
"3602",1,"employment",1
"3603",1,"england",1
"3604",1,"english",1
"3605",1,"englishman",1
"3606",1,"enigmatical",1
"3607",1,"enormous",1
"3608",1,"entered",1
"3609",1,"entomologists",1
"3610",1,"entrance",1
"3611",1,"erect",1
"3612",1,"error",1
"3613",1,"events",1
"3614",1,"exact",1
"3615",1,"exceedingly",1
"3616",1,"exchequer",1
"3617",1,"exclusive",1
"3618",1,"eyes",1
"3619",1,"fahrenheit",1
"3620",1,"fairly",1
"3621",1,"familiarly",1
"3622",1,"farmer",1
"3623",1,"favoured",1
"3624",1,"feet",1
"3625",1,"finding",1
"3626",1,"finest",1
"3627",1,"fire",1
"3628",1,"fireman",1
"3629",1,"fixed",1
"3630",1,"flooring",1
"3631",1,"flush",1
"3632",1,"forgetting",1
"3633",1,"fortune",1
"3634",1,"founded",1
"3635",1,"france",1
"3636",1,"frenchman",1
"3637",1,"friends",1
"3638",1,"fund",1
"3639",1,"gallery",1
"3640",1,"gardens",1
"3641",1,"gifted",1
"3642",1,"gravest",1
"3643",1,"gray’s",1
"3644",1,"grenadier",1
"3645",1,"growing",1
"3646",1,"guest",1
"3647",1,"gymnastics",1
"3648",1,"habit",1
"3649",1,"hall",1
"3650",1,"hand",1
"3651",1,"hands",1
"3652",1,"happen",1
"3653",1,"harmonic",1
"3654",1,"harmonised",1
"3655",1,"hat",1
"3656",1,"hear",1
"3657",1,"hearing",1
"3658",1,"home",1
"3659",1,"honoured",1
"3660",1,"hope",1
"3661",1,"ice",1
"3662",1,"illumined",1
"3663",1,"imagine",1
"3664",1,"impossible",1
"3665",1,"information",1
"3666",1,"inns",1
"3667",1,"insects",1
"3668",1,"intimate",1
"3669",1,"ionic",1
"3670",1,"itinerant",1
"3671",1,"it’s",1
"3672",1,"i’m",1
"3673",1,"john",1
"3674",1,"justify",1
"3675",1,"kingdom",1
"3676",1,"kitchens",1
"3677",1,"knees",1
"3678",1,"lakes",1
"3679",1,"lavish",1
"3680",1,"learned",1
"3681",1,"left",1
"3682",1,"leotard",1
"3683",1,"lincoln’s",1
"3684",1,"linen",1
"3685",1,"living",1
"3686",1,"londoner",1
"3687",1,"luckless",1
"3688",1,"manner",1
"3689",1,"mansion",1
"3690",1,"manufacturer",1
"3691",1,"master",1
"3692",1,"mathematically",1
"3693",1,"matter",1
"3694",1,"meals",1
"3695",1,"mention",1
"3696",1,"merchant",1
"3697",1,"midnight",1
"3698",1,"money",1
"3699",1,"months",1
"3700",1,"mosaic",1
"3701",1,"motion",1
"3702",1,"motionless",1
"3703",1,"mould",1
"3704",1,"mysterious",1
"3705",1,"natural",1
"3706",1,"nature",1
"3707",1,"newcomer",1
"3708",1,"noble",1
"3709",1,"noticeable",1
"3710",1,"numerous",1
"3711",1,"observation",1
"3712",1,"occupant",1
"3713",1,"outspoken",1
"3714",1,"owner",1
"3715",1,"paid",1
"3716",1,"painted",1
"3717",1,"pantries",1
"3718",1,"papers",1
"3719",1,"parade",1
"3720",1,"pardon",1
"3721",1,"paris",1
"3722",1,"passed",1
"3723",1,"pastimes",1
"3724",1,"penetrated",1
"3725",1,"pernicious",1
"3726",1,"person",1
"3727",1,"personage",1
"3728",1,"played",1
"3729",1,"pleases",1
"3730",1,"pocket",1
"3731",1,"polished",1
"3732",1,"porcelain",1
"3733",1,"porphyry",1
"3734",1,"port",1
"3735",1,"predecessor",1
"3736",1,"predictions",1
"3737",1,"pretend",1
"3738",1,"probabilities",1
"3739",1,"professor",1
"3740",1,"proffered",1
"3741",1,"prompt",1
"3742",1,"public",1
"3743",1,"purse",1
"3744",1,"puzzled",1
"3745",1,"queen’s",1
"3746",1,"quietly",1
"3747",1,"quit",1
"3748",1,"quitted",1
"3749",1,"rap",1
"3750",1,"reading",1
"3751",1,"red",1
"3752",1,"refreshingly",1
"3753",1,"regularly",1
"3754",1,"relatives",1
"3755",1,"remained",1
"3756",1,"repair",1
"3757",1,"replied",1
"3758",1,"report",1
"3759",1,"required",1
"3760",1,"resembled",1
"3761",1,"reserved",1
"3762",1,"resounded",1
"3763",1,"resources",1
"3764",1,"responded",1
"3765",1,"rest",1
"3766",1,"resting",1
"3767",1,"retire",1
"3768",1,"returned",1
"3769",1,"rich",1
"3770",1,"rider",1
"3771",1,"rope",1
"3772",1,"royal",1
"3773",1,"sage",1
"3774",1,"sake",1
"3775",1,"sciences",1
"3776",1,"scientific",1
"3777",1,"secluded",1
"3778",1,"sergeant",1
"3779",1,"serve",1
"3780",1,"served",1
"3781",1,"settled",1
"3782",1,"shaving",1
"3783",1,"sheridan",1
"3784",1,"sherry",1
"3785",1,"ships",1
"3786",1,"shoes",1
"3787",1,"short",1
"3788",1,"silent",1
"3789",1,"silver",1
"3790",1,"simple",1
"3791",1,"singer",1
"3792",1,"single",1
"3793",1,"skin",1
"3794",1,"sleeping",1
"3795",1,"soles",1
"3796",1,"sort",1
"3797",1,"sounded",1
"3798",1,"special",1
"3799",1,"spiced",1
"3800",1,"spirit",1
"3801",1,"spot",1
"3802",1,"squarely",1
"3803",1,"steadily",1
"3804",1,"step",1
"3805",1,"stores",1
"3806",1,"straight",1
"3807",1,"strange",1
"3808",1,"street",1
"3809",1,"style",1
"3810",1,"successor",1
"3811",1,"succulent",1
"3812",1,"sufficed",1
"3813",1,"suits",1
"3814",1,"sumptuous",1
"3815",1,"superhumanly",1
"3816",1,"supplied",1
"3817",1,"supported",1
"3818",1,"surname",1
"3819",1,"swan",1
"3820",1,"swarm",1
"3821",1,"sweets",1
"3822",1,"taciturn",1
"3823",1,"taking",1
"3824",1,"talents",1
"3825",1,"talked",1
"3826",1,"taste",1
"3827",1,"tastes",1
"3828",1,"temple",1
"3829",1,"ten",1
"3830",1,"thirty",1
"3831",1,"time",1
"3832",1,"toilet",1
"3833",1,"trades",1
"3834",1,"travellers",1
"3835",1,"true",1
"3836",1,"undoubtedly",1
"3837",1,"unheard",1
"3838",1,"united",1
"3839",1,"unusual",1
"3840",1,"unwearying",1
"3841",1,"valet",1
"3842",1,"vault",1
"3843",1,"viands",1
"3844",1,"voice",1
"3845",1,"waiters",1
"3846",1,"walk",1
"3847",1,"watch",1
"3848",1,"watching",1
"3849",1,"water",1
"3850",1,"wednesday",1
"3851",1,"whist",1
"3852",1,"wife",1
"3853",1,"win",1
"3854",1,"windows",1
"3855",1,"winnings",1
"3856",1,"wishing",1
"3857",1,"wits",1
"3858",1,"won",1
"3859",1,"word",1
"3860",1,"words",1
"3861",1,"youth",1
"3862",2,"a.m",1
"3863",2,"abandoned",1
"3864",2,"absolutely",1
"3865",2,"accepted",1
"3866",2,"account",1
"3867",2,"act",1
"3868",2,"action",1
"3869",2,"adventure",1
"3870",2,"afforded",1
"3871",2,"age",1
"3872",2,"agitated",1
"3873",2,"agree",1
"3874",2,"air",1
"3875",2,"alike",1
"3876",2,"amply",1
"3877",2,"ancient",1
"3878",2,"angelica",1
"3879",2,"animals",1
"3880",2,"appeared",1
"3881",2,"applied",1
"3882",2,"arms",1
"3883",2,"arranged",1
"3884",2,"arranging",1
"3885",2,"balanced",1
"3886",2,"beating",1
"3887",2,"bedchamber",1
"3888",2,"bedroom",1
"3889",2,"bells",1
"3890",2,"blue",1
"3891",2,"body",1
"3892",2,"bold",1
"3893",2,"books",1
"3894",2,"bore",1
"3895",2,"bottom",1
"3896",2,"broad",1
"3897",2,"brought",1
"3898",2,"brown",1
"3899",2,"built",1
"3900",2,"burglars",1
"3901",2,"call",1
"3902",2,"calm",1
"3903",2,"canvas",1
"3904",2,"card",1
"3905",2,"carefully",1
"3906",2,"cellar",1
"3907",2,"chagrin",1
"3908",2,"chronometer",1
"3909",2,"clean",1
"3910",2,"club",1
"3911",2,"coat",1
"3912",2,"comb",1
"3913",2,"comfort",1
"3914",2,"communication",1
"3915",2,"compact",1
"3916",2,"completed",1
"3917",2,"complexion",1
"3918",2,"composure",1
"3919",2,"comprised",1
"3920",2,"conduct",1
"3921",2,"constantly",1
"3922",2,"constructed",1
"3923",2,"cosiness",1
"3924",2,"countenance",1
"3925",2,"cut",1
"3926",2,"days",1
"3927",2,"defy",1
"3928",2,"degree",1
"3929",2,"delay",1
"3930",2,"deliberate",1
"3931",2,"depicted",1
"3932",2,"desirous",1
"3933",2,"details",1
"3934",2,"developed",1
"3935",2,"disorder",1
"3936",2,"dissipated",1
"3937",2,"domestic",1
"3938",2,"don’t",1
"3939",2,"dressing",1
"3940",2,"dunces",1
"3941",2,"economical",1
"3942",2,"eighteen",1
"3943",2,"england",1
"3944",2,"exactitude",1
"3945",2,"exercises",1
"3946",2,"experience",1
"3947",2,"expression",1
"3948",2,"expressive",1
"3949",2,"eye",1
"3950",2,"eyes",1
"3951",2,"failed",1
"3952",2,"faith",1
"3953",2,"familiar",1
"3954",2,"feet",1
"3955",2,"fellow",1
"3956",2,"fine",1
"3957",2,"fire",1
"3958",2,"flurried",1
"3959",2,"forehead",1
"3960",2,"foreseen",1
"3961",2,"forty",1
"3962",2,"friend",1
"3963",2,"garret",1
"3964",2,"gas",1
"3965",2,"gaze",1
"3966",2,"gestures",1
"3967",2,"habits",1
"3968",2,"handsome",1
"3969",2,"haymarket",1
"3970",2,"head",1
"3971",2,"hearing",1
"3972",2,"heart",1
"3973",2,"held",1
"3974",2,"honest",1
"3975",2,"houses",1
"3976",2,"human",1
"3977",2,"hung",1
"3978",2,"hunting",1
"3979",2,"hurry",1
"3980",2,"idea",1
"3981",2,"idealised",1
"3982",2,"ill",1
"3983",2,"illustrious",1
"3984",2,"impossible",1
"3985",2,"indicating",1
"3986",2,"inhabit",1
"3987",2,"instant",1
"3988",2,"interview",1
"3989",2,"invariably",1
"3990",2,"irregular",1
"3991",2,"i’ve",1
"3992",2,"joyfully",1
"3993",2,"kauffmann",1
"3994",2,"laid",1
"3995",2,"law",1
"3996",2,"leave",1
"3997",2,"left",1
"3998",2,"leroy",1
"3999",2,"libraries",1
"4000",2,"light",1
"4001",2,"lighted",1
"4002",2,"likes",1
"4003",2,"limbs",1
"4004",2,"lips",1
"4005",2,"literature",1
"4006",2,"lived",1
"4007",2,"london",1
"4008",2,"longferry",1
"4009",2,"lord",1
"4010",2,"lower",1
"4011",2,"magnificent",1
"4012",2,"mannered",1
"4013",2,"mansion",1
"4014",2,"mantel",1
"4015",2,"masters",1
"4016",2,"master’s",1
"4017",2,"means",1
"4018",2,"method",1
"4019",2,"methods",1
"4020",2,"midnight",1
"4021",2,"mild",1
"4022",2,"mind",1
"4023",2,"minerva’s",1
"4024",2,"moderate",1
"4025",2,"molière",1
"4026",2,"moment",1
"4027",2,"motions",1
"4028",2,"moved",1
"4029",2,"muscular",1
"4030",2,"muttered",1
"4031",2,"nature",1
"4032",2,"nights",1
"4033",2,"nose",1
"4034",2,"observed",1
"4035",2,"observing",1
"4036",2,"overnight",1
"4037",2,"overspread",1
"4038",2,"pair",1
"4039",2,"pale",1
"4040",2,"paris",1
"4041",2,"parisian",1
"4042",2,"parliament",1
"4043",2,"passepartout’s",1
"4044",2,"passing",1
"4045",2,"passions",1
"4046",2,"peaceable",1
"4047",2,"perfect",1
"4048",2,"perfectly",1
"4049",2,"person",1
"4050",2,"personified",1
"4051",2,"pert",1
"4052",2,"phases",1
"4053",2,"phlegmatic",1
"4054",2,"physical",1
"4055",2,"physiognomists",1
"4056",2,"pleasant",1
"4057",2,"pleased",1
"4058",2,"policemen’s",1
"4059",2,"politics",1
"4060",2,"portly",1
"4061",2,"possessed",1
"4062",2,"powers",1
"4063",2,"precisely",1
"4064",2,"predict",1
"4065",2,"programme",1
"4066",2,"protruding",1
"4067",2,"proved",1
"4068",2,"purposes",1
"4069",2,"quality",1
"4070",2,"question",1
"4071",2,"rash",1
"4072",2,"ready",1
"4073",2,"real",1
"4074",2,"received",1
"4075",2,"recognised",1
"4076",2,"regular",1
"4077",2,"regularity",1
"4078",2,"relation",1
"4079",2,"remonstrance",1
"4080",2,"represented",1
"4081",2,"respecting",1
"4082",2,"retards",1
"4083",2,"retired",1
"4084",2,"root",1
"4085",2,"rose",1
"4086",2,"round",1
"4087",2,"routine",1
"4088",2,"rubicund",1
"4089",2,"running",1
"4090",2,"safe",1
"4091",2,"satisfied",1
"4092",2,"scouring",1
"4093",2,"scrutinised",1
"4094",2,"sculptors",1
"4095",2,"searched",1
"4096",2,"season",1
"4097",2,"serviceable",1
"4098",2,"serving",1
"4099",2,"shaped",1
"4100",2,"shaving",1
"4101",2,"shell",1
"4102",2,"sheridan",1
"4103",2,"shoes",1
"4104",2,"short",1
"4105",2,"shortest",1
"4106",2,"sized",1
"4107",2,"skilfully",1
"4108",2,"smile",1
"4109",2,"snail’s",1
"4110",2,"social",1
"4111",2,"soft",1
"4112",2,"solemn",1
"4113",2,"solve",1
"4114",2,"sort",1
"4115",2,"speak",1
"4116",2,"speaking",1
"4117",2,"speech",1
"4118",2,"stayed",1
"4119",2,"step",1
"4120",2,"steps",1
"4121",2,"stories",1
"4122",2,"story",1
"4123",2,"strokes",1
"4124",2,"study",1
"4125",2,"suddenly",1
"4126",2,"sufficed",1
"4127",2,"superfluous",1
"4128",2,"supplied",1
"4129",2,"system",1
"4130",2,"taking",1
"4131",2,"talk",1
"4132",2,"tall",1
"4133",2,"taste",1
"4134",2,"taverns",1
"4135",2,"tea",1
"4136",2,"teeth",1
"4137",2,"temple",1
"4138",2,"that’ll",1
"4139",2,"that’s",1
"4140",2,"thirty",1
"4141",2,"time",1
"4142",2,"toast",1
"4143",2,"tooth",1
"4144",2,"top",1
"4145",2,"tranquil",1
"4146",2,"travelled",1
"4147",2,"tresses",1
"4148",2,"trifle",1
"4149",2,"trousers",1
"4150",2,"true",1
"4151",2,"tubes",1
"4152",2,"tumbled",1
"4153",2,"type",1
"4154",2,"unbroken",1
"4155",2,"unrest",1
"4156",2,"unwrinkled",1
"4157",2,"useless",1
"4158",2,"vagrant",1
"4159",2,"vain",1
"4160",2,"valet",1
"4161",2,"ventured",1
"4162",2,"vest",1
"4163",2,"visited",1
"4164",2,"wardrobe",1
"4165",2,"warmed",1
"4166",2,"water",1
"4167",2,"wax",1
"4168",2,"weapons",1
"4169",2,"wearing",1
"4170",2,"whimsical",1
"4171",2,"whiskers",1
"4172",2,"yearned",1
"4173",3,"21st",1
"4174",3,"2nd",1
"4175",3,"_pall",1
"4176",3,"_standard_",1
"4177",3,"_times_",1
"4178",3,"_viâ_",1
"4179",3,"absorbed",1
"4180",3,"absurd",1
"4181",3,"accidental",1
"4182",3,"accidents",1
"4183",3,"activity",1
"4184",3,"adding",1
"4185",3,"adorned",1
"4186",3,"ago",1
"4187",3,"agree",1
"4188",3,"air",1
"4189",3,"allahabad",1
"4190",3,"almanac",1
"4191",3,"america",1
"4192",3,"andrew",1
"4193",3,"annoyed",1
"4194",3,"antagonists",1
"4195",3,"apartment",1
"4196",3,"appeared",1
"4197",3,"apprehension",1
"4198",3,"argue",1
"4199",3,"arrived",1
"4200",3,"autumn",1
"4201",3,"bad",1
"4202",3,"band",1
"4203",3,"bankers",1
"4204",3,"beef",1
"4205",3,"beginning",1
"4206",3,"betrayed",1
"4207",3,"betting",1
"4208",3,"bowed",1
"4209",3,"brewer",1
"4210",3,"broiled",1
"4211",3,"broke",1
"4212",3,"burning",1
"4213",3,"calm",1
"4214",3,"calmly",1
"4215",3,"carry",1
"4216",3,"cashier",1
"4217",3,"cashier’s",1
"4218",3,"ceased",1
"4219",3,"cenis",1
"4220",3,"cent",1
"4221",3,"chances",1
"4222",3,"charged",1
"4223",3,"cheese",1
"4224",3,"cheque",1
"4225",3,"cheshire",1
"4226",3,"clever",1
"4227",3,"clubs",1
"4228",3,"coal",1
"4229",3,"colouring",1
"4230",3,"comer",1
"4231",3,"committed",1
"4232",3,"composure",1
"4233",3,"comprises",1
"4234",3,"concede",1
"4235",3,"consisted",1
"4236",3,"consulted",1
"4237",3,"consulting",1
"4238",3,"continent",1
"4239",3,"continuing",1
"4240",3,"convinced",1
"4241",3,"cost",1
"4242",3,"country",1
"4243",3,"cover",1
"4244",3,"crime",1
"4245",3,"cups",1
"4246",3,"curiosity",1
"4247",3,"customs",1
"4248",3,"dark",1
"4249",3,"dear",1
"4250",3,"december",1
"4251",3,"delay",1
"4252",3,"delicate",1
"4253",3,"departure",1
"4254",3,"depends",1
"4255",3,"deposit",1
"4256",3,"deposited",1
"4257",3,"despair",1
"4258",3,"diamonds",1
"4259",3,"dining",1
"4260",3,"directed",1
"4261",3,"directors",1
"4262",3,"discovered",1
"4263",3,"discussing",1
"4264",3,"dish",1
"4265",3,"don’t",1
"4266",3,"door",1
"4267",3,"dover",1
"4268",3,"drawing",1
"4269",3,"drawn",1
"4270",3,"dressed",1
"4271",3,"drew",1
"4272",3,"due",1
"4273",3,"eagerly",1
"4274",3,"edifice",1
"4275",3,"eleven",1
"4276",3,"emerged",1
"4277",3,"engaged",1
"4278",3,"engineer",1
"4279",3,"englishman",1
"4280",3,"entry",1
"4281",3,"examination",1
"4282",3,"examine",1
"4283",3,"exceed",1
"4284",3,"excepting",1
"4285",3,"excitement",1
"4286",3,"exclaimed",1
"4287",3,"exist",1
"4288",3,"expend",1
"4289",3,"expense",1
"4290",3,"exposed",1
"4291",3,"eyes",1
"4292",3,"familiarity",1
"4293",3,"famous",1
"4294",3,"favour",1
"4295",3,"fell",1
"4296",3,"feverish",1
"4297",3,"fifteen",1
"4298",3,"finance",1
"4299",3,"fingers",1
"4300",3,"finished",1
"4301",3,"fire",1
"4302",3,"fireplace",1
"4303",3,"fish",1
"4304",3,"flunkey",1
"4305",3,"fly",1
"4306",3,"fogg’s",1
"4307",3,"foresaw",1
"4308",3,"formed",1
"4309",3,"fortune",1
"4310",3,"found",1
"4311",3,"framed",1
"4312",3,"freely",1
"4313",3,"friends",1
"4314",3,"fro",1
"4315",3,"functionary",1
"4316",3,"garden",1
"4317",3,"garnished",1
"4318",3,"gathered",1
"4319",3,"gauthier",1
"4320",3,"gilded",1
"4321",3,"glasgow",1
"4322",3,"gooseberry",1
"4323",3,"gratings",1
"4324",3,"greatly",1
"4325",3,"grounds",1
"4326",3,"guards",1
"4327",3,"habitual",1
"4328",3,"hall",1
"4329",3,"handed",1
"4330",3,"handing",1
"4331",3,"hands",1
"4332",3,"hastened",1
"4333",3,"havre",1
"4334",3,"heaven",1
"4335",3,"he’ll",1
"4336",3,"he’s",1
"4337",3,"highly",1
"4338",3,"hindoos",1
"4339",3,"honesty",1
"4340",3,"hope",1
"4341",3,"hopeful",1
"4342",3,"hours",1
"4343",3,"house",1
"4344",3,"imposing",1
"4345",3,"impossible",1
"4346",3,"incredulous",1
"4347",3,"indian",1
"4348",3,"indians",1
"4349",3,"inspired",1
"4350",3,"instance",1
"4351",3,"interrupted",1
"4352",3,"i’d",1
"4353",3,"i’ll",1
"4354",3,"japan",1
"4355",3,"joking",1
"4356",3,"judicial",1
"4357",3,"keen",1
"4358",3,"laid",1
"4359",3,"lavishly",1
"4360",3,"leaves",1
"4361",3,"let’s",1
"4362",3,"liverpool",1
"4363",3,"loss",1
"4364",3,"low",1
"4365",3,"luggage",1
"4366",3,"maintain",1
"4367",3,"makes",1
"4368",3,"mall",1
"4369",3,"mall_",1
"4370",3,"manners",1
"4371",3,"manufacturer",1
"4372",3,"matter",1
"4373",3,"memorandum",1
"4374",3,"mercy",1
"4375",3,"messrs",1
"4376",3,"millions",1
"4377",3,"minimum",1
"4378",3,"moment",1
"4379",3,"money",1
"4380",3,"mont",1
"4381",3,"months",1
"4382",3,"morsel",1
"4383",3,"mushrooms",1
"4384",3,"narrowly",1
"4385",3,"neighbour",1
"4386",3,"newspapers",1
"4387",3,"nineteen",1
"4388",3,"notes",1
"4389",3,"observer",1
"4390",3,"occupied",1
"4391",3,"occurred",1
"4392",3,"october",1
"4393",3,"office",1
"4394",3,"officials",1
"4395",3,"operation",1
"4396",3,"o’clock",1
"4397",3,"p.m",1
"4398",3,"pack",1
"4399",3,"paintings",1
"4400",3,"pall",1
"4401",3,"paper",1
"4402",3,"papers",1
"4403",3,"parties",1
"4404",3,"partner",1
"4405",3,"partners",1
"4406",3,"party",1
"4407",3,"passengers",1
"4408",3,"past",1
"4409",3,"paying",1
"4410",3,"peninsula",1
"4411",3,"people",1
"4412",3,"persistency",1
"4413",3,"personages",1
"4414",3,"perusal",1
"4415",3,"picked",1
"4416",3,"pillage",1
"4417",3,"played",1
"4418",3,"pocket",1
"4419",3,"polished",1
"4420",3,"ponderous",1
"4421",3,"positively",1
"4422",3,"preparations",1
"4423",3,"preserve",1
"4424",3,"preserved",1
"4425",3,"princes",1
"4426",3,"prize",1
"4427",3,"probabilities",1
"4428",3,"procured",1
"4429",3,"professional",1
"4430",3,"proffered",1
"4431",3,"profit",1
"4432",3,"project",1
"4433",3,"protect",1
"4434",3,"proving",1
"4435",3,"pshaw",1
"4436",3,"public",1
"4437",3,"pull",1
"4438",3,"pursuit",1
"4439",3,"quickly",1
"4440",3,"quietly",1
"4441",3,"rails",1
"4442",3,"raised",1
"4443",3,"reached",1
"4444",3,"ready",1
"4445",3,"real",1
"4446",3,"receipt",1
"4447",3,"recovered",1
"4448",3,"registering",1
"4449",3,"relates",1
"4450",3,"remark",1
"4451",3,"repaired",1
"4452",3,"reposes",1
"4453",3,"respectable",1
"4454",3,"response",1
"4455",3,"retorted",1
"4456",3,"return",1
"4457",3,"revived",1
"4458",3,"reward",1
"4459",3,"rhubarb",1
"4460",3,"rich",1
"4461",3,"risk",1
"4462",3,"roast",1
"4463",3,"robber’s",1
"4464",3,"rose",1
"4465",3,"rothal",1
"4466",3,"rubber",1
"4467",3,"rubbers",1
"4468",3,"safe",1
"4469",3,"samuel",1
"4470",3,"sat",1
"4471",3,"saturday",1
"4472",3,"sauce",1
"4473",3,"scalp",1
"4474",3,"scarlet",1
"4475",3,"scruples",1
"4476",3,"scrutinised",1
"4477",3,"search",1
"4478",3,"section",1
"4479",3,"sharing",1
"4480",3,"shillings",1
"4481",3,"shipwrecks",1
"4482",3,"shrewd",1
"4483",3,"shut",1
"4484",3,"signed",1
"4485",3,"silver",1
"4486",3,"single",1
"4487",3,"sir",1
"4488",3,"sixpence",1
"4489",3,"skilful",1
"4490",3,"skill",1
"4491",3,"slice",1
"4492",3,"slips",1
"4493",3,"smoothly",1
"4494",3,"solemnly",1
"4495",3,"sounded",1
"4496",3,"spirits",1
"4497",3,"stake",1
"4498",3,"staked",1
"4499",3,"steadily",1
"4500",3,"steamboats",1
"4501",3,"steps",1
"4502",3,"stimulate",1
"4503",3,"stoical",1
"4504",3,"stop",1
"4505",3,"strange",1
"4506",3,"struck",1
"4507",3,"subject",1
"4508",3,"succeed",1
"4509",3,"successful",1
"4510",3,"suddenly",1
"4511",3,"suffices",1
"4512",3,"sum",1
"4513",3,"sumptuous",1
"4514",3,"supposing",1
"4515",3,"suspend",1
"4516",3,"talk",1
"4517",3,"talking",1
"4518",3,"tart",1
"4519",3,"task",1
"4520",3,"tasteful",1
"4521",3,"tea",1
"4522",3,"telegraph",1
"4523",3,"ten",1
"4524",3,"theoretically",1
"4525",3,"there’s",1
"4526",3,"thirteen",1
"4527",3,"thread",1
"4528",3,"threw",1
"4529",3,"till",1
"4530",3,"time",1
"4531",3,"tone",1
"4532",3,"total",1
"4533",3,"touching",1
"4534",3,"tour",1
"4535",3,"town",1
"4536",3,"trade",1
"4537",3,"train",1
"4538",3,"tranquil",1
"4539",3,"transferred",1
"4540",3,"treasures",1
"4541",3,"trees",1
"4542",3,"unattainable",1
"4543",3,"uncut",1
"4544",3,"unforeseen",1
"4545",3,"usual",1
"4546",3,"vain",1
"4547",3,"vans",1
"4548",3,"warn",1
"4549",3,"washed",1
"4550",3,"watching",1
"4551",3,"weather",1
"4552",3,"wednesday",1
"4553",3,"weighing",1
"4554",3,"whilst",1
"4555",3,"willingly",1
"4556",3,"win",1
"4557",3,"windows",1
"4558",3,"winds",1
"4559",3,"wishes",1
"4560",3,"zeal",1
"4561",4,"21st",1
"4562",4,"accomplished",1
"4563",4,"action",1
"4564",4,"agreed",1
"4565",4,"alas",1
"4566",4,"alms",1
"4567",4,"appearance",1
"4568",4,"appearing",1
"4569",4,"approached",1
"4570",4,"arm",1
"4571",4,"arms",1
"4572",4,"arrival",1
"4573",4,"astonishment",1
"4574",4,"bank",1
"4575",4,"bedroom",1
"4576",4,"blame",1
"4577",4,"bonnet",1
"4578",4,"bound",1
"4579",4,"box",1
"4580",4,"bradshaw’s",1
"4581",4,"bring",1
"4582",4,"burn",1
"4583",4,"buy",1
"4584",4,"bye",1
"4585",4,"cabman",1
"4586",4,"care",1
"4587",4,"carefully",1
"4588",4,"carriage",1
"4589",4,"chair",1
"4590",4,"charing",1
"4591",4,"chary",1
"4592",4,"child",1
"4593",4,"clothes",1
"4594",4,"club",1
"4595",4,"clung",1
"4596",4,"collapse",1
"4597",4,"comprehended",1
"4598",4,"conscientiously",1
"4599",4,"continental",1
"4600",4,"coolly",1
"4601",4,"copy",1
"4602",4,"corner",1
"4603",4,"covered",1
"4604",4,"cross",1
"4605",4,"crossing",1
"4606",4,"cry",1
"4607",4,"dark",1
"4608",4,"december",1
"4609",4,"despair",1
"4610",4,"domestic",1
"4611",4,"don’t",1
"4612",4,"double",1
"4613",4,"doubt",1
"4614",4,"dropped",1
"4615",4,"drove",1
"4616",4,"duties",1
"4617",4,"england",1
"4618",4,"enormous",1
"4619",4,"ensconced",1
"4620",4,"enter",1
"4621",4,"examine",1
"4622",4,"expense",1
"4623",4,"eyebrows",1
"4624",4,"falling",1
"4625",4,"feather",1
"4626",4,"feet",1
"4627",4,"fell",1
"4628",4,"fine",1
"4629",4,"fool",1
"4630",4,"foot",1
"4631",4,"forget",1
"4632",4,"forgot",1
"4633",4,"forgotten",1
"4634",4,"france",1
"4635",4,"gas",1
"4636",4,"gasped",1
"4637",4,"glad",1
"4638",4,"glided",1
"4639",4,"gold",1
"4640",4,"goodly",1
"4641",4,"grin",1
"4642",4,"guide",1
"4643",4,"guilty",1
"4644",4,"handed",1
"4645",4,"handing",1
"4646",4,"hands",1
"4647",4,"haste",1
"4648",4,"haven’t",1
"4649",4,"heart",1
"4650",4,"held",1
"4651",4,"hitherto",1
"4652",4,"home",1
"4653",4,"honour",1
"4654",4,"hung",1
"4655",4,"hurry",1
"4656",4,"inexactness",1
"4657",4,"i’ve",1
"4658",4,"joke",1
"4659",4,"journey",1
"4660",4,"judge",1
"4661",4,"jumped",1
"4662",4,"lips",1
"4663",4,"locked",1
"4664",4,"london",1
"4665",4,"lose",1
"4666",4,"master’s",1
"4667",4,"matter",1
"4668",4,"met",1
"4669",4,"mind",1
"4670",4,"modest",1
"4671",4,"moist",1
"4672",4,"moment",1
"4673",4,"mounted",1
"4674",4,"mournfully",1
"4675",4,"mud",1
"4676",4,"murmured",1
"4677",4,"muttered",1
"4678",4,"naked",1
"4679",4,"native",1
"4680",4,"night",1
"4681",4,"notes",1
"4682",4,"overcome",1
"4683",4,"overspread",1
"4684",4,"o’clock",1
"4685",4,"p.m",1
"4686",4,"packed",1
"4687",4,"pairs",1
"4688",4,"pass",1
"4689",4,"passed",1
"4690",4,"passepartout’s",1
"4691",4,"passport",1
"4692",4,"paying",1
"4693",4,"perceived",1
"4694",4,"person",1
"4695",4,"politely",1
"4696",4,"poor",1
"4697",4,"precisely",1
"4698",4,"preparations",1
"4699",4,"programme",1
"4700",4,"purchased",1
"4701",4,"puzzled",1
"4702",4,"quarter",1
"4703",4,"quiet",1
"4704",4,"ragged",1
"4705",4,"railways",1
"4706",4,"rain",1
"4707",4,"raised",1
"4708",4,"raising",1
"4709",4,"ralph",1
"4710",4,"rapidly",1
"4711",4,"ready",1
"4712",4,"recovered",1
"4713",4,"red",1
"4714",4,"remain",1
"4715",4,"repaired",1
"4716",4,"repeated",1
"4717",4,"roll",1
"4718",4,"rule",1
"4719",4,"saturday",1
"4720",4,"screamed",1
"4721",4,"seated",1
"4722",4,"sensation",1
"4723",4,"servant",1
"4724",4,"shawl",1
"4725",4,"shirts",1
"4726",4,"shoes",1
"4727",4,"shoulders",1
"4728",4,"shrouded",1
"4729",4,"shut",1
"4730",4,"slipped",1
"4731",4,"slowly",1
"4732",4,"smeared",1
"4733",4,"snugly",1
"4734",4,"soil",1
"4735",4,"speedily",1
"4736",4,"start",1
"4737",4,"steady",1
"4738",4,"steam",1
"4739",4,"steamers",1
"4740",4,"steps",1
"4741",4,"stockings",1
"4742",4,"stop",1
"4743",4,"stopped",1
"4744",4,"stout",1
"4745",4,"street",1
"4746",4,"stuart",1
"4747",4,"studied",1
"4748",4,"stupefaction",1
"4749",4,"stupefied",1
"4750",4,"suddenly",1
"4751",4,"surely",1
"4752",4,"surprised",1
"4753",4,"susceptible",1
"4754",4,"swaying",1
"4755",4,"sydenham",1
"4756",4,"tattered",1
"4757",4,"ten",1
"4758",4,"that’s",1
"4759",4,"tickets",1
"4760",4,"timetables",1
"4761",4,"touched",1
"4762",4,"transit",1
"4763",4,"traveling",1
"4764",4,"treasure",1
"4765",4,"troubled",1
"4766",4,"true",1
"4767",4,"trust",1
"4768",4,"unaccustomed",1
"4769",4,"unconsciously",1
"4770",4,"unnecessary",1
"4771",4,"uttered",1
"4772",4,"voice",1
"4773",4,"walking",1
"4774",4,"wardrobes",1
"4775",4,"watch",1
"4776",4,"weighed",1
"4777",4,"what’s",1
"4778",4,"whirling",1
"4779",4,"whistle",1
"4780",4,"wide",1
"4781",4,"word",1
"4782",4,"wretched",1
"4783",5,"7th",1
"4784",5,"_detective_",1
"4785",5,"_illustrated",1
"4786",5,"_suez",1
"4787",5,"_times",1
"4788",5,"aberration",1
"4789",5,"absolutely",1
"4790",5,"absurd",1
"4791",5,"accepted",1
"4792",5,"accidents",1
"4793",5,"accomplishing",1
"4794",5,"adventure",1
"4795",5,"advocate",1
"4796",5,"advocates",1
"4797",5,"afforded",1
"4798",5,"agreement",1
"4799",5,"alabama",1
"4800",5,"albemarle",1
"4801",5,"alike",1
"4802",5,"appearance",1
"4803",5,"argued",1
"4804",5,"arrest",1
"4805",5,"articles",1
"4806",5,"attempt",1
"4807",5,"backers",1
"4808",5,"bad",1
"4809",5,"bets",1
"4810",5,"blamed",1
"4811",5,"blocking",1
"4812",5,"boasted",1
"4813",5,"bombay",1
"4814",5,"books",1
"4815",5,"break",1
"4816",5,"business",1
"4817",5,"calculated",1
"4818",5,"chain",1
"4819",5,"chair",1
"4820",5,"change",1
"4821",5,"claim",1
"4822",5,"class",1
"4823",5,"classes",1
"4824",5,"collisions",1
"4825",5,"columns",1
"4826",5,"commissioner",1
"4827",5,"communication",1
"4828",5,"contented",1
"4829",5,"conversation",1
"4830",5,"create",1
"4831",5,"crossing",1
"4832",5,"dared",1
"4833",5,"deal",1
"4834",5,"declined",1
"4835",5,"demand",1
"4836",5,"demonstrated",1
"4837",5,"depressed",1
"4838",5,"deprived",1
"4839",5,"description",1
"4840",5,"designated",1
"4841",5,"detectives",1
"4842",5,"devoted",1
"4843",5,"devoured",1
"4844",5,"disappeared",1
"4845",5,"disputed",1
"4846",5,"distances",1
"4847",5,"dwindled",1
"4848",5,"eagerly",1
"4849",5,"effect",1
"4850",5,"elderly",1
"4851",5,"elude",1
"4852",5,"englishman",1
"4853",5,"enterprise",1
"4854",5,"espoused",1
"4855",5,"europe",1
"4856",5,"evening",1
"4857",5,"examined",1
"4858",5,"exciting",1
"4859",5,"existing",1
"4860",5,"fastened",1
"4861",5,"fatally",1
"4862",5,"feasible",1
"4863",5,"fix",1
"4864",5,"fogs",1
"4865",5,"fortune",1
"4866",5,"found",1
"4867",5,"friends",1
"4868",5,"gamblers",1
"4869",5,"gentler",1
"4870",5,"geography",1
"4871",5,"habits",1
"4872",5,"hands",1
"4873",5,"heads",1
"4874",5,"heavy",1
"4875",5,"hesitatingly",1
"4876",5,"highly",1
"4877",5,"horse",1
"4878",5,"hour",1
"4879",5,"hours",1
"4880",5,"hung",1
"4881",5,"imposed",1
"4882",5,"incident",1
"4883",5,"india",1
"4884",5,"individuals",1
"4885",5,"instantaneous",1
"4886",5,"irrevocably",1
"4887",5,"issued",1
"4888",5,"i’ve",1
"4889",5,"left",1
"4890",5,"liability",1
"4891",5,"line",1
"4892",5,"lively",1
"4893",5,"logical",1
"4894",5,"lunatic",1
"4895",5,"machinery",1
"4896",5,"madness",1
"4897",5,"majority",1
"4898",5,"means",1
"4899",5,"mental",1
"4900",5,"mercy",1
"4901",5,"mere",1
"4902",5,"minimum",1
"4903",5,"minutely",1
"4904",5,"miraculous",1
"4905",5,"misgiving",1
"4906",5,"miss",1
"4907",5,"moderate",1
"4908",5,"morning",1
"4909",5,"mysterious",1
"4910",5,"nature",1
"4911",5,"news",1
"4912",5,"newspapers",1
"4913",5,"noble",1
"4914",5,"noise",1
"4915",5,"obstacle",1
"4916",5,"occurred",1
"4917",5,"ocean",1
"4918",5,"october",1
"4919",5,"office",1
"4920",5,"o’clock",1
"4921",5,"packages",1
"4922",5,"paper",1
"4923",5,"par",1
"4924",5,"paralytic",1
"4925",5,"party",1
"4926",5,"pass",1
"4927",5,"passionate",1
"4928",5,"people",1
"4929",5,"pet",1
"4930",5,"polished",1
"4931",5,"popular",1
"4932",5,"portrait",1
"4933",5,"post_",1
"4934",5,"pounds",1
"4935",5,"premium",1
"4936",5,"pretext",1
"4937",5,"price",1
"4938",5,"principally",1
"4939",5,"project",1
"4940",5,"proposer",1
"4941",5,"provided",1
"4942",5,"public",1
"4943",5,"race",1
"4944",5,"recalled",1
"4945",5,"reckon",1
"4946",5,"rely",1
"4947",5,"render",1
"4948",5,"replying",1
"4949",5,"respectable",1
"4950",5,"rest",1
"4951",5,"rightly",1
"4952",5,"round",1
"4953",5,"royal",1
"4954",5,"run",1
"4955",5,"scouted",1
"4956",5,"send",1
"4957",5,"sensation",1
"4958",5,"set",1
"4959",5,"sex",1
"4960",5,"shook",1
"4961",5,"single",1
"4962",5,"sitting",1
"4963",5,"snow",1
"4964",5,"solitary",1
"4965",5,"spread",1
"4966",5,"standard",1
"4967",5,"steamers",1
"4968",5,"stood",1
"4969",5,"stranger",1
"4970",5,"subject",1
"4971",5,"subjects",1
"4972",5,"subside",1
"4973",5,"success",1
"4974",5,"sudden",1
"4975",5,"suffice",1
"4976",5,"supported",1
"4977",5,"suspected",1
"4978",5,"talked",1
"4979",5,"task",1
"4980",5,"telegraphic",1
"4981",5,"temperament",1
"4982",5,"theoretically",1
"4983",5,"thousand",1
"4984",5,"throw",1
"4985",5,"times",1
"4986",5,"topic",1
"4987",5,"tourist",1
"4988",5,"track",1
"4989",5,"travellers",1
"4990",5,"treated",1
"4991",5,"uncommon",1
"4992",5,"undertaking",1
"4993",5,"united",1
"4994",5,"uselessness",1
"4995",5,"utter",1
"4996",5,"vain",1
"4997",5,"venture",1
"4998",5,"wagers",1
"4999",5,"wait",1
"5000",5,"warmth",1
"5001",5,"warrant",1
"5002",5,"weather",1
"5003",5,"week",1
"5004",5,"west",1
"5005",5,"winds",1
"5006",5,"winter",1
"5007",6,"9th",1
"5008",6,"_visaed_",1
"5009",6,"a.m",1
"5010",6,"abridged",1
"5011",6,"account",1
"5012",6,"aden",1
"5013",6,"admit",1
"5014",6,"advance",1
"5015",6,"anchored",1
"5016",6,"ancient",1
"5017",6,"animated",1
"5018",6,"announced",1
"5019",6,"answer",1
"5020",6,"appearance",1
"5021",6,"appeared",1
"5022",6,"arrived",1
"5023",6,"art",1
"5024",6,"artistic",1
"5025",6,"asia",1
"5026",6,"atlantic",1
"5027",6,"awaited",1
"5028",6,"awarded",1
"5029",6,"banks",1
"5030",6,"bearer",1
"5031",6,"bespoken",1
"5032",6,"bore",1
"5033",6,"bowed",1
"5034",6,"bright",1
"5035",6,"british",1
"5036",6,"brokers",1
"5037",6,"brought",1
"5038",6,"burden",1
"5039",6,"burglars",1
"5040",6,"bustled",1
"5041",6,"busy",1
"5042",6,"can’t",1
"5043",6,"cape",1
"5044",6,"carefully",1
"5045",6,"characters",1
"5046",6,"chilly",1
"5047",6,"circumstances",1
"5048",6,"clock",1
"5049",6,"coasting",1
"5050",6,"colonies",1
"5051",6,"combines",1
"5052",6,"companion",1
"5053",6,"company’s",1
"5054",6,"concealed",1
"5055",6,"conceit",1
"5056",6,"consul’s",1
"5057",6,"contemptible",1
"5058",6,"corner",1
"5059",6,"countenances",1
"5060",6,"craft",1
"5061",6,"daily",1
"5062",6,"days",1
"5063",6,"deck",1
"5064",6,"detectives",1
"5065",6,"difficult",1
"5066",6,"discernible",1
"5067",6,"disembarked",1
"5068",6,"dispatch",1
"5069",6,"dispatched",1
"5070",6,"disturbed",1
"5071",6,"doesn’t",1
"5072",6,"dogmatically",1
"5073",6,"doubt",1
"5074",6,"dozen",1
"5075",6,"due",1
"5076",6,"dutch",1
"5077",6,"enterprise",1
"5078",6,"escaped",1
"5079",6,"establish",1
"5080",6,"examined",1
"5081",6,"exceptionally",1
"5082",6,"excess",1
"5083",6,"exclaimed",1
"5084",6,"expected",1
"5085",6,"extended",1
"5086",6,"eyebrows",1
"5087",6,"eyes",1
"5088",6,"fantastic",1
"5089",6,"fashion",1
"5090",6,"fast",1
"5091",6,"fastest",1
"5092",6,"fear",1
"5093",6,"feels",1
"5094",6,"fellow",1
"5095",6,"fetch",1
"5096",6,"feverish",1
"5097",6,"fifty",1
"5098",6,"figure",1
"5099",6,"fingers",1
"5100",6,"fishing",1
"5101",6,"fix’s",1
"5102",6,"fogg",1
"5103",6,"folks",1
"5104",6,"follow",1
"5105",6,"food",1
"5106",6,"french",1
"5107",6,"fresh",1
"5108",6,"furnished",1
"5109",6,"gained",1
"5110",6,"galleys",1
"5111",6,"gentlemen",1
"5112",6,"gigantic",1
"5113",6,"government",1
"5114",6,"growing",1
"5115",6,"hand",1
"5116",6,"handful",1
"5117",6,"headquarters",1
"5118",6,"hearing",1
"5119",6,"heavy",1
"5120",6,"he’ll",1
"5121",6,"horse",1
"5122",6,"hours",1
"5123",6,"house",1
"5124",6,"houses",1
"5125",6,"hull",1
"5126",6,"hung",1
"5127",6,"identical",1
"5128",6,"identity",1
"5129",6,"immediately",1
"5130",6,"impatient",1
"5131",6,"importunate",1
"5132",6,"incessantly",1
"5133",6,"indian",1
"5134",6,"indispensable",1
"5135",6,"inspired",1
"5136",6,"instinctively",1
"5137",6,"intelligent",1
"5138",6,"intending",1
"5139",6,"interrupted",1
"5140",6,"involuntary",1
"5141",6,"iron",1
"5142",6,"i’ve",1
"5143",6,"jetty",1
"5144",6,"keen",1
"5145",6,"knots",1
"5146",6,"landed",1
"5147",6,"late",1
"5148",6,"lesseps",1
"5149",6,"light",1
"5150",6,"loomed",1
"5151",6,"magnificent",1
"5152",6,"mails",1
"5153",6,"manifesting",1
"5154",6,"master’s",1
"5155",6,"meet",1
"5156",6,"merchants",1
"5157",6,"miles",1
"5158",6,"minarets",1
"5159",6,"moment",1
"5160",6,"motion",1
"5161",6,"narrowly",1
"5162",6,"nations",1
"5163",6,"natives",1
"5164",6,"naturally",1
"5165",6,"nervous",1
"5166",6,"nervously",1
"5167",6,"nowadays",1
"5168",6,"objected",1
"5169",6,"observation",1
"5170",6,"obtaining",1
"5171",6,"october",1
"5172",6,"oriental",1
"5173",6,"p.m",1
"5174",6,"pacing",1
"5175",6,"pale",1
"5176",6,"panorama",1
"5177",6,"passed",1
"5178",6,"passers",1
"5179",6,"past",1
"5180",6,"patience",1
"5181",6,"peering",1
"5182",6,"peninsular",1
"5183",6,"person",1
"5184",6,"personage",1
"5185",6,"phileas",1
"5186",6,"picturesque",1
"5187",6,"pier",1
"5188",6,"pleased",1
"5189",6,"plied",1
"5190",6,"police",1
"5191",6,"politely",1
"5192",6,"position",1
"5193",6,"pounds",1
"5194",6,"power",1
"5195",6,"predictions",1
"5196",6,"presence",1
"5197",6,"presentiment",1
"5198",6,"presently",1
"5199",6,"promenading",1
"5200",6,"prophecies",1
"5201",6,"pushed",1
"5202",6,"pushing",1
"5203",6,"putting",1
"5204",6,"rascally",1
"5205",6,"rays",1
"5206",6,"read",1
"5207",6,"real",1
"5208",6,"recognise",1
"5209",6,"recognises",1
"5210",6,"reflections",1
"5211",6,"regularly",1
"5212",6,"regulations",1
"5213",6,"remain",1
"5214",6,"remained",1
"5215",6,"remarked",1
"5216",6,"repeat",1
"5217",6,"replied",1
"5218",6,"required",1
"5219",6,"resemble",1
"5220",6,"rest",1
"5221",6,"retaining",1
"5222",6,"reward",1
"5223",6,"road",1
"5224",6,"roadstead",1
"5225",6,"robbers",1
"5226",6,"roundabout",1
"5227",6,"rushed",1
"5228",6,"safe",1
"5229",6,"sailors",1
"5230",6,"saturday",1
"5231",6,"scan",1
"5232",6,"scene",1
"5233",6,"scotland",1
"5234",6,"scrutinised",1
"5235",6,"search",1
"5236",6,"sense",1
"5237",6,"sharp",1
"5238",6,"shillings",1
"5239",6,"ship",1
"5240",6,"ships",1
"5241",6,"shore",1
"5242",6,"shrewd",1
"5243",6,"signs",1
"5244",6,"singular",1
"5245",6,"sixth",1
"5246",6,"slight",1
"5247",6,"slightly",1
"5248",6,"slip",1
"5249",6,"smacks",1
"5250",6,"smelling",1
"5251",6,"soil",1
"5252",6,"sojourning",1
"5253",6,"speed",1
"5254",6,"splendid",1
"5255",6,"square",1
"5256",6,"stand",1
"5257",6,"stayed",1
"5258",6,"steamers",1
"5259",6,"stephenson",1
"5260",6,"steps",1
"5261",6,"stop",1
"5262",6,"straggling",1
"5263",6,"strangers",1
"5264",6,"succeed",1
"5265",6,"success",1
"5266",6,"succession",1
"5267",6,"sun",1
"5268",6,"supply",1
"5269",6,"surprise",1
"5270",6,"suspicious",1
"5271",6,"takes",1
"5272",6,"talking",1
"5273",6,"telegraphic",1
"5274",6,"thief",1
"5275",6,"thirteen",1
"5276",6,"tinge",1
"5277",6,"tons",1
"5278",6,"twentieth",1
"5279",6,"twitching",1
"5280",6,"unable",1
"5281",6,"understand",1
"5282",6,"unfavourable",1
"5283",6,"unmask",1
"5284",6,"unmistakable",1
"5285",6,"unusual",1
"5286",6,"vigorously",1
"5287",6,"village",1
"5288",6,"watched",1
"5289",6,"weather",1
"5290",6,"wednesday",1
"5291",6,"wharves",1
"5292",6,"whistles",1
"5293",6,"windfalls",1
"5294",6,"window",1
"5295",6,"wished",1
"5296",6,"won’t",1
"5297",6,"world",1
"5298",6,"yard",1
"5299",6,"yards",1
"5300",6,"yesterday",1
"5301",6,"you’ll",1
"5302",7,"21st",1
"5303",7,"3rd",1
"5304",7,"4th",1
"5305",7,"5th",1
"5306",7,"_visaed",1
"5307",7,"account",1
"5308",7,"acts",1
"5309",7,"actual",1
"5310",7,"added",1
"5311",7,"admitted",1
"5312",7,"advance",1
"5313",7,"aiding",1
"5314",7,"annoying",1
"5315",7,"arrest",1
"5316",7,"arrivals",1
"5317",7,"arrived",1
"5318",7,"assure",1
"5319",7,"believing",1
"5320",7,"boat",1
"5321",7,"book",1
"5322",7,"bowed",1
"5323",7,"breakfast",1
"5324",7,"calcutta",1
"5325",7,"can’t",1
"5326",7,"carefully",1
"5327",7,"cenis",1
"5328",7,"coldly",1
"5329",7,"columns",1
"5330",7,"concede",1
"5331",7,"consulate",1
"5332",7,"consul’s",1
"5333",7,"corner",1
"5334",7,"countersigned",1
"5335",7,"countries",1
"5336",7,"customary",1
"5337",7,"date",1
"5338",7,"dates",1
"5339",7,"december",1
"5340",7,"descended",1
"5341",7,"description",1
"5342",7,"descriptions",1
"5343",7,"devoured",1
"5344",7,"divided",1
"5345",7,"document",1
"5346",7,"doesn’t",1
"5347",7,"domestics",1
"5348",7,"door",1
"5349",7,"englishmen",1
"5350",7,"entered",1
"5351",7,"excuse",1
"5352",7,"favour",1
"5353",7,"fee",1
"5354",7,"finish",1
"5355",7,"folks",1
"5356",7,"foreign",1
"5357",7,"francisco",1
"5358",7,"gain",1
"5359",7,"gained",1
"5360",7,"gentleman",1
"5361",7,"genuine",1
"5362",7,"giving",1
"5363",7,"half",1
"5364",7,"hand",1
"5365",7,"heard",1
"5366",7,"held",1
"5367",7,"he’s",1
"5368",7,"hong",1
"5369",7,"hope",1
"5370",7,"hours",1
"5371",7,"indicating",1
"5372",7,"inscribed",1
"5373",7,"inspecting",1
"5374",7,"interrupted",1
"5375",7,"itinerary",1
"5376",7,"i’ll",1
"5377",7,"knock",1
"5378",7,"kong",1
"5379",7,"leave",1
"5380",7,"leaving",1
"5381",7,"locality",1
"5382",7,"loss",1
"5383",7,"lost",1
"5384",7,"memoranda",1
"5385",7,"met",1
"5386",7,"methodical",1
"5387",7,"mont",1
"5388",7,"mysterious",1
"5389",7,"named",1
"5390",7,"narrated",1
"5391",7,"note",1
"5392",7,"noted",1
"5393",7,"obliged",1
"5394",7,"office",1
"5395",7,"paid",1
"5396",7,"passenger",1
"5397",7,"passports",1
"5398",7,"perfectly",1
"5399",7,"person",1
"5400",7,"phlegmatic",1
"5401",7,"possibly",1
"5402",7,"preamble",1
"5403",7,"presence",1
"5404",7,"principal",1
"5405",7,"proceeded",1
"5406",7,"prove",1
"5407",7,"queried",1
"5408",7,"question",1
"5409",7,"quietly",1
"5410",7,"rapidly",1
"5411",7,"rascal’s",1
"5412",7,"read",1
"5413",7,"reading",1
"5414",7,"reasons",1
"5415",7,"received",1
"5416",7,"record",1
"5417",7,"refuse",1
"5418",7,"repaired",1
"5419",7,"request",1
"5420",7,"required",1
"5421",7,"resembles",1
"5422",7,"rogues",1
"5423",7,"sailed",1
"5424",7,"san",1
"5425",7,"sat",1
"5426",7,"seal",1
"5427",7,"search",1
"5428",7,"sentence",1
"5429",7,"setting",1
"5430",7,"shrewd",1
"5431",7,"sign",1
"5432",7,"singapore",1
"5433",7,"space",1
"5434",7,"spent",1
"5435",7,"spoke",1
"5436",7,"started",1
"5437",7,"stipulated",1
"5438",7,"stranger",1
"5439",7,"strangers",1
"5440",7,"strong",1
"5441",7,"suffered",1
"5442",7,"suppose",1
"5443",7,"talking",1
"5444",7,"that’s",1
"5445",7,"thinking",1
"5446",7,"time",1
"5447",7,"total",1
"5448",7,"town",1
"5449",7,"traces",1
"5450",7,"useless",1
"5451",7,"warrant",1
"5452",7,"whilst",1
"5453",7,"wont",1
"5454",7,"won’t",1
"5455",7,"yokohama",1
"5456",7,"york",1
"5457",8,"_visa_",1
"5458",8,"_visaed",1
"5459",8,"advance",1
"5460",8,"affairs",1
"5461",8,"agree",1
"5462",8,"ahead",1
"5463",8,"air",1
"5464",8,"anxious",1
"5465",8,"appearances",1
"5466",8,"asia",1
"5467",8,"attention",1
"5468",8,"banknotes",1
"5469",8,"bet",1
"5470",8,"brand",1
"5471",8,"burning",1
"5472",8,"buy",1
"5473",8,"calculated",1
"5474",8,"car",1
"5475",8,"careless",1
"5476",8,"carpet",1
"5477",8,"carried",1
"5478",8,"carrying",1
"5479",8,"chaise",1
"5480",8,"champs",1
"5481",8,"character",1
"5482",8,"chatting",1
"5483",8,"chronometer",1
"5484",8,"circus",1
"5485",8,"club",1
"5486",8,"cogitating",1
"5487",8,"coming",1
"5488",8,"common",1
"5489",8,"companion",1
"5490",8,"confirmed",1
"5491",8,"consulate",1
"5492",8,"continued",1
"5493",8,"conversation",1
"5494",8,"convinced",1
"5495",8,"cool",1
"5496",8,"counts",1
"5497",8,"cried",1
"5498",8,"day",1
"5499",8,"defiant",1
"5500",8,"departure",1
"5501",8,"deuce",1
"5502",8,"dispatched",1
"5503",8,"distant",1
"5504",8,"dream",1
"5505",8,"driving",1
"5506",8,"eagerness",1
"5507",8,"earn",1
"5508",8,"eccentric",1
"5509",8,"effect",1
"5510",8,"elysées",1
"5511",8,"engineer",1
"5512",8,"english",1
"5513",8,"enormous",1
"5514",8,"entered",1
"5515",8,"equanimity",1
"5516",8,"ere",1
"5517",8,"evening",1
"5518",8,"excellent",1
"5519",8,"excited",1
"5520",8,"exclaimed",1
"5521",8,"existence",1
"5522",8,"expense",1
"5523",8,"family",1
"5524",8,"farther",1
"5525",8,"fast",1
"5526",8,"feel",1
"5527",8,"fob",1
"5528",8,"follow",1
"5529",8,"foolhardy",1
"5530",8,"forgot",1
"5531",8,"found",1
"5532",8,"friday",1
"5533",8,"friend",1
"5534",8,"gesture",1
"5535",8,"grandfather",1
"5536",8,"ground",1
"5537",8,"habits",1
"5538",8,"hastily",1
"5539",8,"hasty",1
"5540",8,"he’s",1
"5541",8,"home",1
"5542",8,"hurried",1
"5543",8,"hurry",1
"5544",8,"imagined",1
"5545",8,"impenetrable",1
"5546",8,"instantly",1
"5547",8,"journey",1
"5548",8,"journeying",1
"5549",8,"land",1
"5550",8,"learned",1
"5551",8,"leave",1
"5552",8,"listen",1
"5553",8,"listening",1
"5554",8,"lived",1
"5555",8,"lounging",1
"5556",8,"lyons",1
"5557",8,"miss",1
"5558",8,"moment",1
"5559",8,"moments",1
"5560",8,"money",1
"5561",8,"morning",1
"5562",8,"mysterious",1
"5563",8,"noble",1
"5564",8,"noon",1
"5565",8,"northern",1
"5566",8,"obliged",1
"5567",8,"odd",1
"5568",8,"offered",1
"5569",8,"passage",1
"5570",8,"passed",1
"5571",8,"passepartout’s",1
"5572",8,"passes",1
"5573",8,"past",1
"5574",8,"pay",1
"5575",8,"perfect",1
"5576",8,"phileas",1
"5577",8,"plenty",1
"5578",8,"politely",1
"5579",8,"poor",1
"5580",8,"pretext",1
"5581",8,"pretty",1
"5582",8,"probable",1
"5583",8,"proceeding",1
"5584",8,"project",1
"5585",8,"prove",1
"5586",8,"pulled",1
"5587",8,"pump",1
"5588",8,"purchases",1
"5589",8,"putting",1
"5590",8,"père",1
"5591",8,"quarter",1
"5592",8,"quarters",1
"5593",8,"quay",1
"5594",8,"rain",1
"5595",8,"reach",1
"5596",8,"reached",1
"5597",8,"recommending",1
"5598",8,"recovered",1
"5599",8,"red",1
"5600",8,"regret",1
"5601",8,"rejoined",1
"5602",8,"repaired",1
"5603",8,"repeated",1
"5604",8,"replied",1
"5605",8,"replies",1
"5606",8,"reported",1
"5607",8,"responded",1
"5608",8,"resumed",1
"5609",8,"returning",1
"5610",8,"reward",1
"5611",8,"riches",1
"5612",8,"robber",1
"5613",8,"robbery",1
"5614",8,"rode",1
"5615",8,"rogue",1
"5616",8,"send",1
"5617",8,"sense",1
"5618",8,"service",1
"5619",8,"sharp",1
"5620",8,"shillings",1
"5621",8,"shirts",1
"5622",8,"shoes",1
"5623",8,"short",1
"5624",8,"shoulder",1
"5625",8,"silence",1
"5626",8,"sixpence",1
"5627",8,"slow",1
"5628",8,"solitary",1
"5629",8,"spare",1
"5630",8,"spotted",1
"5631",8,"stations",1
"5632",8,"steam",1
"5633",8,"stick",1
"5634",8,"straight",1
"5635",8,"suspicious",1
"5636",8,"telegraph",1
"5637",8,"theory",1
"5638",8,"track",1
"5639",8,"travel",1
"5640",8,"trouble",1
"5641",8,"trunks",1
"5642",8,"understand",1
"5643",8,"uttered",1
"5644",8,"vary",1
"5645",8,"volubly",1
"5646",8,"voyage",1
"5647",8,"wager",1
"5648",8,"walked",1
"5649",8,"waters",1
"5650",8,"we’ll",1
"5651",8,"wholly",1
"5652",8,"wind",1
"5653",8,"windows",1
"5654",8,"word",1
"5655",8,"worries",1
"5656",8,"worse",1
"5657",8,"worthy",1
"5658",8,"wouldn’t",1
"5659",8,"wrong",1
"5660",9,"13th",1
"5661",9,"14th",1
"5662",9,"15th",1
"5663",9,"22nd",1
"5664",9,"_very_",1
"5665",9,"_visa_",1
"5666",9,"_visaed",1
"5667",9,"absorbing",1
"5668",9,"accept",1
"5669",9,"accomplished",1
"5670",9,"act",1
"5671",9,"adorn",1
"5672",9,"affect",1
"5673",9,"african",1
"5674",9,"agents",1
"5675",9,"aiding",1
"5676",9,"air",1
"5677",9,"alacrity",1
"5678",9,"ale",1
"5679",9,"amiable",1
"5680",9,"ancient",1
"5681",9,"anxiety",1
"5682",9,"approaching",1
"5683",9,"arabs",1
"5684",9,"army",1
"5685",9,"ashore",1
"5686",9,"asian",1
"5687",9,"assumed",1
"5688",9,"assure",1
"5689",9,"attached",1
"5690",9,"banyans",1
"5691",9,"bar",1
"5692",9,"bay",1
"5693",9,"behold",1
"5694",9,"benares",1
"5695",9,"betray",1
"5696",9,"betrayed",1
"5697",9,"billows",1
"5698",9,"boisterous",1
"5699",9,"bold",1
"5700",9,"borders",1
"5701",9,"breakfast",1
"5702",9,"bridge",1
"5703",9,"brigade",1
"5704",9,"brigadier",1
"5705",9,"brigadiers",1
"5706",9,"brilliant",1
"5707",9,"brindisi",1
"5708",9,"british",1
"5709",9,"calcutta",1
"5710",9,"calmly",1
"5711",9,"campaign",1
"5712",9,"capital",1
"5713",9,"caprice",1
"5714",9,"captured",1
"5715",9,"care",1
"5716",9,"cautiously",1
"5717",9,"cease",1
"5718",9,"ceased",1
"5719",9,"celebrated",1
"5720",9,"central",1
"5721",9,"changed",1
"5722",9,"charmed",1
"5723",9,"chatted",1
"5724",9,"chatting",1
"5725",9,"chronometers",1
"5726",9,"circular",1
"5727",9,"cisterns",1
"5728",9,"club",1
"5729",9,"cold",1
"5730",9,"collector",1
"5731",9,"column",1
"5732",9,"commanding",1
"5733",9,"companion",1
"5734",9,"comprise",1
"5735",9,"conceal",1
"5736",9,"concluded",1
"5737",9,"confidence",1
"5738",9,"congenial",1
"5739",9,"conscientiously",1
"5740",9,"considerably",1
"5741",9,"consoled",1
"5742",9,"constantly",1
"5743",9,"costs",1
"5744",9,"crosses",1
"5745",9,"crown",1
"5746",9,"cup",1
"5747",9,"custom",1
"5748",9,"dangers",1
"5749",9,"date",1
"5750",9,"decimus",1
"5751",9,"delay",1
"5752",9,"delightful",1
"5753",9,"delusion",1
"5754",9,"departure",1
"5755",9,"destination",1
"5756",9,"dinner",1
"5757",9,"diplomatic",1
"5758",9,"disappeared",1
"5759",9,"dismantled",1
"5760",9,"disorderly",1
"5761",9,"distance",1
"5762",9,"distances",1
"5763",9,"distant",1
"5764",9,"distinctly",1
"5765",9,"divisions",1
"5766",9,"east",1
"5767",9,"eat",1
"5768",9,"eccentric",1
"5769",9,"efforts",1
"5770",9,"elephants",1
"5771",9,"enchanted",1
"5772",9,"engine",1
"5773",9,"engineer",1
"5774",9,"englishman",1
"5775",9,"englishmen",1
"5776",9,"enjoyed",1
"5777",9,"enthusiastic",1
"5778",9,"errand",1
"5779",9,"escaped",1
"5780",9,"espied",1
"5781",9,"europeans",1
"5782",9,"evening",1
"5783",9,"exertions",1
"5784",9,"failed",1
"5785",9,"faith",1
"5786",9,"fakirs",1
"5787",9,"famished",1
"5788",9,"fare",1
"5789",9,"favourable",1
"5790",9,"fear",1
"5791",9,"fearfully",1
"5792",9,"fed",1
"5793",9,"fellows",1
"5794",9,"fields",1
"5795",9,"fifteen",1
"5796",9,"fifty",1
"5797",9,"fine",1
"5798",9,"finishing",1
"5799",9,"fogg’s",1
"5800",9,"force",1
"5801",9,"forces",1
"5802",9,"foreseen",1
"5803",9,"formed",1
"5804",9,"fort",1
"5805",9,"fortifications",1
"5806",9,"found",1
"5807",9,"frequently",1
"5808",9,"fresh",1
"5809",9,"fuelling",1
"5810",9,"gains",1
"5811",9,"game",1
"5812",9,"games",1
"5813",9,"gazed",1
"5814",9,"generals",1
"5815",9,"gentleman",1
"5816",9,"gibraltar",1
"5817",9,"glass",1
"5818",9,"goa",1
"5819",9,"gods",1
"5820",9,"government",1
"5821",9,"graceful",1
"5822",9,"grades",1
"5823",9,"growing",1
"5824",9,"guide",1
"5825",9,"gulf",1
"5826",9,"gulfs",1
"5827",9,"gymnastics",1
"5828",9,"habit",1
"5829",9,"habits",1
"5830",9,"harbour",1
"5831",9,"hasn’t",1
"5832",9,"hauled",1
"5833",9,"hearty",1
"5834",9,"hills",1
"5835",9,"historians",1
"5836",9,"historic",1
"5837",9,"horizon",1
"5838",9,"horror",1
"5839",9,"hospitable",1
"5840",9,"hour",1
"5841",9,"hull",1
"5842",9,"immense",1
"5843",9,"impassible",1
"5844",9,"incident",1
"5845",9,"indefatigably",1
"5846",9,"indifference",1
"5847",9,"inhabitants",1
"5848",9,"interrupt",1
"5849",9,"islands",1
"5850",9,"itinerary",1
"5851",9,"it’s",1
"5852",9,"i’m",1
"5853",9,"jews",1
"5854",9,"journey",1
"5855",9,"jumping",1
"5856",9,"kindly",1
"5857",9,"lay",1
"5858",9,"leaving",1
"5859",9,"lieutenants",1
"5860",9,"life",1
"5861",9,"lodged",1
"5862",9,"london",1
"5863",9,"looked",1
"5864",9,"lunch",1
"5865",9,"man’s",1
"5866",9,"master",1
"5867",9,"master’s",1
"5868",9,"matter",1
"5869",9,"meeting",1
"5870",9,"memorable",1
"5871",9,"mentally",1
"5872",9,"minarets",1
"5873",9,"mines",1
"5874",9,"mission",1
"5875",9,"mistaken",1
"5876",9,"mixed",1
"5877",9,"mocha",1
"5878",9,"morning",1
"5879",9,"mosques",1
"5880",9,"mountains",1
"5881",9,"moved",1
"5882",9,"music",1
"5883",9,"narrow",1
"5884",9,"natural",1
"5885",9,"navigators",1
"5886",9,"nearest",1
"5887",9,"night",1
"5888",9,"noon",1
"5889",9,"obliged",1
"5890",9,"obliging",1
"5891",9,"october",1
"5892",9,"offered",1
"5893",9,"officers",1
"5894",9,"officials",1
"5895",9,"ogre",1
"5896",9,"outlines",1
"5897",9,"outward",1
"5898",9,"o’clock",1
"5899",9,"p.m",1
"5900",9,"pagodas",1
"5901",9,"pale",1
"5902",9,"palms",1
"5903",9,"parish",1
"5904",9,"parsees",1
"5905",9,"partner",1
"5906",9,"partners",1
"5907",9,"party",1
"5908",9,"pass",1
"5909",9,"passing",1
"5910",9,"passport",1
"5911",9,"past",1
"5912",9,"peninsula",1
"5913",9,"persistent",1
"5914",9,"personage",1
"5915",9,"pianos",1
"5916",9,"picturesque",1
"5917",9,"pilot",1
"5918",9,"pitching",1
"5919",9,"pleased",1
"5920",9,"ploughed",1
"5921",9,"population",1
"5922",9,"possibilities",1
"5923",9,"post",1
"5924",9,"powers",1
"5925",9,"precisely",1
"5926",9,"pretended",1
"5927",9,"pretending",1
"5928",9,"procured",1
"5929",9,"programme",1
"5930",9,"pronouncing",1
"5931",9,"propitiating",1
"5932",9,"purser",1
"5933",9,"pushing",1
"5934",9,"quickly",1
"5935",9,"raging",1
"5936",9,"raised",1
"5937",9,"range",1
"5938",9,"rapid",1
"5939",9,"rapidly",1
"5940",9,"ravished",1
"5941",9,"reappeared",1
"5942",9,"receiving",1
"5943",9,"reform",1
"5944",9,"regular",1
"5945",9,"regulations",1
"5946",9,"rejoin",1
"5947",9,"remain",1
"5948",9,"replied",1
"5949",9,"resume",1
"5950",9,"returned",1
"5951",9,"rev",1
"5952",9,"rich",1
"5953",9,"road",1
"5954",9,"roadstead",1
"5955",9,"rolling",1
"5956",9,"route",1
"5957",9,"rows",1
"5958",9,"rubber",1
"5959",9,"ruined",1
"5960",9,"sacrifices",1
"5961",9,"sails",1
"5962",9,"salaries",1
"5963",9,"saucer",1
"5964",9,"sauntered",1
"5965",9,"scrupulously",1
"5966",9,"seas",1
"5967",9,"secret",1
"5968",9,"secured",1
"5969",9,"seldom",1
"5970",9,"sense",1
"5971",9,"sepoy",1
"5972",9,"ship",1
"5973",9,"ship’s",1
"5974",9,"short",1
"5975",9,"sickness",1
"5976",9,"sight",1
"5977",9,"sighted",1
"5978",9,"sights",1
"5979",9,"sign",1
"5980",9,"silence",1
"5981",9,"silent",1
"5982",9,"sixteen",1
"5983",9,"sixty",1
"5984",9,"slacken",1
"5985",9,"slowly",1
"5986",9,"smile",1
"5987",9,"smith",1
"5988",9,"snakes",1
"5989",9,"solomon",1
"5990",9,"somalis",1
"5991",9,"sound",1
"5992",9,"speedily",1
"5993",9,"spend",1
"5994",9,"spread",1
"5995",9,"sterling",1
"5996",9,"straight",1
"5997",9,"strait",1
"5998",9,"straits",1
"5999",9,"strange",1
"6000",9,"stroke",1
"6001",9,"successfully",1
"6002",9,"suddenly",1
"6003",9,"sunday",1
"6004",9,"supper",1
"6005",9,"surprise",1
"6006",9,"surrounded",1
"6007",9,"tables",1
"6008",9,"tax",1
"6009",9,"tears",1
"6010",9,"temples",1
"6011",9,"ten",1
"6012",9,"that’s",1
"6013",9,"thither",1
"6014",9,"tigers",1
"6015",9,"times",1
"6016",9,"ton",1
"6017",9,"tone",1
"6018",9,"towns",1
"6019",9,"tranquil",1
"6020",9,"travel",1
"6021",9,"travels",1
"6022",9,"trees",1
"6023",9,"tricks",1
"6024",9,"troops",1
"6025",9,"twenty",1
"6026",9,"unobserved",1
"6027",9,"unretarded",1
"6028",9,"unvarying",1
"6029",9,"useless",1
"6030",9,"ventured",1
"6031",9,"victory",1
"6032",9,"view",1
"6033",9,"vigorous",1
"6034",9,"villages",1
"6035",9,"volunteered",1
"6036",9,"walked",1
"6037",9,"watching",1
"6038",9,"wave",1
"6039",9,"whereon",1
"6040",9,"whim",1
"6041",9,"whirled",1
"6042",9,"whiskey",1
"6043",9,"worth",1
"6044",9,"worthy",1
"6045",10,"absolutely",1
"6046",10,"admiration",1
"6047",10,"adventures",1
"6048",10,"adversaries",1
"6049",10,"affairs",1
"6050",10,"agile",1
"6051",10,"agra",1
"6052",10,"airily",1
"6053",10,"allahabad",1
"6054",10,"alter",1
"6055",10,"animals",1
"6056",10,"annexed",1
"6057",10,"apex",1
"6058",10,"appearance",1
"6059",10,"application",1
"6060",10,"appointed",1
"6061",10,"architecture",1
"6062",10,"armenian",1
"6063",10,"armenians",1
"6064",10,"arrest",1
"6065",10,"arrival",1
"6066",10,"arrived",1
"6067",10,"ascends",1
"6068",10,"ashore",1
"6069",10,"aspect",1
"6070",10,"astronomical",1
"6071",10,"austere",1
"6072",10,"authority",1
"6073",10,"await",1
"6074",10,"banyas",1
"6075",10,"base",1
"6076",10,"bazaars",1
"6077",10,"behold",1
"6078",10,"benares",1
"6079",10,"bengal",1
"6080",10,"bet",1
"6081",10,"bidding",1
"6082",10,"bird",1
"6083",10,"black",1
"6084",10,"boldly",1
"6085",10,"bonnets",1
"6086",10,"booby",1
"6087",10,"brahmin",1
"6088",10,"branch",1
"6089",10,"breathlessly",1
"6090",10,"buddhist",1
"6091",10,"bundelcund",1
"6092",10,"burdivan",1
"6093",10,"burhampoor",1
"6094",10,"bye",1
"6095",10,"caps",1
"6096",10,"cared",1
"6097",10,"carriage",1
"6098",10,"carry",1
"6099",10,"celebrated",1
"6100",10,"celebrating",1
"6101",10,"ceremonies",1
"6102",10,"chain",1
"6103",10,"chandernagor",1
"6104",10,"changing",1
"6105",10,"chiefs",1
"6106",10,"christians",1
"6107",10,"churches",1
"6108",10,"civil",1
"6109",10,"civilised",1
"6110",10,"clanging",1
"6111",10,"clock",1
"6112",10,"clothed",1
"6113",10,"coaches",1
"6114",10,"coldly",1
"6115",10,"collected",1
"6116",10,"coloured",1
"6117",10,"committed",1
"6118",10,"concealed",1
"6119",10,"concerned",1
"6120",10,"considerable",1
"6121",10,"considered",1
"6122",10,"continent",1
"6123",10,"continued",1
"6124",10,"control",1
"6125",10,"corner",1
"6126",10,"counted",1
"6127",10,"countenance",1
"6128",10,"crestfallen",1
"6129",10,"crossing",1
"6130",10,"crowd",1
"6131",10,"crowds",1
"6132",10,"cumbrous",1
"6133",10,"curiosity",1
"6134",10,"curious",1
"6135",10,"daily",1
"6136",10,"danced",1
"6137",10,"dancing",1
"6138",10,"darkness",1
"6139",10,"day",1
"6140",10,"deflections",1
"6141",10,"deign",1
"6142",10,"deliver",1
"6143",10,"departs",1
"6144",10,"descendants",1
"6145",10,"descending",1
"6146",10,"desire",1
"6147",10,"despotic",1
"6148",10,"destination",1
"6149",10,"determined",1
"6150",10,"direct",1
"6151",10,"directed",1
"6152",10,"directly",1
"6153",10,"disappointed",1
"6154",10,"dish",1
"6155",10,"dishes",1
"6156",10,"disregard",1
"6157",10,"distinctions",1
"6158",10,"document",1
"6159",10,"dominion",1
"6160",10,"door",1
"6161",10,"doubt",1
"6162",10,"drew",1
"6163",10,"earnest",1
"6164",10,"eastward",1
"6165",10,"eastwardly",1
"6166",10,"elephanta",1
"6167",10,"eleven",1
"6168",10,"english",1
"6169",10,"enraged",1
"6170",10,"enter",1
"6171",10,"entering",1
"6172",10,"errands",1
"6173",10,"escaped",1
"6174",10,"espy",1
"6175",10,"europeans",1
"6176",10,"examine",1
"6177",10,"exclamations",1
"6178",10,"exercises",1
"6179",10,"extended",1
"6180",10,"fain",1
"6181",10,"faithful",1
"6182",10,"famous",1
"6183",10,"fate",1
"6184",10,"feet",1
"6185",10,"fell",1
"6186",10,"ferocious",1
"6187",10,"festival",1
"6188",10,"fine",1
"6189",10,"fists",1
"6190",10,"fixing",1
"6191",10,"flagging",1
"6192",10,"flies",1
"6193",10,"follow",1
"6194",10,"foot",1
"6195",10,"foothold",1
"6196",10,"forbidden",1
"6197",10,"forcing",1
"6198",10,"forthwith",1
"6199",10,"forts",1
"6200",10,"fourteen",1
"6201",10,"free",1
"6202",10,"french",1
"6203",10,"frenchman",1
"6204",10,"gained",1
"6205",10,"gaping",1
"6206",10,"gauze",1
"6207",10,"ghauts",1
"6208",10,"giblet",1
"6209",10,"girls",1
"6210",10,"gold",1
"6211",10,"government",1
"6212",10,"governors",1
"6213",10,"gowned",1
"6214",10,"gradually",1
"6215",10,"greenest",1
"6216",10,"grottoes",1
"6217",10,"half",1
"6218",10,"hall",1
"6219",10,"happen",1
"6220",10,"harm",1
"6221",10,"hatless",1
"6222",10,"headquarters",1
"6223",10,"hope",1
"6224",10,"horseback",1
"6225",10,"hypogea",1
"6226",10,"idea",1
"6227",10,"ignorant",1
"6228",10,"imaginable",1
"6229",10,"increase",1
"6230",10,"indians",1
"6231",10,"induced",1
"6232",10,"indus",1
"6233",10,"inhabitants",1
"6234",10,"insist",1
"6235",10,"insurrection",1
"6236",10,"intelligent",1
"6237",10,"intended",1
"6238",10,"irresistible",1
"6239",10,"island",1
"6240",10,"i’ll",1
"6241",10,"i’ve",1
"6242",10,"joining",1
"6243",10,"journey",1
"6244",10,"jungles",1
"6245",10,"kanherian",1
"6246",10,"killed",1
"6247",10,"knocking",1
"6248",10,"land",1
"6249",10,"larger",1
"6250",10,"left",1
"6251",10,"legally",1
"6252",10,"legs",1
"6253",10,"leisurely",1
"6254",10,"library",1
"6255",10,"lieutenant",1
"6256",10,"lines",1
"6257",10,"locomotive",1
"6258",10,"looked",1
"6259",10,"looped",1
"6260",10,"lose",1
"6261",10,"loud",1
"6262",10,"love",1
"6263",10,"main",1
"6264",10,"manners",1
"6265",10,"masterpieces",1
"6266",10,"master’s",1
"6267",10,"matter",1
"6268",10,"meeting",1
"6269",10,"merchants",1
"6270",10,"met",1
"6271",10,"methods",1
"6272",10,"midst",1
"6273",10,"military",1
"6274",10,"mingling",1
"6275",10,"minutes",1
"6276",10,"mitres",1
"6277",10,"modesty",1
"6278",10,"moment",1
"6279",10,"mosques",1
"6280",10,"mouth",1
"6281",10,"muttered",1
"6282",10,"nationalities",1
"6283",10,"needless",1
"6284",10,"nervously",1
"6285",10,"night",1
"6286",10,"noble",1
"6287",10,"obliged",1
"6288",10,"obscure",1
"6289",10,"observe",1
"6290",10,"obtain",1
"6291",10,"offence",1
"6292",10,"opposite",1
"6293",10,"ornamentation",1
"6294",10,"p.m",1
"6295",10,"package",1
"6296",10,"paid",1
"6297",10,"palanquins",1
"6298",10,"palatable",1
"6299",10,"paris",1
"6300",10,"parsees",1
"6301",10,"partners",1
"6302",10,"passengers",1
"6303",10,"passes",1
"6304",10,"past",1
"6305",10,"people",1
"6306",10,"perfect",1
"6307",10,"persians",1
"6308",10,"plan",1
"6309",10,"platform",1
"6310",10,"ply",1
"6311",10,"policy",1
"6312",10,"polygonal",1
"6313",10,"poor",1
"6314",10,"position",1
"6315",10,"possessions",1
"6316",10,"powerful",1
"6317",10,"practices",1
"6318",10,"prided",1
"6319",10,"priest",1
"6320",10,"priests",1
"6321",10,"processions",1
"6322",10,"promenade",1
"6323",10,"promptly",1
"6324",10,"properly",1
"6325",10,"punishes",1
"6326",10,"purchased",1
"6327",10,"purchasing",1
"6328",10,"quota",1
"6329",10,"race",1
"6330",10,"rajahs",1
"6331",10,"rang",1
"6332",10,"reached",1
"6333",10,"real",1
"6334",10,"recommended",1
"6335",10,"refused",1
"6336",10,"regular",1
"6337",10,"relate",1
"6338",10,"relative",1
"6339",10,"religions",1
"6340",10,"religious",1
"6341",10,"remain",1
"6342",10,"remains",1
"6343",10,"remember",1
"6344",10,"repaired",1
"6345",10,"replied",1
"6346",10,"repose",1
"6347",10,"resign",1
"6348",10,"resolved",1
"6349",10,"reversed",1
"6350",10,"richest",1
"6351",10,"river",1
"6352",10,"road",1
"6353",10,"robed",1
"6354",10,"rose",1
"6355",10,"round",1
"6356",10,"run",1
"6357",10,"runs",1
"6358",10,"rushed",1
"6359",10,"rushing",1
"6360",10,"sauce",1
"6361",10,"savage",1
"6362",10,"screech",1
"6363",10,"sect",1
"6364",10,"seized",1
"6365",10,"seldom",1
"6366",10,"sepoy",1
"6367",10,"servant",1
"6368",10,"served",1
"6369",10,"severely",1
"6370",10,"sharp",1
"6371",10,"shoeless",1
"6372",10,"shore",1
"6373",10,"shortly",1
"6374",10,"sight",1
"6375",10,"silver",1
"6376",10,"simple",1
"6377",10,"sindes",1
"6378",10,"sir",1
"6379",10,"skirts",1
"6380",10,"soil",1
"6381",10,"sooner",1
"6382",10,"sorely",1
"6383",10,"sort",1
"6384",10,"souls",1
"6385",10,"sound",1
"6386",10,"spiced",1
"6387",10,"spot",1
"6388",10,"sprawling",1
"6389",10,"spread",1
"6390",10,"squabble",1
"6391",10,"stands",1
"6392",10,"staring",1
"6393",10,"start",1
"6394",10,"stationed",1
"6395",10,"stay",1
"6396",10,"stayed",1
"6397",10,"steamboats",1
"6398",10,"steamer",1
"6399",10,"step",1
"6400",10,"stood",1
"6401",10,"straw",1
"6402",10,"struck",1
"6403",10,"subordinates",1
"6404",10,"sudden",1
"6405",10,"suez",1
"6406",10,"synagogues",1
"6407",10,"talked",1
"6408",10,"tambourines",1
"6409",10,"tannah",1
"6410",10,"tasted",1
"6411",10,"temples",1
"6412",10,"ten",1
"6413",10,"terminus",1
"6414",10,"territory",1
"6415",10,"thinking",1
"6416",10,"thrifty",1
"6417",10,"toes",1
"6418",10,"told",1
"6419",10,"tore",1
"6420",10,"tourist",1
"6421",10,"towers",1
"6422",10,"town",1
"6423",10,"transacted",1
"6424",10,"travel",1
"6425",10,"travellers",1
"6426",10,"traverses",1
"6427",10,"triangle",1
"6428",10,"truth",1
"6429",10,"turbans",1
"6430",10,"unconsciously",1
"6431",10,"unequally",1
"6432",10,"unhappily",1
"6433",10,"unwieldy",1
"6434",10,"urged",1
"6435",10,"usual",1
"6436",10,"vast",1
"6437",10,"vigorous",1
"6438",10,"viols",1
"6439",10,"watched",1
"6440",10,"western",1
"6441",10,"whist",1
"6442",10,"wind",1
"6443",10,"wise",1
"6444",10,"wonders",1
"6445",10,"word",1
"6446",10,"words",1
"6447",10,"world",1
"6448",10,"zoroaster",1
"6449",11,"22nd",1
"6450",11,"25th",1
"6451",11,"abandoned",1
"6452",11,"absolutely",1
"6453",11,"absorbing",1
"6454",11,"acacias",1
"6455",11,"accidents",1
"6456",11,"accomplished",1
"6457",11,"accusing",1
"6458",11,"acting",1
"6459",11,"advance",1
"6460",11,"adventure",1
"6461",11,"affair",1
"6462",11,"afoot",1
"6463",11,"age",1
"6464",11,"ago",1
"6465",11,"alluring",1
"6466",11,"alter",1
"6467",11,"animal’s",1
"6468",11,"announced",1
"6469",11,"announcement",1
"6470",11,"architecture",1
"6471",11,"arise",1
"6472",11,"arrival",1
"6473",11,"asleep",1
"6474",11,"assurghur",1
"6475",11,"astride",1
"6476",11,"attached",1
"6477",11,"aureng",1
"6478",11,"aurungabad",1
"6479",11,"avarice",1
"6480",11,"aware",1
"6481",11,"bag",1
"6482",11,"banknotes",1
"6483",11,"banks",1
"6484",11,"bargain",1
"6485",11,"basalt",1
"6486",11,"base",1
"6487",11,"bases",1
"6488",11,"battle",1
"6489",11,"beat",1
"6490",11,"beauties",1
"6491",11,"begged",1
"6492",11,"begins",1
"6493",11,"begun",1
"6494",11,"believed",1
"6495",11,"belongs",1
"6496",11,"benares",1
"6497",11,"beneath",1
"6498",11,"betrayed",1
"6499",11,"blaming",1
"6500",11,"blank",1
"6501",11,"blanket",1
"6502",11,"body",1
"6503",11,"bond",1
"6504",11,"branch",1
"6505",11,"breakfast",1
"6506",11,"bribed",1
"6507",11,"bundelcund",1
"6508",11,"burden",1
"6509",11,"burhampoor",1
"6510",11,"business",1
"6511",11,"butter",1
"6512",11,"cabins",1
"6513",11,"calculating",1
"6514",11,"called",1
"6515",11,"callyan",1
"6516",11,"calmly",1
"6517",11,"cambray",1
"6518",11,"capital",1
"6519",11,"cards",1
"6520",11,"care",1
"6521",11,"carpet",1
"6522",11,"carriage",1
"6523",11,"carry",1
"6524",11,"change",1
"6525",11,"character",1
"6526",11,"cheap",1
"6527",11,"circumference",1
"6528",11,"circumstances",1
"6529",11,"circus",1
"6530",11,"clove",1
"6531",11,"coal",1
"6532",11,"coast",1
"6533",11,"coffee",1
"6534",11,"cold",1
"6535",11,"comfortably",1
"6536",11,"common",1
"6537",11,"companion",1
"6538",11,"comparable",1
"6539",11,"comparatively",1
"6540",11,"completion",1
"6541",11,"concealed",1
"6542",11,"condemned",1
"6543",11,"conducted",1
"6544",11,"confess",1
"6545",11,"confident",1
"6546",11,"consulting",1
"6547",11,"cool",1
"6548",11,"corps",1
"6549",11,"corpses",1
"6550",11,"corrected",1
"6551",11,"cotton",1
"6552",11,"counting",1
"6553",11,"covered",1
"6554",11,"cried",1
"6555",11,"cross",1
"6556",11,"crossed",1
"6557",11,"crossing",1
"6558",11,"crowned",1
"6559",11,"crying",1
"6560",11,"cultivated",1
"6561",11,"curiously",1
"6562",11,"curled",1
"6563",11,"cut",1
"6564",11,"dare",1
"6565",11,"dates",1
"6566",11,"dealing",1
"6567",11,"death",1
"6568",11,"declined",1
"6569",11,"default",1
"6570",11,"degree",1
"6571",11,"degrees",1
"6572",11,"delayed",1
"6573",11,"delays",1
"6574",11,"delusion",1
"6575",11,"demonstration",1
"6576",11,"dense",1
"6577",11,"departure",1
"6578",11,"deprive",1
"6579",11,"deranged",1
"6580",11,"descends",1
"6581",11,"describing",1
"6582",11,"design",1
"6583",11,"designated",1
"6584",11,"detached",1
"6585",11,"difficulty",1
"6586",11,"diminishing",1
"6587",11,"disadvantage",1
"6588",11,"distinguished",1
"6589",11,"don’t",1
"6590",11,"doubt",1
"6591",11,"doubtless",1
"6592",11,"drawn",1
"6593",11,"dream",1
"6594",11,"dreams",1
"6595",11,"driver",1
"6596",11,"earnest",1
"6597",11,"eastward",1
"6598",11,"easy",1
"6599",11,"eccentric",1
"6600",11,"eccentricity",1
"6601",11,"eighteen",1
"6602",11,"elephant’s",1
"6603",11,"ellora",1
"6604",11,"employed",1
"6605",11,"empties",1
"6606",11,"encase",1
"6607",11,"enclosed",1
"6608",11,"enclosure",1
"6609",11,"engage",1
"6610",11,"england",1
"6611",11,"enriched",1
"6612",11,"entertained",1
"6613",11,"equipped",1
"6614",11,"europe",1
"6615",11,"evening",1
"6616",11,"evident",1
"6617",11,"exact",1
"6618",11,"excessive",1
"6619",11,"exchanged",1
"6620",11,"exercise",1
"6621",11,"exhaustless",1
"6622",11,"exist",1
"6623",11,"explanation",1
"6624",11,"extending",1
"6625",11,"exterior",1
"6626",11,"extracted",1
"6627",11,"fail",1
"6628",11,"fair",1
"6629",11,"fairly",1
"6630",11,"false",1
"6631",11,"familiar",1
"6632",11,"fantastic",1
"6633",11,"fast",1
"6634",11,"fatal",1
"6635",11,"fatigue",1
"6636",11,"fed",1
"6637",11,"feeding",1
"6638",11,"fell",1
"6639",11,"fellow",1
"6640",11,"fellow’s",1
"6641",11,"feringhea",1
"6642",11,"ferocious",1
"6643",11,"ferocity",1
"6644",11,"fertile",1
"6645",11,"fix",1
"6646",11,"flanks",1
"6647",11,"flat",1
"6648",11,"fled",1
"6649",11,"flurried",1
"6650",11,"fogg’s",1
"6651",11,"folly",1
"6652",11,"forty",1
"6653",11,"frail",1
"6654",11,"free",1
"6655",11,"furious",1
"6656",11,"gained",1
"6657",11,"gazed",1
"6658",11,"generous",1
"6659",11,"gentleness",1
"6660",11,"gigantic",1
"6661",11,"glade",1
"6662",11,"glistening",1
"6663",11,"globe",1
"6664",11,"godavery",1
"6665",11,"graceful",1
"6666",11,"gratefully",1
"6667",11,"greenwich",1
"6668",11,"grimace",1
"6669",11,"growing",1
"6670",11,"guide",1
"6671",11,"guided",1
"6672",11,"gulf",1
"6673",11,"habit",1
"6674",11,"halt",1
"6675",11,"hamlet",1
"6676",11,"hands",1
"6677",11,"happen",1
"6678",11,"harm",1
"6679",11,"hasten",1
"6680",11,"hasty",1
"6681",11,"haunted",1
"6682",11,"headed",1
"6683",11,"heart",1
"6684",11,"heavens",1
"6685",11,"held",1
"6686",11,"hesitation",1
"6687",11,"history",1
"6688",11,"home",1
"6689",11,"hong",1
"6690",11,"honour",1
"6691",11,"hopes",1
"6692",11,"horizon",1
"6693",11,"horrible",1
"6694",11,"human",1
"6695",11,"ideas",1
"6696",11,"ignorant",1
"6697",11,"impart",1
"6698",11,"indians",1
"6699",11,"indigo",1
"6700",11,"inhabited",1
"6701",11,"innocent",1
"6702",11,"inquire",1
"6703",11,"insisting",1
"6704",11,"instruction",1
"6705",11,"intelligent",1
"6706",11,"intended",1
"6707",11,"interruption",1
"6708",11,"intervals",1
"6709",11,"irritating",1
"6710",11,"island",1
"6711",11,"join",1
"6712",11,"journey",1
"6713",11,"jumped",1
"6714",11,"junction",1
"6715",11,"jungles",1
"6716",11,"kali",1
"6717",11,"king",1
"6718",11,"kingdom",1
"6719",11,"knocked",1
"6720",11,"kong",1
"6721",11,"lack",1
"6722",11,"laid",1
"6723",11,"laws",1
"6724",11,"leave",1
"6725",11,"leaves",1
"6726",11,"led",1
"6727",11,"left",1
"6728",11,"let’s",1
"6729",11,"likelihood",1
"6730",11,"limpid",1
"6731",11,"lives",1
"6732",11,"loan",1
"6733",11,"locomotive",1
"6734",11,"losing",1
"6735",11,"magnificent",1
"6736",11,"maledictions",1
"6737",11,"males",1
"6738",11,"marching",1
"6739",11,"marvellous",1
"6740",11,"master’s",1
"6741",11,"materially",1
"6742",11,"matter",1
"6743",11,"meant",1
"6744",11,"mechanics",1
"6745",11,"merchants",1
"6746",11,"method",1
"6747",11,"milligaum",1
"6748",11,"minarets",1
"6749",11,"mind",1
"6750",11,"minutes",1
"6751",11,"mistaken",1
"6752",11,"moment",1
"6753",11,"moment’s",1
"6754",11,"monasteries",1
"6755",11,"mongolia",1
"6756",11,"months",1
"6757",11,"morning",1
"6758",11,"murders",1
"6759",11,"nassik",1
"6760",11,"native",1
"6761",11,"natural",1
"6762",11,"necessity",1
"6763",11,"neck",1
"6764",11,"nizam",1
"6765",11,"noise",1
"6766",11,"noon",1
"6767",11,"numerous",1
"6768",11,"nutmeg",1
"6769",11,"obliged",1
"6770",11,"obstacle",1
"6771",11,"obstacles",1
"6772",11,"obstinately",1
"6773",11,"obtain",1
"6774",11,"occupied",1
"6775",11,"oddity",1
"6776",11,"offence",1
"6777",11,"offer",1
"6778",11,"offering",1
"6779",11,"officer",1
"6780",11,"officers",1
"6781",11,"officials",1
"6782",11,"opium",1
"6783",11,"opportunity",1
"6784",11,"opposite",1
"6785",11,"orbit",1
"6786",11,"ornamentation",1
"6787",11,"ornamented",1
"6788",11,"outright",1
"6789",11,"pagoda",1
"6790",11,"paid",1
"6791",11,"pains",1
"6792",11,"palings",1
"6793",11,"palkigharis",1
"6794",11,"palm",1
"6795",11,"palms",1
"6796",11,"partners",1
"6797",11,"passenger",1
"6798",11,"passepartout’s",1
"6799",11,"past",1
"6800",11,"pauwell",1
"6801",11,"pay",1
"6802",11,"paying",1
"6803",11,"pearls",1
"6804",11,"penetrated",1
"6805",11,"pensive",1
"6806",11,"people",1
"6807",11,"pepper",1
"6808",11,"perambulating",1
"6809",11,"perched",1
"6810",11,"persisted",1
"6811",11,"personally",1
"6812",11,"persons",1
"6813",11,"picturesque",1
"6814",11,"plainly",1
"6815",11,"plans",1
"6816",11,"plantations",1
"6817",11,"plunged",1
"6818",11,"poor",1
"6819",11,"possession",1
"6820",11,"pounah",1
"6821",11,"premature",1
"6822",11,"preserved",1
"6823",11,"proceeding",1
"6824",11,"product",1
"6825",11,"project",1
"6826",11,"promising",1
"6827",11,"provinces",1
"6828",11,"provisions",1
"6829",11,"punctually",1
"6830",11,"punished",1
"6831",11,"purchased",1
"6832",11,"purposes",1
"6833",11,"pursue",1
"6834",11,"pursued",1
"6835",11,"questioned",1
"6836",11,"rapidly",1
"6837",11,"rare",1
"6838",11,"rashly",1
"6839",11,"rate",1
"6840",11,"rational",1
"6841",11,"realise",1
"6842",11,"reality",1
"6843",11,"reared",1
"6844",11,"receive",1
"6845",11,"recognised",1
"6846",11,"recounting",1
"6847",11,"reflect",1
"6848",11,"regard",1
"6849",11,"rejoined",1
"6850",11,"religious",1
"6851",11,"remained",1
"6852",11,"remark",1
"6853",11,"request",1
"6854",11,"resolved",1
"6855",11,"respected",1
"6856",11,"response",1
"6857",11,"restless",1
"6858",11,"retorted",1
"6859",11,"returning",1
"6860",11,"reverie",1
"6861",11,"reviving",1
"6862",11,"revolt",1
"6863",11,"reward",1
"6864",11,"risk",1
"6865",11,"rites",1
"6866",11,"river",1
"6867",11,"rivers",1
"6868",11,"rode",1
"6869",11,"rothal",1
"6870",11,"round",1
"6871",11,"route",1
"6872",11,"rubbed",1
"6873",11,"rubbers",1
"6874",11,"rubicund",1
"6875",11,"ruffians",1
"6876",11,"run",1
"6877",11,"rushed",1
"6878",11,"sacrifice",1
"6879",11,"salcette",1
"6880",11,"satisfaction",1
"6881",11,"scarce",1
"6882",11,"scarcely",1
"6883",11,"sciences",1
"6884",11,"searching",1
"6885",11,"seat",1
"6886",11,"secret",1
"6887",11,"sectaries",1
"6888",11,"secure",1
"6889",11,"sell",1
"6890",11,"separate",1
"6891",11,"sepoy",1
"6892",11,"servant",1
"6893",11,"services",1
"6894",11,"seventy",1
"6895",11,"severe",1
"6896",11,"sharp",1
"6897",11,"shedding",1
"6898",11,"shoes",1
"6899",11,"shorter",1
"6900",11,"shortest",1
"6901",11,"shouted",1
"6902",11,"skirting",1
"6903",11,"slippers",1
"6904",11,"slow",1
"6905",11,"sluggishness",1
"6906",11,"smoke",1
"6907",11,"snakes",1
"6908",11,"solid",1
"6909",11,"sooner",1
"6910",11,"sought",1
"6911",11,"south",1
"6912",11,"speed",1
"6913",11,"speedily",1
"6914",11,"spent",1
"6915",11,"spirals",1
"6916",11,"spirit",1
"6917",11,"stained",1
"6918",11,"stake",1
"6919",11,"steam",1
"6920",11,"stepped",1
"6921",11,"steps",1
"6922",11,"sterling",1
"6923",11,"stimulate",1
"6924",11,"stop",1
"6925",11,"straggling",1
"6926",11,"strange",1
"6927",11,"strangled",1
"6928",11,"stranglers",1
"6929",11,"streams",1
"6930",11,"studying",1
"6931",11,"subjects",1
"6932",11,"sudden",1
"6933",11,"sugar",1
"6934",11,"suitable",1
"6935",11,"sum",1
"6936",11,"summits",1
"6937",11,"sun",1
"6938",11,"supposing",1
"6939",11,"surat",1
"6940",11,"surprised",1
"6941",11,"suspense",1
"6942",11,"sutpour",1
"6943",11,"sway",1
"6944",11,"takes",1
"6945",11,"talking",1
"6946",11,"tall",1
"6947",11,"tapty",1
"6948",11,"temples",1
"6949",11,"tempted",1
"6950",11,"ten",1
"6951",11,"termination",1
"6952",11,"terrestrial",1
"6953",11,"territory",1
"6954",11,"thereabouts",1
"6955",11,"there’s",1
"6956",11,"thick",1
"6957",11,"thinking",1
"6958",11,"threw",1
"6959",11,"thuggee",1
"6960",11,"thuggees",1
"6961",11,"tickets",1
"6962",11,"tigers",1
"6963",11,"timepiece",1
"6964",11,"times",1
"6965",11,"tour",1
"6966",11,"town",1
"6967",11,"tracts",1
"6968",11,"transportation",1
"6969",11,"travel",1
"6970",11,"travelled",1
"6971",11,"traveller",1
"6972",11,"traversing",1
"6973",11,"trees",1
"6974",11,"trembled",1
"6975",11,"tributaries",1
"6976",11,"true",1
"6977",11,"uncomfortable",1
"6978",11,"united",1
"6979",11,"unpardonable",1
"6980",11,"uttering",1
"6981",11,"vagabond",1
"6982",11,"vanity",1
"6983",11,"vast",1
"6984",11,"vehicles",1
"6985",11,"verdant",1
"6986",11,"viaducts",1
"6987",11,"victims",1
"6988",11,"viharis",1
"6989",11,"villages",1
"6990",11,"visits",1
"6991",11,"vitals",1
"6992",11,"waggons",1
"6993",11,"waking",1
"6994",11,"warlike",1
"6995",11,"warm",1
"6996",11,"watches",1
"6997",11,"watered",1
"6998",11,"westward",1
"6999",11,"wheeled",1
"7000",11,"whirling",1
"7001",11,"whist",1
"7002",11,"white",1
"7003",11,"willingly",1
"7004",11,"words",1
"7005",11,"workmen’s",1
"7006",11,"worry",1
"7007",11,"wrapped",1
"7008",11,"wry",1
"7009",11,"yielded",1
"7010",11,"youth",1
"7011",11,"zeal",1
"7012",11,"zeb",1
"7013",11,"zebus",1
"7014",12,"accompanied",1
"7015",12,"accomplished",1
"7016",12,"accordance",1
"7017",12,"active",1
"7018",12,"admiringly",1
"7019",12,"ado",1
"7020",12,"advice",1
"7021",12,"affair",1
"7022",12,"ago",1
"7023",12,"allowance",1
"7024",12,"amid",1
"7025",12,"amply",1
"7026",12,"angry",1
"7027",12,"animal",1
"7028",12,"animals",1
"7029",12,"apparel",1
"7030",12,"appeared",1
"7031",12,"appreciated",1
"7032",12,"armed",1
"7033",12,"arrayed",1
"7034",12,"aspect",1
"7035",12,"ate",1
"7036",12,"attentively",1
"7037",12,"bananas",1
"7038",12,"bands",1
"7039",12,"barbarous",1
"7040",12,"basin",1
"7041",12,"bearing",1
"7042",12,"beast",1
"7043",12,"beasts",1
"7044",12,"beast’s",1
"7045",12,"beneath",1
"7046",12,"bestride",1
"7047",12,"betel",1
"7048",12,"betrayed",1
"7049",12,"betraying",1
"7050",12,"bitten",1
"7051",12,"blocks",1
"7052",12,"blood",1
"7053",12,"board",1
"7054",12,"bolstering",1
"7055",12,"bombay",1
"7056",12,"bordered",1
"7057",12,"bounced",1
"7058",12,"bracelets",1
"7059",12,"brass",1
"7060",12,"bread",1
"7061",12,"breakfast",1
"7062",12,"british",1
"7063",12,"broke",1
"7064",12,"built",1
"7065",12,"cani",1
"7066",12,"caparisoned",1
"7067",12,"capricious",1
"7068",12,"careful",1
"7069",12,"carried",1
"7070",12,"carry",1
"7071",12,"cashmere",1
"7072",12,"catch",1
"7073",12,"cease",1
"7074",12,"ceremonies",1
"7075",12,"ceremony",1
"7076",12,"chain",1
"7077",12,"chatterings",1
"7078",12,"children",1
"7079",12,"choose",1
"7080",12,"clad",1
"7081",12,"closed",1
"7082",12,"clothed",1
"7083",12,"clown",1
"7084",12,"clump",1
"7085",12,"cold",1
"7086",12,"coloured",1
"7087",12,"coming",1
"7088",12,"complete",1
"7089",12,"concealed",1
"7090",12,"conceive",1
"7091",12,"concert",1
"7092",12,"concussion",1
"7093",12,"confused",1
"7094",12,"consideration",1
"7095",12,"contempt",1
"7096",12,"contortions",1
"7097",12,"contrast",1
"7098",12,"conversation",1
"7099",12,"convulsed",1
"7100",12,"copses",1
"7101",12,"corner",1
"7102",12,"cost",1
"7103",12,"countenance",1
"7104",12,"cover",1
"7105",12,"cream",1
"7106",12,"creatures",1
"7107",12,"cried",1
"7108",12,"crossed",1
"7109",12,"customs",1
"7110",12,"cuts",1
"7111",12,"damascened",1
"7112",12,"dates",1
"7113",12,"declared",1
"7114",12,"delay",1
"7115",12,"demonstration",1
"7116",12,"dense",1
"7117",12,"departure",1
"7118",12,"depressions",1
"7119",12,"depths",1
"7120",12,"deserved",1
"7121",12,"devote",1
"7122",12,"devoted",1
"7123",12,"devouring",1
"7124",12,"diamonds",1
"7125",12,"die",1
"7126",12,"died",1
"7127",12,"direct",1
"7128",12,"directly",1
"7129",12,"discomfort",1
"7130",12,"disconnected",1
"7131",12,"discordant",1
"7132",12,"dishevelled",1
"7133",12,"distant",1
"7134",12,"distinct",1
"7135",12,"distinguished",1
"7136",12,"disturb",1
"7137",12,"dog",1
"7138",12,"dominion",1
"7139",12,"don’t",1
"7140",12,"dotted",1
"7141",12,"dreams",1
"7142",12,"drew",1
"7143",12,"drives",1
"7144",12,"droning",1
"7145",12,"drowned",1
"7146",12,"dull",1
"7147",12,"dwarf",1
"7148",12,"earrings",1
"7149",12,"easily",1
"7150",12,"east",1
"7151",12,"elephant’s",1
"7152",12,"embarrassed",1
"7153",12,"embroidered",1
"7154",12,"emotion",1
"7155",12,"encounters",1
"7156",12,"endured",1
"7157",12,"entered",1
"7158",12,"entwined",1
"7159",12,"equal",1
"7160",12,"estimable",1
"7161",12,"european",1
"7162",12,"evidently",1
"7163",12,"exist",1
"7164",12,"existence",1
"7165",12,"expensive",1
"7166",12,"extended",1
"7167",12,"fair",1
"7168",12,"faith",1
"7169",12,"faithful",1
"7170",12,"faltered",1
"7171",12,"familiar",1
"7172",12,"fanatical",1
"7173",12,"fanaticism",1
"7174",12,"fanatics",1
"7175",12,"fastened",1
"7176",12,"fastnesses",1
"7177",12,"fatigue",1
"7178",12,"feed",1
"7179",12,"feeling",1
"7180",12,"fellow",1
"7181",12,"ferocious",1
"7182",12,"figure",1
"7183",12,"figures",1
"7184",12,"finger",1
"7185",12,"fire",1
"7186",12,"flight",1
"7187",12,"foliage",1
"7188",12,"force",1
"7189",12,"forests",1
"7190",12,"forged",1
"7191",12,"form",1
"7192",12,"formidable",1
"7193",12,"forty",1
"7194",12,"forward",1
"7195",12,"free",1
"7196",12,"frequented",1
"7197",12,"frightful",1
"7198",12,"fruit",1
"7199",12,"fumes",1
"7200",12,"gaiety",1
"7201",12,"gain",1
"7202",12,"gait",1
"7203",12,"ganges",1
"7204",12,"gazing",1
"7205",12,"gems",1
"7206",12,"giant",1
"7207",12,"glimpse",1
"7208",12,"gorgeously",1
"7209",12,"government",1
"7210",12,"governor",1
"7211",12,"gradually",1
"7212",12,"grateful",1
"7213",12,"grimaces",1
"7214",12,"ground",1
"7215",12,"growls",1
"7216",12,"guards",1
"7217",12,"habiliments",1
"7218",12,"hag",1
"7219",12,"haggard",1
"7220",12,"halt",1
"7221",12,"hands",1
"7222",12,"hardened",1
"7223",12,"hasty",1
"7224",12,"headless",1
"7225",12,"heads",1
"7226",12,"healthy",1
"7227",12,"heart",1
"7228",12,"heavily",1
"7229",12,"held",1
"7230",12,"hemp",1
"7231",12,"he’s",1
"7232",12,"hideous",1
"7233",12,"honest",1
"7234",12,"hoped",1
"7235",12,"horrible",1
"7236",12,"horribly",1
"7237",12,"hostile",1
"7238",12,"hour",1
"7239",12,"howdahs",1
"7240",12,"hundred",1
"7241",12,"hung",1
"7242",12,"hurried",1
"7243",12,"husband",1
"7244",12,"husband’s",1
"7245",12,"imagine",1
"7246",12,"inaccessible",1
"7247",12,"incessant",1
"7248",12,"indian",1
"7249",12,"indians",1
"7250",12,"indignation",1
"7251",12,"influence",1
"7252",12,"inserted",1
"7253",12,"interference",1
"7254",12,"interrupted",1
"7255",12,"intervals",1
"7256",12,"intoxicated",1
"7257",12,"issued",1
"7258",12,"jewels",1
"7259",12,"jostled",1
"7260",12,"juggernaut",1
"7261",12,"jumped",1
"7262",12,"kali",1
"7263",12,"kallenger",1
"7264",12,"kholby",1
"7265",12,"kiouni’s",1
"7266",12,"lace",1
"7267",12,"larger",1
"7268",12,"laughed",1
"7269",12,"laughter",1
"7270",12,"leading",1
"7271",12,"leaped",1
"7272",12,"lies",1
"7273",12,"life",1
"7274",12,"listening",1
"7275",12,"lit",1
"7276",12,"living",1
"7277",12,"loaded",1
"7278",12,"looked",1
"7279",12,"lose",1
"7280",12,"loud",1
"7281",12,"lower",1
"7282",12,"lugubrious",1
"7283",12,"magnificent",1
"7284",12,"mansion",1
"7285",12,"master’s",1
"7286",12,"matter",1
"7287",12,"mingled",1
"7288",12,"mitres",1
"7289",12,"moment",1
"7290",12,"moment’s",1
"7291",12,"morning",1
"7292",12,"motion",1
"7293",12,"motions",1
"7294",12,"mountain",1
"7295",12,"mountains",1
"7296",12,"mounted",1
"7297",12,"murders",1
"7298",12,"musicians",1
"7299",12,"muslin",1
"7300",12,"muttered",1
"7301",12,"naked",1
"7302",12,"nearer",1
"7303",12,"neighbouring",1
"7304",12,"nodded",1
"7305",12,"noise",1
"7306",12,"northern",1
"7307",12,"notice",1
"7308",12,"obliged",1
"7309",12,"occasional",1
"7310",12,"occasionally",1
"7311",12,"occupants",1
"7312",12,"occur",1
"7313",12,"occurred",1
"7314",12,"ochre",1
"7315",12,"officer",1
"7316",12,"opium",1
"7317",12,"oriental",1
"7318",12,"outline",1
"7319",12,"overcome",1
"7320",12,"owing",1
"7321",12,"paces",1
"7322",12,"pagoda",1
"7323",12,"palanquin",1
"7324",12,"palms",1
"7325",12,"panthers",1
"7326",12,"partaken",1
"7327",12,"path",1
"7328",12,"paths",1
"7329",12,"patiently",1
"7330",12,"peacefully",1
"7331",12,"pearls",1
"7332",12,"perceived",1
"7333",12,"perceiving",1
"7334",12,"performed",1
"7335",12,"permission",1
"7336",12,"phlegm",1
"7337",12,"phrases",1
"7338",12,"piece",1
"7339",12,"pillage",1
"7340",12,"pillaji",1
"7341",12,"pistols",1
"7342",12,"plains",1
"7343",12,"pocket",1
"7344",12,"population",1
"7345",12,"power",1
"7346",12,"practices",1
"7347",12,"preferred",1
"7348",12,"preparing",1
"7349",12,"priests",1
"7350",12,"principal",1
"7351",12,"process",1
"7352",12,"prospect",1
"7353",12,"prostrate",1
"7354",12,"protruding",1
"7355",12,"provided",1
"7356",12,"provisions",1
"7357",12,"psalm",1
"7358",12,"purchased",1
"7359",12,"purpose",1
"7360",12,"pursue",1
"7361",12,"putting",1
"7362",12,"quenching",1
"7363",12,"quietly",1
"7364",12,"railway",1
"7365",12,"rajahs",1
"7366",12,"ranks",1
"7367",12,"rapid",1
"7368",12,"ravenously",1
"7369",12,"ready",1
"7370",12,"rearguard",1
"7371",12,"recognising",1
"7372",12,"red",1
"7373",12,"refuge",1
"7374",12,"refused",1
"7375",12,"regretted",1
"7376",12,"relatives",1
"7377",12,"relief",1
"7378",12,"represented",1
"7379",12,"repress",1
"7380",12,"requires",1
"7381",12,"resistance",1
"7382",12,"rest",1
"7383",12,"restless",1
"7384",12,"resuming",1
"7385",12,"rice",1
"7386",12,"richly",1
"7387",12,"rings",1
"7388",12,"river",1
"7389",12,"roads",1
"7390",12,"robes",1
"7391",12,"route",1
"7392",12,"row",1
"7393",12,"ruined",1
"7394",12,"ruinously",1
"7395",12,"rump",1
"7396",12,"sabres",1
"7397",12,"sacrifices",1
"7398",12,"sad",1
"7399",12,"safer",1
"7400",12,"sang",1
"7401",12,"saved",1
"7402",12,"saville",1
"7403",12,"scarcely",1
"7404",12,"scarf",1
"7405",12,"scoundrels",1
"7406",12,"scurvy",1
"7407",12,"secure",1
"7408",12,"sell",1
"7409",12,"separated",1
"7410",12,"serene",1
"7411",12,"serpents",1
"7412",12,"servant",1
"7413",12,"sewed",1
"7414",12,"shave",1
"7415",12,"shook",1
"7416",12,"short",1
"7417",12,"shorten",1
"7418",12,"shoulders",1
"7419",12,"signal",1
"7420",12,"silk",1
"7421",12,"skilful",1
"7422",12,"slackening",1
"7423",12,"slope",1
"7424",12,"slowly",1
"7425",12,"slumbered",1
"7426",12,"slumberers",1
"7427",12,"snores",1
"7428",12,"soldier",1
"7429",12,"sound",1
"7430",12,"sown",1
"7431",12,"spare",1
"7432",12,"speaking",1
"7433",12,"spokes",1
"7434",12,"spurred",1
"7435",12,"spurs",1
"7436",12,"standing",1
"7437",12,"station",1
"7438",12,"steady",1
"7439",12,"step",1
"7440",12,"stir",1
"7441",12,"stop",1
"7442",12,"straight",1
"7443",12,"strange",1
"7444",12,"striding",1
"7445",12,"striking",1
"7446",12,"striped",1
"7447",12,"stupid",1
"7448",12,"subjected",1
"7449",12,"submit",1
"7450",12,"succeeded",1
"7451",12,"successfully",1
"7452",12,"succulent",1
"7453",12,"suddenly",1
"7454",12,"sufficed",1
"7455",12,"sugar",1
"7456",12,"sumptuousness",1
"7457",12,"supper",1
"7458",12,"suppose",1
"7459",12,"surrounded",1
"7460",12,"swift",1
"7461",12,"syenite",1
"7462",12,"taking",1
"7463",12,"talking",1
"7464",12,"teeth",1
"7465",12,"territories",1
"7466",12,"territory",1
"7467",12,"theatre",1
"7468",12,"thinking",1
"7469",12,"thirst",1
"7470",12,"threatening",1
"7471",12,"throw",1
"7472",12,"tinted",1
"7473",12,"tissue",1
"7474",12,"toes",1
"7475",12,"tones",1
"7476",12,"tour",1
"7477",12,"town",1
"7478",12,"transporting",1
"7479",12,"travel",1
"7480",12,"treat",1
"7481",12,"treatment",1
"7482",12,"trod",1
"7483",12,"trot",1
"7484",12,"trotting",1
"7485",12,"troubled",1
"7486",12,"true",1
"7487",12,"tunic",1
"7488",12,"turban",1
"7489",12,"turnings",1
"7490",12,"ugly",1
"7491",12,"unable",1
"7492",12,"unclean",1
"7493",12,"uneasy",1
"7494",12,"unloosed",1
"7495",12,"unpleasant",1
"7496",12,"upright",1
"7497",12,"urge",1
"7498",12,"vast",1
"7499",12,"vaulted",1
"7500",12,"village",1
"7501",12,"vindhia",1
"7502",12,"violent",1
"7503",12,"voice",1
"7504",12,"waists",1
"7505",12,"waited",1
"7506",12,"warmth",1
"7507",12,"weapons",1
"7508",12,"wearing",1
"7509",12,"what’s",1
"7510",12,"whispered",1
"7511",12,"whistle",1
"7512",12,"wholly",1
"7513",12,"widow",1
"7514",12,"wild",1
"7515",12,"women",1
"7516",12,"wood",1
"7517",12,"woods",1
"7518",12,"word",1
"7519",12,"worrying",1
"7520",12,"wound",1
"7521",12,"wrapped",1
"7522",12,"wretch",1
"7523",12,"wretched",1
"7524",12,"zebus",1
"7525",13,"abrupt",1
"7526",13,"accomplished",1
"7527",13,"account",1
"7528",13,"act",1
"7529",13,"acting",1
"7530",13,"admit",1
"7531",13,"adopt",1
"7532",13,"alarm",1
"7533",13,"allahabad",1
"7534",13,"ally",1
"7535",13,"amid",1
"7536",13,"animated",1
"7537",13,"anon",1
"7538",13,"aouda",1
"7539",13,"aperture",1
"7540",13,"apparent",1
"7541",13,"appearance",1
"7542",13,"apprised",1
"7543",13,"approach",1
"7544",13,"arrows",1
"7545",13,"ascertain",1
"7546",13,"assiduously",1
"7547",13,"assistance",1
"7548",13,"assured",1
"7549",13,"attain",1
"7550",13,"attempted",1
"7551",13,"audacity",1
"7552",13,"awaited",1
"7553",13,"awkwardly",1
"7554",13,"background",1
"7555",13,"ball",1
"7556",13,"battlefield",1
"7557",13,"bearing",1
"7558",13,"beauty",1
"7559",13,"behold",1
"7560",13,"bent",1
"7561",13,"betraying",1
"7562",13,"bold",1
"7563",13,"boldly",1
"7564",13,"bombay",1
"7565",13,"borders",1
"7566",13,"borne",1
"7567",13,"bowed",1
"7568",13,"brain",1
"7569",13,"break",1
"7570",13,"bricks",1
"7571",13,"brigadier",1
"7572",13,"bright",1
"7573",13,"broken",1
"7574",13,"brought",1
"7575",13,"brush",1
"7576",13,"built",1
"7577",13,"bullets",1
"7578",13,"bundelcund",1
"7579",13,"burden",1
"7580",13,"burned",1
"7581",13,"burning",1
"7582",13,"carried",1
"7583",13,"cautiously",1
"7584",13,"ceased",1
"7585",13,"ceasing",1
"7586",13,"celebrated",1
"7587",13,"change",1
"7588",13,"changed",1
"7589",13,"charmed",1
"7590",13,"children",1
"7591",13,"city",1
"7592",13,"colloquy",1
"7593",13,"command",1
"7594",13,"commenced",1
"7595",13,"common",1
"7596",13,"concealed",1
"7597",13,"confirmed",1
"7598",13,"consented",1
"7599",13,"consultation",1
"7600",13,"convinced",1
"7601",13,"convulsively",1
"7602",13,"cool",1
"7603",13,"copse",1
"7604",13,"corpse",1
"7605",13,"counted",1
"7606",13,"daring",1
"7607",13,"dark",1
"7608",13,"daughter",1
"7609",13,"daylight",1
"7610",13,"declared",1
"7611",13,"deepened",1
"7612",13,"deepening",1
"7613",13,"default",1
"7614",13,"delay",1
"7615",13,"delivered",1
"7616",13,"descended",1
"7617",13,"describe",1
"7618",13,"design",1
"7619",13,"determined",1
"7620",13,"devoted",1
"7621",13,"difficult",1
"7622",13,"dim",1
"7623",13,"direct",1
"7624",13,"direction",1
"7625",13,"disappeared",1
"7626",13,"discovered",1
"7627",13,"discussed",1
"7628",13,"distance",1
"7629",13,"disturbance",1
"7630",13,"door",1
"7631",13,"doubt",1
"7632",13,"drama",1
"7633",13,"drunkenness",1
"7634",13,"due",1
"7635",13,"dusk",1
"7636",13,"easily",1
"7637",13,"echoed",1
"7638",13,"edge",1
"7639",13,"education",1
"7640",13,"embalmed",1
"7641",13,"emotion",1
"7642",13,"engaged",1
"7643",13,"english",1
"7644",13,"englishman",1
"7645",13,"enter",1
"7646",13,"enthusiastic",1
"7647",13,"entrance",1
"7648",13,"ere",1
"7649",13,"erect",1
"7650",13,"escorted",1
"7651",13,"espied",1
"7652",13,"european",1
"7653",13,"excellent",1
"7654",13,"executioner",1
"7655",13,"executioners",1
"7656",13,"exterior",1
"7657",13,"fallen",1
"7658",13,"familiar",1
"7659",13,"farther",1
"7660",13,"fate",1
"7661",13,"fell",1
"7662",13,"fifty",1
"7663",13,"fire",1
"7664",13,"fired",1
"7665",13,"firmly",1
"7666",13,"fists",1
"7667",13,"flash",1
"7668",13,"fool",1
"7669",13,"foot",1
"7670",13,"force",1
"7671",13,"foreseen",1
"7672",13,"forest",1
"7673",13,"francis’s",1
"7674",13,"frankly",1
"7675",13,"fro",1
"7676",13,"fugitives",1
"7677",13,"fumes",1
"7678",13,"funeral",1
"7679",13,"generosity",1
"7680",13,"generous",1
"7681",13,"ghostly",1
"7682",13,"glare",1
"7683",13,"gnashed",1
"7684",13,"groans",1
"7685",13,"guard",1
"7686",13,"guide’s",1
"7687",13,"halted",1
"7688",13,"hand",1
"7689",13,"happily",1
"7690",13,"happy",1
"7691",13,"hard",1
"7692",13,"hastened",1
"7693",13,"hat",1
"7694",13,"head",1
"7695",13,"hear",1
"7696",13,"heavily",1
"7697",13,"heavy",1
"7698",13,"height",1
"7699",13,"heightened",1
"7700",13,"hesitate",1
"7701",13,"hid",1
"7702",13,"holding",1
"7703",13,"hole",1
"7704",13,"hope",1
"7705",13,"horizon",1
"7706",13,"horrible",1
"7707",13,"human",1
"7708",13,"husband’s",1
"7709",13,"icy",1
"7710",13,"impracticable",1
"7711",13,"imprisoned",1
"7712",13,"inanimate",1
"7713",13,"increased",1
"7714",13,"indian",1
"7715",13,"installed",1
"7716",13,"intelligence",1
"7717",13,"interrupted",1
"7718",13,"intervention",1
"7719",13,"intoxication",1
"7720",13,"it’s",1
"7721",13,"knife",1
"7722",13,"knives",1
"7723",13,"knowing",1
"7724",13,"leading",1
"7725",13,"liberty",1
"7726",13,"life",1
"7727",13,"lift",1
"7728",13,"lighted",1
"7729",13,"lighter",1
"7730",13,"liquid",1
"7731",13,"lit",1
"7732",13,"lives",1
"7733",13,"lodged",1
"7734",13,"loosen",1
"7735",13,"lost",1
"7736",13,"love",1
"7737",13,"low",1
"7738",13,"lower",1
"7739",13,"lowest",1
"7740",13,"mad",1
"7741",13,"manners",1
"7742",13,"marching",1
"7743",13,"married",1
"7744",13,"master’s",1
"7745",13,"means",1
"7746",13,"merchant",1
"7747",13,"met",1
"7748",13,"midnight",1
"7749",13,"minarets",1
"7750",13,"mingled",1
"7751",13,"mingling",1
"7752",13,"moon",1
"7753",13,"motionless",1
"7754",13,"move",1
"7755",13,"murmuring",1
"7756",13,"naked",1
"7757",13,"narrative",1
"7758",13,"neutrality",1
"7759",13,"noise",1
"7760",13,"noon",1
"7761",13,"obscurity",1
"7762",13,"observation",1
"7763",13,"observe",1
"7764",13,"officers",1
"7765",13,"oil",1
"7766",13,"opium",1
"7767",13,"orphan",1
"7768",13,"overhanging",1
"7769",13,"o’clock",1
"7770",13,"pace",1
"7771",13,"paces",1
"7772",13,"parsee’s",1
"7773",13,"past",1
"7774",13,"penetrated",1
"7775",13,"perched",1
"7776",13,"plan",1
"7777",13,"planning",1
"7778",13,"playing",1
"7779",13,"plunged",1
"7780",13,"plunging",1
"7781",13,"pocket",1
"7782",13,"prevent",1
"7783",13,"prodigy",1
"7784",13,"profiting",1
"7785",13,"project",1
"7786",13,"proposed",1
"7787",13,"prostrated",1
"7788",13,"prudence",1
"7789",13,"purpose",1
"7790",13,"pushed",1
"7791",13,"question",1
"7792",13,"race",1
"7793",13,"rage",1
"7794",13,"ranks",1
"7795",13,"rapid",1
"7796",13,"read",1
"7797",13,"readiness",1
"7798",13,"received",1
"7799",13,"reconnaissance",1
"7800",13,"recovered",1
"7801",13,"relatives",1
"7802",13,"religious",1
"7803",13,"remain",1
"7804",13,"repeated",1
"7805",13,"replying",1
"7806",13,"resolving",1
"7807",13,"rest",1
"7808",13,"resume",1
"7809",13,"resumed",1
"7810",13,"resuscitated",1
"7811",13,"retaken",1
"7812",13,"retire",1
"7813",13,"returned",1
"7814",13,"rose",1
"7815",13,"rosin",1
"7816",13,"roundabout",1
"7817",13,"sabres",1
"7818",13,"safer",1
"7819",13,"scene",1
"7820",13,"seizing",1
"7821",13,"semi",1
"7822",13,"senseless",1
"7823",13,"serpent",1
"7824",13,"set",1
"7825",13,"shades",1
"7826",13,"shaken",1
"7827",13,"shook",1
"7828",13,"silence",1
"7829",13,"sleeping",1
"7830",13,"slip",1
"7831",13,"slumbering",1
"7832",13,"snatch",1
"7833",13,"soaked",1
"7834",13,"songs",1
"7835",13,"sots",1
"7836",13,"soul",1
"7837",13,"sounded",1
"7838",13,"spectre",1
"7839",13,"steadily",1
"7840",13,"steps",1
"7841",13,"stop",1
"7842",13,"stretched",1
"7843",13,"strewn",1
"7844",13,"stricken",1
"7845",13,"striving",1
"7846",13,"struck",1
"7847",13,"stupefied",1
"7848",13,"success",1
"7849",13,"sudden",1
"7850",13,"suppleness",1
"7851",13,"supported",1
"7852",13,"surprise",1
"7853",13,"swung",1
"7854",13,"tambourines",1
"7855",13,"teeth",1
"7856",13,"ten",1
"7857",13,"terrible",1
"7858",13,"throbbed",1
"7859",13,"time",1
"7860",13,"tomorrow",1
"7861",13,"tone",1
"7862",13,"top",1
"7863",13,"torch",1
"7864",13,"tortures",1
"7865",13,"tour",1
"7866",13,"tranquil",1
"7867",13,"trick",1
"7868",13,"twelve",1
"7869",13,"urged",1
"7870",13,"utter",1
"7871",13,"vigorous",1
"7872",13,"volley",1
"7873",13,"wait",1
"7874",13,"wane",1
"7875",13,"watched",1
"7876",13,"wealthy",1
"7877",13,"whizzed",1
"7878",13,"wide",1
"7879",13,"wild",1
"7880",13,"wind",1
"7881",13,"women",1
"7882",13,"woods",1
"7883",13,"worthy",1
"7884",13,"yield",1
"7885",13,"yielding",1
"7886",14,"abashed",1
"7887",14,"ablutions",1
"7888",14,"acceptation",1
"7889",14,"accepted",1
"7890",14,"account",1
"7891",14,"actual",1
"7892",14,"adieu",1
"7893",14,"advanced",1
"7894",14,"advancing",1
"7895",14,"adventure",1
"7896",14,"agency",1
"7897",14,"agreed",1
"7898",14,"ahead",1
"7899",14,"ahmehnagara",1
"7900",14,"air",1
"7901",14,"alarmed",1
"7902",14,"alligators",1
"7903",14,"anglicised",1
"7904",14,"animal",1
"7905",14,"aouda’s",1
"7906",14,"applying",1
"7907",14,"arrival",1
"7908",14,"arrive",1
"7909",14,"aspect",1
"7910",14,"assert",1
"7911",14,"astonished",1
"7912",14,"astonishment",1
"7913",14,"athens",1
"7914",14,"attract",1
"7915",14,"bade",1
"7916",14,"bank",1
"7917",14,"banks",1
"7918",14,"barley",1
"7919",14,"bathing",1
"7920",14,"bazaar",1
"7921",14,"bears",1
"7922",14,"beast",1
"7923",14,"beauty",1
"7924",14,"belonged",1
"7925",14,"bengal",1
"7926",14,"betrayed",1
"7927",14,"birmingham",1
"7928",14,"bitterest",1
"7929",14,"blanket",1
"7930",14,"borders",1
"7931",14,"bosom",1
"7932",14,"bow",1
"7933",14,"brahma",1
"7934",14,"brahma’s",1
"7935",14,"brahmin",1
"7936",14,"brahmins",1
"7937",14,"brandy",1
"7938",14,"brave",1
"7939",14,"breast",1
"7940",14,"brick",1
"7941",14,"brilliancy",1
"7942",14,"brilliant",1
"7943",14,"bringing",1
"7944",14,"brows",1
"7945",14,"bud",1
"7946",14,"buddhism",1
"7947",14,"burdwan",1
"7948",14,"buxar",1
"7949",14,"call",1
"7950",14,"capital",1
"7951",14,"caressed",1
"7952",14,"casi",1
"7953",14,"celebrates",1
"7954",14,"celestial",1
"7955",14,"ceylon",1
"7956",14,"chandernagor",1
"7957",14,"charged",1
"7958",14,"charm",1
"7959",14,"charms",1
"7960",14,"cheeks",1
"7961",14,"chilly",1
"7962",14,"chimneys",1
"7963",14,"chinese",1
"7964",14,"chupenie",1
"7965",14,"clasp",1
"7966",14,"clasping",1
"7967",14,"clay",1
"7968",14,"clothed",1
"7969",14,"clouds",1
"7970",14,"coast",1
"7971",14,"commendation",1
"7972",14,"commerce",1
"7973",14,"complete",1
"7974",14,"concealed",1
"7975",14,"contour",1
"7976",14,"corn",1
"7977",14,"cornwallis",1
"7978",14,"country’s",1
"7979",14,"county",1
"7980",14,"courage",1
"7981",14,"cried",1
"7982",14,"cromarty",1
"7983",14,"cromarty’s",1
"7984",14,"crossed",1
"7985",14,"crusty",1
"7986",14,"curved",1
"7987",14,"dangers",1
"7988",14,"darkness",1
"7989",14,"darksome",1
"7990",14,"date",1
"7991",14,"days",1
"7992",14,"dazzling",1
"7993",14,"dearly",1
"7994",14,"debtor",1
"7995",14,"defended",1
"7996",14,"deities",1
"7997",14,"delicate",1
"7998",14,"delicately",1
"7999",14,"deliverers",1
"8000",14,"descends",1
"8001",14,"desolation",1
"8002",14,"destination",1
"8003",14,"determined",1
"8004",14,"devoted",1
"8005",14,"dewdrops",1
"8006",14,"diamonds",1
"8007",14,"difficulty",1
"8008",14,"discern",1
"8009",14,"displays",1
"8010",14,"disposed",1
"8011",14,"disturbed",1
"8012",14,"diversified",1
"8013",14,"divided",1
"8014",14,"divine",1
"8015",14,"divinities",1
"8016",14,"dressed",1
"8017",14,"drink",1
"8018",14,"drowsiness",1
"8019",14,"due",1
"8020",14,"dwindled",1
"8021",14,"eagerly",1
"8022",14,"ears",1
"8023",14,"ebony",1
"8024",14,"edgetool",1
"8025",14,"effects",1
"8026",14,"eighty",1
"8027",14,"elderly",1
"8028",14,"elephants",1
"8029",14,"embalmed",1
"8030",14,"enable",1
"8031",14,"encamped",1
"8032",14,"encircle",1
"8033",14,"entered",1
"8034",14,"enveloped",1
"8035",14,"equal",1
"8036",14,"escape",1
"8037",14,"escort",1
"8038",14,"exact",1
"8039",14,"exaggerated",1
"8040",14,"exclaimed",1
"8041",14,"executioners",1
"8042",14,"exploit",1
"8043",14,"expressing",1
"8044",14,"expression",1
"8045",14,"fall",1
"8046",14,"familiar",1
"8047",14,"famous",1
"8048",14,"fanatics",1
"8049",14,"farthing",1
"8050",14,"fashion",1
"8051",14,"fate",1
"8052",14,"feet",1
"8053",14,"fellow’s",1
"8054",14,"fervent",1
"8055",14,"fields",1
"8056",14,"figure",1
"8057",14,"fireman",1
"8058",14,"fitfully",1
"8059",14,"flag",1
"8060",14,"flash",1
"8061",14,"fled",1
"8062",14,"float",1
"8063",14,"flower",1
"8064",14,"flower’s",1
"8065",14,"flying",1
"8066",14,"foes",1
"8067",14,"folds",1
"8068",14,"forces",1
"8069",14,"forest",1
"8070",14,"forests",1
"8071",14,"forget",1
"8072",14,"form",1
"8073",14,"formed",1
"8074",14,"forthwith",1
"8075",14,"fortified",1
"8076",14,"fortune",1
"8077",14,"found",1
"8078",14,"foundries",1
"8079",14,"french",1
"8080",14,"frequent",1
"8081",14,"freshness",1
"8082",14,"friend",1
"8083",14,"frightening",1
"8084",14,"fumes",1
"8085",14,"furs",1
"8086",14,"future",1
"8087",14,"gaily",1
"8088",14,"gained",1
"8089",14,"gallant",1
"8090",14,"gently",1
"8091",14,"ghazipur",1
"8092",14,"glistened",1
"8093",14,"glow",1
"8094",14,"godlike",1
"8095",14,"gour",1
"8096",14,"gradually",1
"8097",14,"gratefully",1
"8098",14,"gratitude",1
"8099",14,"green",1
"8100",14,"ground",1
"8101",14,"grunted",1
"8102",14,"guidance",1
"8103",14,"gulls",1
"8104",14,"gymnast",1
"8105",14,"habiliments",1
"8106",14,"halt",1
"8107",14,"happy",1
"8108",14,"harmonious",1
"8109",14,"head",1
"8110",14,"hearty",1
"8111",14,"heavenward",1
"8112",14,"held",1
"8113",14,"hemp",1
"8114",14,"hesitate",1
"8115",14,"hesitated",1
"8116",14,"hidden",1
"8117",14,"himalaya",1
"8118",14,"honour",1
"8119",14,"hope",1
"8120",14,"houses",1
"8121",14,"howdahs",1
"8122",14,"hugly",1
"8123",14,"hushed",1
"8124",14,"huts",1
"8125",14,"immortal",1
"8126",14,"impersonation",1
"8127",14,"inevitably",1
"8128",14,"influence",1
"8129",14,"installed",1
"8130",14,"interpreted",1
"8131",14,"interrupted",1
"8132",14,"intoxication",1
"8133",14,"iron",1
"8134",14,"island",1
"8135",14,"jew",1
"8136",14,"journal",1
"8137",14,"jumna",1
"8138",14,"junction",1
"8139",14,"jungles",1
"8140",14,"kama",1
"8141",14,"king",1
"8142",14,"lakes",1
"8143",14,"landscape",1
"8144",14,"lashes",1
"8145",14,"leaved",1
"8146",14,"legislators",1
"8147",14,"lifted",1
"8148",14,"light",1
"8149",14,"lightly",1
"8150",14,"line",1
"8151",14,"liquor",1
"8152",14,"locomotive",1
"8153",14,"london",1
"8154",14,"looked",1
"8155",14,"lord",1
"8156",14,"lost",1
"8157",14,"lotus",1
"8158",14,"love",1
"8159",14,"loveliest",1
"8160",14,"lumps",1
"8161",14,"madras",1
"8162",14,"mahomet’s",1
"8163",14,"manchester",1
"8164",14,"mantle",1
"8165",14,"manufacturing",1
"8166",14,"market",1
"8167",14,"marvels",1
"8168",14,"matter",1
"8169",14,"menaced",1
"8170",14,"merchants",1
"8171",14,"midst",1
"8172",14,"mind",1
"8173",14,"modelled",1
"8174",14,"moments",1
"8175",14,"monghir",1
"8176",14,"morning",1
"8177",14,"mountains",1
"8178",14,"murshedabad",1
"8179",14,"narrated",1
"8180",14,"narrow",1
"8181",14,"natural",1
"8182",14,"neat",1
"8183",14,"night",1
"8184",14,"noble",1
"8185",14,"northward",1
"8186",14,"offer",1
"8187",14,"offered",1
"8188",14,"opium",1
"8189",14,"orientalists",1
"8190",14,"original",1
"8191",14,"otter",1
"8192",14,"outline",1
"8193",14,"owing",1
"8194",14,"packet",1
"8195",14,"pagoda",1
"8196",14,"paid",1
"8197",14,"panorama",1
"8198",14,"passepartout’s",1
"8199",14,"passion",1
"8200",14,"past",1
"8201",14,"pathetically",1
"8202",14,"patna",1
"8203",14,"pearls",1
"8204",14,"pelisse",1
"8205",14,"peninsula",1
"8206",14,"peopled",1
"8207",14,"performing",1
"8208",14,"phrase",1
"8209",14,"pilgrims",1
"8210",14,"pious",1
"8211",14,"plain",1
"8212",14,"poet",1
"8213",14,"poetical",1
"8214",14,"police",1
"8215",14,"pounds",1
"8216",14,"price",1
"8217",14,"prison",1
"8218",14,"proceeded",1
"8219",14,"produced",1
"8220",14,"profitable",1
"8221",14,"prospect",1
"8222",14,"prostration",1
"8223",14,"proud",1
"8224",14,"puffing",1
"8225",14,"pupils",1
"8226",14,"purchases",1
"8227",14,"purchasing",1
"8228",14,"pure",1
"8229",14,"purest",1
"8230",14,"purity",1
"8231",14,"queen",1
"8232",14,"queer",1
"8233",14,"question",1
"8234",14,"quitting",1
"8235",14,"rajah",1
"8236",14,"rajahs",1
"8237",14,"ramayana",1
"8238",14,"rapidly",1
"8239",14,"reach",1
"8240",14,"reassure",1
"8241",14,"reassured",1
"8242",14,"recalled",1
"8243",14,"received",1
"8244",14,"recounting",1
"8245",14,"recover",1
"8246",14,"recovered",1
"8247",14,"reflect",1
"8248",14,"reflections",1
"8249",14,"regent",1
"8250",14,"regretted",1
"8251",14,"rejoining",1
"8252",14,"relation",1
"8253",14,"remembered",1
"8254",14,"repeating",1
"8255",14,"replaced",1
"8256",14,"reposing",1
"8257",14,"result",1
"8258",14,"reviving",1
"8259",14,"rhapsody",1
"8260",14,"rises",1
"8261",14,"rising",1
"8262",14,"risk",1
"8263",14,"risked",1
"8264",14,"river",1
"8265",14,"rivers",1
"8266",14,"roaring",1
"8267",14,"rose",1
"8268",14,"rounded",1
"8269",14,"ruined",1
"8270",14,"ruler",1
"8271",14,"run",1
"8272",14,"sacrifice",1
"8273",14,"safe",1
"8274",14,"safely",1
"8275",14,"satisfaction",1
"8276",14,"scarcely",1
"8277",14,"scattered",1
"8278",14,"scene",1
"8279",14,"scotch",1
"8280",14,"scudding",1
"8281",14,"sculptor",1
"8282",14,"season",1
"8283",14,"seat",1
"8284",14,"senses",1
"8285",14,"sequel",1
"8286",14,"sergeant",1
"8287",14,"serviceable",1
"8288",14,"set",1
"8289",14,"sets",1
"8290",14,"seventy",1
"8291",14,"shake",1
"8292",14,"shaken",1
"8293",14,"shawl",1
"8294",14,"shining",1
"8295",14,"shiva",1
"8296",14,"shuddered",1
"8297",14,"silver",1
"8298",14,"site",1
"8299",14,"skilful",1
"8300",14,"skin",1
"8301",14,"smiling",1
"8302",14,"smoke",1
"8303",14,"soft",1
"8304",14,"solar",1
"8305",14,"sold",1
"8306",14,"solemnly",1
"8307",14,"solid",1
"8308",14,"south",1
"8309",14,"speaks",1
"8310",14,"spoke",1
"8311",14,"spouse",1
"8312",14,"stands",1
"8313",14,"start",1
"8314",14,"started",1
"8315",14,"steam",1
"8316",14,"steamer",1
"8317",14,"steamers",1
"8318",14,"stopped",1
"8319",14,"strangers",1
"8320",14,"strayed",1
"8321",14,"street",1
"8322",14,"streets",1
"8323",14,"stronghold",1
"8324",14,"struck",1
"8325",14,"stuff",1
"8326",14,"stupefied",1
"8327",14,"subjected",1
"8328",14,"sugar",1
"8329",14,"supple",1
"8330",14,"supposed",1
"8331",14,"supreme",1
"8332",14,"surface",1
"8333",14,"suspended",1
"8334",14,"swarming",1
"8335",14,"swim",1
"8336",14,"tears",1
"8337",14,"teeth",1
"8338",14,"telling",1
"8339",14,"ten",1
"8340",14,"tender",1
"8341",14,"terror",1
"8342",14,"thanked",1
"8343",14,"thickly",1
"8344",14,"tigers",1
"8345",14,"toilet",1
"8346",14,"told",1
"8347",14,"trading",1
"8348",14,"transformed",1
"8349",14,"travelling",1
"8350",14,"treasures",1
"8351",14,"tresses",1
"8352",14,"triumphantly",1
"8353",14,"troops",1
"8354",14,"trunk",1
"8355",14,"tunic",1
"8356",14,"turtles",1
"8357",14,"twelve",1
"8358",14,"ucaf",1
"8359",14,"uddaul",1
"8360",14,"unconscious",1
"8361",14,"understood",1
"8362",14,"unlimited",1
"8363",14,"unpoetically",1
"8364",14,"vain",1
"8365",14,"valley",1
"8366",14,"vast",1
"8367",14,"venerable",1
"8368",14,"venerated",1
"8369",14,"vengeance",1
"8370",14,"venture",1
"8371",14,"verdure",1
"8372",14,"vermilion",1
"8373",14,"victim",1
"8374",14,"vicvarcarma",1
"8375",14,"villages",1
"8376",14,"vishnu",1
"8377",14,"waiting",1
"8378",14,"warmth",1
"8379",14,"wasn’t",1
"8380",14,"wealth",1
"8381",14,"westward",1
"8382",14,"wheat",1
"8383",14,"whilst",1
"8384",14,"whirling",1
"8385",14,"whistling",1
"8386",14,"wholly",1
"8387",14,"windows",1
"8388",14,"wishing",1
"8389",14,"wolves",1
"8390",14,"words",1
"8391",14,"worth",1
"8392",14,"worthy",1
"8393",14,"wrapped",1
"8394",14,"yield",1
"8395",14,"youth",1
"8396",15,"20th",1
"8397",15,"abandon",1
"8398",15,"abominable",1
"8399",15,"accompanied",1
"8400",15,"account",1
"8401",15,"act",1
"8402",15,"acts",1
"8403",15,"adjoining",1
"8404",15,"advance",1
"8405",15,"advantage",1
"8406",15,"affair",1
"8407",15,"angrily",1
"8408",15,"announce",1
"8409",15,"anxiety",1
"8410",15,"apartment",1
"8411",15,"apiece",1
"8412",15,"appeared",1
"8413",15,"arm",1
"8414",15,"arrest",1
"8415",15,"assisted",1
"8416",15,"astonishment",1
"8417",15,"authorities",1
"8418",15,"bag",1
"8419",15,"bails",1
"8420",15,"barred",1
"8421",15,"bench",1
"8422",15,"betrayed",1
"8423",15,"bills",1
"8424",15,"black",1
"8425",15,"blood",1
"8426",15,"boat",1
"8427",15,"brahmin",1
"8428",15,"bribes",1
"8429",15,"brick",1
"8430",15,"bright",1
"8431",15,"bristling",1
"8432",15,"brought",1
"8433",15,"burning",1
"8434",15,"called",1
"8435",15,"calling",1
"8436",15,"capital",1
"8437",15,"carpet",1
"8438",15,"caught",1
"8439",15,"caused",1
"8440",15,"chair",1
"8441",15,"clock",1
"8442",15,"closed",1
"8443",15,"coconut",1
"8444",15,"cold",1
"8445",15,"coldly",1
"8446",15,"comfortably",1
"8447",15,"companion",1
"8448",15,"companions",1
"8449",15,"complaint",1
"8450",15,"composed",1
"8451",15,"composure",1
"8452",15,"conceal",1
"8453",15,"concern",1
"8454",15,"confusion",1
"8455",15,"conjecture",1
"8456",15,"connivance",1
"8457",15,"consecrated",1
"8458",15,"constable",1
"8459",15,"consulted",1
"8460",15,"consulting",1
"8461",15,"contented",1
"8462",15,"continued",1
"8463",15,"corner",1
"8464",15,"crestfallen",1
"8465",15,"crowd",1
"8466",15,"damages",1
"8467",15,"dangerous",1
"8468",15,"dare",1
"8469",15,"dealt",1
"8470",15,"decide",1
"8471",15,"delay",1
"8472",15,"delaying",1
"8473",15,"demanded",1
"8474",15,"departed",1
"8475",15,"desecrator’s",1
"8476",15,"desks",1
"8477",15,"destination",1
"8478",15,"detectives",1
"8479",15,"diminishing",1
"8480",15,"dirty",1
"8481",15,"dispatch",1
"8482",15,"drawn",1
"8483",15,"dressed",1
"8484",15,"driven",1
"8485",15,"easily",1
"8486",15,"elapsed",1
"8487",15,"elegantly",1
"8488",15,"elephant",1
"8489",15,"eleven",1
"8490",15,"emotion",1
"8491",15,"englishman",1
"8492",15,"ensconced",1
"8493",15,"equally",1
"8494",15,"equipages",1
"8495",15,"escapade",1
"8496",15,"escape",1
"8497",15,"escort",1
"8498",15,"espied",1
"8499",15,"european",1
"8500",15,"europeans",1
"8501",15,"event",1
"8502",15,"evidently",1
"8503",15,"exchanged",1
"8504",15,"exhausted",1
"8505",15,"expenses",1
"8506",15,"explain",1
"8507",15,"eyebrows",1
"8508",15,"failed",1
"8509",15,"fair",1
"8510",15,"falling",1
"8511",15,"fat",1
"8512",15,"fate",1
"8513",15,"fellow",1
"8514",15,"feverish",1
"8515",15,"fifteen",1
"8516",15,"fifty",1
"8517",15,"fines",1
"8518",15,"fogg’s",1
"8519",15,"fool",1
"8520",15,"foreseen",1
"8521",15,"forgotten",1
"8522",15,"forward",1
"8523",15,"front",1
"8524",15,"gentleman",1
"8525",15,"goodly",1
"8526",15,"ground",1
"8527",15,"hall",1
"8528",15,"hand",1
"8529",15,"handed",1
"8530",15,"handsome",1
"8531",15,"hanging",1
"8532",15,"harbour",1
"8533",15,"hastened",1
"8534",15,"heard",1
"8535",15,"heh",1
"8536",15,"he’s",1
"8537",15,"hoisted",1
"8538",15,"hopes",1
"8539",15,"horsemen",1
"8540",15,"horses",1
"8541",15,"hour",1
"8542",15,"house",1
"8543",15,"hurriedly",1
"8544",15,"huts",1
"8545",15,"ill",1
"8546",15,"immediately",1
"8547",15,"impatiently",1
"8548",15,"impossible",1
"8549",15,"imprudent",1
"8550",15,"informed",1
"8551",15,"intended",1
"8552",15,"issued",1
"8553",15,"i’ll",1
"8554",15,"jail",1
"8555",15,"judgment",1
"8556",15,"jumping",1
"8557",15,"knowing",1
"8558",15,"landed",1
"8559",15,"largeness",1
"8560",15,"learned",1
"8561",15,"leaves",1
"8562",15,"led",1
"8563",15,"left",1
"8564",15,"liberated",1
"8565",15,"lift",1
"8566",15,"london",1
"8567",15,"loss",1
"8568",15,"lost",1
"8569",15,"loud",1
"8570",15,"magistrate",1
"8571",15,"magistrates",1
"8572",15,"mansion",1
"8573",15,"mansions",1
"8574",15,"mast",1
"8575",15,"masts",1
"8576",15,"matter",1
"8577",15,"means",1
"8578",15,"mile",1
"8579",15,"mind",1
"8580",15,"mine",1
"8581",15,"minutes",1
"8582",15,"misdemeanour",1
"8583",15,"miserable",1
"8584",15,"mistake",1
"8585",15,"modest",1
"8586",15,"money",1
"8587",15,"moored",1
"8588",15,"morning",1
"8589",15,"muttering",1
"8590",15,"nail",1
"8591",15,"narrow",1
"8592",15,"natives",1
"8593",15,"nervous",1
"8594",15,"nervously",1
"8595",15,"nourished",1
"8596",15,"obey",1
"8597",15,"observed",1
"8598",15,"occupied",1
"8599",15,"october",1
"8600",15,"offer",1
"8601",15,"offering",1
"8602",15,"opposite",1
"8603",15,"owing",1
"8604",15,"o’clock",1
"8605",15,"paid",1
"8606",15,"pair",1
"8607",15,"palkigahri",1
"8608",15,"parbleu",1
"8609",15,"passed",1
"8610",15,"passing",1
"8611",15,"pay",1
"8612",15,"people",1
"8613",15,"percentage",1
"8614",15,"permitting",1
"8615",15,"pinch",1
"8616",15,"placidly",1
"8617",15,"placing",1
"8618",15,"poor",1
"8619",15,"population",1
"8620",15,"positively",1
"8621",15,"precious",1
"8622",15,"preoccupied",1
"8623",15,"presence",1
"8624",15,"pretty",1
"8625",15,"preventing",1
"8626",15,"prison",1
"8627",15,"prisoner",1
"8628",15,"private",1
"8629",15,"proceed",1
"8630",15,"proceedings",1
"8631",15,"prodigal",1
"8632",15,"pronounced",1
"8633",15,"proof",1
"8634",15,"protects",1
"8635",15,"proved",1
"8636",15,"provinces",1
"8637",15,"purchase",1
"8638",15,"push",1
"8639",15,"putting",1
"8640",15,"quays",1
"8641",15,"ran",1
"8642",15,"rangoon",1
"8643",15,"rapidity",1
"8644",15,"rapidly",1
"8645",15,"rascal",1
"8646",15,"rash",1
"8647",15,"rate",1
"8648",15,"reach",1
"8649",15,"read",1
"8650",15,"rear",1
"8651",15,"reason",1
"8652",15,"reassured",1
"8653",15,"recall",1
"8654",15,"receive",1
"8655",15,"recovered",1
"8656",15,"refuge",1
"8657",15,"release",1
"8658",15,"relief",1
"8659",15,"religion",1
"8660",15,"religions",1
"8661",15,"repeated",1
"8662",15,"representative",1
"8663",15,"requested",1
"8664",15,"requesting",1
"8665",15,"required",1
"8666",15,"rescue",1
"8667",15,"responded",1
"8668",15,"responsible",1
"8669",15,"restored",1
"8670",15,"retired",1
"8671",15,"rewarded",1
"8672",15,"rogues",1
"8673",15,"roll",1
"8674",15,"rose",1
"8675",15,"round",1
"8676",15,"route",1
"8677",15,"rubbed",1
"8678",15,"ruined",1
"8679",15,"sacrificed",1
"8680",15,"sacrilege",1
"8681",15,"satisfaction",1
"8682",15,"saved",1
"8683",15,"serve",1
"8684",15,"settled",1
"8685",15,"severely",1
"8686",15,"shaded",1
"8687",15,"shouted",1
"8688",15,"silence",1
"8689",15,"softly",1
"8690",15,"sort",1
"8691",15,"southern",1
"8692",15,"spent",1
"8693",15,"spoke",1
"8694",15,"squalid",1
"8695",15,"stamped",1
"8696",15,"stared",1
"8697",15,"startled",1
"8698",15,"sternly",1
"8699",15,"stick",1
"8700",15,"stolen",1
"8701",15,"streets",1
"8702",15,"striking",1
"8703",15,"subject",1
"8704",15,"suez",1
"8705",15,"suttee",1
"8706",15,"swung",1
"8707",15,"taking",1
"8708",15,"talking",1
"8709",15,"tapped",1
"8710",15,"terrible",1
"8711",15,"thief",1
"8712",15,"traces",1
"8713",15,"trains",1
"8714",15,"travelling",1
"8715",15,"treated",1
"8716",15,"treatment",1
"8717",15,"trees",1
"8718",15,"twelve",1
"8719",15,"understand",1
"8720",15,"understood",1
"8721",15,"unwilling",1
"8722",15,"voice",1
"8723",15,"voyage",1
"8724",15,"wager",1
"8725",15,"warmly",1
"8726",15,"warned",1
"8727",15,"watch",1
"8728",15,"watched",1
"8729",15,"watching",1
"8730",15,"week’s",1
"8731",15,"wheeled",1
"8732",15,"wholly",1
"8733",15,"widow",1
"8734",15,"wigs",1
"8735",15,"windows",1
"8736",15,"wise",1
"8737",15,"woman",1
"8738",15,"worship",1
"8739",15,"wrong",1
"8740",16,"30th",1
"8741",16,"_must_",1
"8742",16,"abominable",1
"8743",16,"absolutely",1
"8744",16,"access",1
"8745",16,"accidentally",1
"8746",16,"accomplice",1
"8747",16,"acquaintance",1
"8748",16,"acquainted",1
"8749",16,"acting",1
"8750",16,"advantage",1
"8751",16,"affair",1
"8752",16,"afforded",1
"8753",16,"afraid",1
"8754",16,"agree",1
"8755",16,"ally",1
"8756",16,"america",1
"8757",16,"amid",1
"8758",16,"amount",1
"8759",16,"anxieties",1
"8760",16,"apparently",1
"8761",16,"approached",1
"8762",16,"arecs",1
"8763",16,"arrival",1
"8764",16,"arrive",1
"8765",16,"asserted",1
"8766",16,"assure",1
"8767",16,"astonished",1
"8768",16,"authorities",1
"8769",16,"automaton",1
"8770",16,"avail",1
"8771",16,"awakening",1
"8772",16,"bail",1
"8773",16,"bamboo",1
"8774",16,"baronet",1
"8775",16,"bay",1
"8776",16,"belong",1
"8777",16,"berth",1
"8778",16,"betraying",1
"8779",16,"boat",1
"8780",16,"boats",1
"8781",16,"built",1
"8782",16,"calm",1
"8783",16,"cannibals",1
"8784",16,"carry",1
"8785",16,"celestial",1
"8786",16,"centred",1
"8787",16,"charmed",1
"8788",16,"charming",1
"8789",16,"chinese",1
"8790",16,"coasts",1
"8791",16,"coldness",1
"8792",16,"combination",1
"8793",16,"comfort",1
"8794",16,"comfortably",1
"8795",16,"companion",1
"8796",16,"company",1
"8797",16,"company’s",1
"8798",16,"comprehend",1
"8799",16,"comprised",1
"8800",16,"conceal",1
"8801",16,"concealing",1
"8802",16,"confidant",1
"8803",16,"confirmed",1
"8804",16,"constantly",1
"8805",16,"cost",1
"8806",16,"cotton",1
"8807",16,"court",1
"8808",16,"cousin",1
"8809",16,"covered",1
"8810",16,"create",1
"8811",16,"crime",1
"8812",16,"crony",1
"8813",16,"damsel",1
"8814",16,"dangerous",1
"8815",16,"dealing",1
"8816",16,"decided",1
"8817",16,"deck",1
"8818",16,"deep",1
"8819",16,"delay",1
"8820",16,"delays",1
"8821",16,"detective’s",1
"8822",16,"determined",1
"8823",16,"difficulties",1
"8824",16,"disappointment",1
"8825",16,"disclosure",1
"8826",16,"dish",1
"8827",16,"don’t",1
"8828",16,"doubtless",1
"8829",16,"drawn",1
"8830",16,"due",1
"8831",16,"easy",1
"8832",16,"eccentricity",1
"8833",16,"effected",1
"8834",16,"elephant",1
"8835",16,"elopement",1
"8836",16,"elude",1
"8837",16,"embark",1
"8838",16,"emerged",1
"8839",16,"emotion",1
"8840",16,"empire",1
"8841",16,"employed",1
"8842",16,"enable",1
"8843",16,"engines",1
"8844",16,"enlightened",1
"8845",16,"equally",1
"8846",16,"essayed",1
"8847",16,"europe",1
"8848",16,"evidence",1
"8849",16,"evidently",1
"8850",16,"exalting",1
"8851",16,"exclaimed",1
"8852",16,"explain",1
"8853",16,"extradition",1
"8854",16,"extreme",1
"8855",16,"eyes",1
"8856",16,"fail",1
"8857",16,"fairly",1
"8858",16,"familiar",1
"8859",16,"fast",1
"8860",16,"fastened",1
"8861",16,"favourable",1
"8862",16,"feet",1
"8863",16,"fellow",1
"8864",16,"ferns",1
"8865",16,"finally",1
"8866",16,"fitted",1
"8867",16,"foot",1
"8868",16,"foreground",1
"8869",16,"forests",1
"8870",16,"fortunes",1
"8871",16,"forwarded",1
"8872",16,"friendly",1
"8873",16,"furnish",1
"8874",16,"gentleman",1
"8875",16,"gigantic",1
"8876",16,"gin",1
"8877",16,"government",1
"8878",16,"graceful",1
"8879",16,"ground",1
"8880",16,"guide’s",1
"8881",16,"gulf",1
"8882",16,"hands",1
"8883",16,"hear",1
"8884",16,"himalaya",1
"8885",16,"hints",1
"8886",16,"hopes",1
"8887",16,"horse",1
"8888",16,"hum",1
"8889",16,"humanity",1
"8890",16,"ignorant",1
"8891",16,"impelled",1
"8892",16,"implicated",1
"8893",16,"impressed",1
"8894",16,"inclined",1
"8895",16,"india",1
"8896",16,"indian",1
"8897",16,"instant",1
"8898",16,"interior",1
"8899",16,"intractable",1
"8900",16,"intrigue",1
"8901",16,"iron",1
"8902",16,"i’ve",1
"8903",16,"jametsee",1
"8904",16,"japan",1
"8905",16,"japanese",1
"8906",16,"jeejeebhoy",1
"8907",16,"jeejeeh",1
"8908",16,"join",1
"8909",16,"journey",1
"8910",16,"jumping",1
"8911",16,"justice",1
"8912",16,"lake",1
"8913",16,"lakes",1
"8914",16,"landscape",1
"8915",16,"leaving",1
"8916",16,"liberty",1
"8917",16,"life",1
"8918",16,"listened",1
"8919",16,"listener",1
"8920",16,"local",1
"8921",16,"looming",1
"8922",16,"lose",1
"8923",16,"lost",1
"8924",16,"lowest",1
"8925",16,"luxurious",1
"8926",16,"malacca",1
"8927",16,"managed",1
"8928",16,"manner",1
"8929",16,"married",1
"8930",16,"master’s",1
"8931",16,"material",1
"8932",16,"mathematically",1
"8933",16,"medium",1
"8934",16,"merchant",1
"8935",16,"merchants",1
"8936",16,"method",1
"8937",16,"miles",1
"8938",16,"mimosa",1
"8939",16,"money",1
"8940",16,"mountains",1
"8941",16,"movements",1
"8942",16,"narrative",1
"8943",16,"native",1
"8944",16,"necessity",1
"8945",16,"nests",1
"8946",16,"obstacles",1
"8947",16,"occupying",1
"8948",16,"ocean",1
"8949",16,"october",1
"8950",16,"offered",1
"8951",16,"oriental",1
"8952",16,"outlines",1
"8953",16,"owed",1
"8954",16,"pagoda",1
"8955",16,"palms",1
"8956",16,"panorama",1
"8957",16,"papuans",1
"8958",16,"passepartout’s",1
"8959",16,"paying",1
"8960",16,"peak",1
"8961",16,"peninsular",1
"8962",16,"perplexed",1
"8963",16,"phlegmatic",1
"8964",16,"picturesque",1
"8965",16,"plying",1
"8966",16,"police",1
"8967",16,"politeness",1
"8968",16,"positively",1
"8969",16,"pounds",1
"8970",16,"power",1
"8971",16,"precious",1
"8972",16,"precision",1
"8973",16,"prepared",1
"8974",16,"prevent",1
"8975",16,"principal",1
"8976",16,"probabilities",1
"8977",16,"promenading",1
"8978",16,"propitious",1
"8979",16,"propose",1
"8980",16,"prosperously",1
"8981",16,"protection",1
"8982",16,"provided",1
"8983",16,"punctual",1
"8984",16,"purchase",1
"8985",16,"purpose",1
"8986",16,"purposely",1
"8987",16,"puzzled",1
"8988",16,"quest",1
"8989",16,"question",1
"8990",16,"races",1
"8991",16,"rapidly",1
"8992",16,"rascal",1
"8993",16,"reached",1
"8994",16,"recognising",1
"8995",16,"recounted",1
"8996",16,"reflection",1
"8997",16,"refuge",1
"8998",16,"regarded",1
"8999",16,"regularly",1
"9000",16,"related",1
"9001",16,"relative",1
"9002",16,"relatives",1
"9003",16,"renew",1
"9004",16,"repeating",1
"9005",16,"reputation",1
"9006",16,"rescue",1
"9007",16,"reserved",1
"9008",16,"resolved",1
"9009",16,"resource",1
"9010",16,"restoration",1
"9011",16,"result",1
"9012",16,"returned",1
"9013",16,"rich",1
"9014",16,"robber",1
"9015",16,"ruin",1
"9016",16,"rushed",1
"9017",16,"sacred",1
"9018",16,"saddle",1
"9019",16,"savage",1
"9020",16,"scale",1
"9021",16,"screw",1
"9022",16,"sea",1
"9023",16,"sending",1
"9024",16,"sentence",1
"9025",16,"set",1
"9026",16,"seventeen",1
"9027",16,"seventy",1
"9028",16,"shores",1
"9029",16,"sickness",1
"9030",16,"sight",1
"9031",16,"signal",1
"9032",16,"simple",1
"9033",16,"simply",1
"9034",16,"sir",1
"9035",16,"sit",1
"9036",16,"sky",1
"9037",16,"slightest",1
"9038",16,"smile",1
"9039",16,"sore",1
"9040",16,"spent",1
"9041",16,"stay",1
"9042",16,"staying",1
"9043",16,"steamed",1
"9044",16,"steamer’s",1
"9045",16,"steps",1
"9046",16,"stop",1
"9047",16,"stopped",1
"9048",16,"strait",1
"9049",16,"straits",1
"9050",16,"strictest",1
"9051",16,"struck",1
"9052",16,"succeed",1
"9053",16,"suddenly",1
"9054",16,"superb",1
"9055",16,"supposed",1
"9056",16,"surprise",1
"9057",16,"suspicions",1
"9058",16,"swallows",1
"9059",16,"swarmed",1
"9060",16,"tables",1
"9061",16,"teakwood",1
"9062",16,"telegraphic",1
"9063",16,"telling",1
"9064",16,"ten",1
"9065",16,"thousands",1
"9066",16,"throw",1
"9067",16,"till",1
"9068",16,"tons",1
"9069",16,"touching",1
"9070",16,"traced",1
"9071",16,"travelling",1
"9072",16,"treated",1
"9073",16,"tree",1
"9074",16,"trifle",1
"9075",16,"trip",1
"9076",16,"trouble",1
"9077",16,"twelve",1
"9078",16,"unluckily",1
"9079",16,"varied",1
"9080",16,"vast",1
"9081",16,"visited",1
"9082",16,"voice",1
"9083",16,"wager",1
"9084",16,"wait",1
"9085",16,"warn",1
"9086",16,"watch",1
"9087",16,"waters",1
"9088",16,"weather",1
"9089",16,"weighing",1
"9090",16,"wicked",1
"9091",16,"willingly",1
"9092",16,"winds",1
"9093",16,"wire",1
"9094",16,"wished",1
"9095",16,"wishes",1
"9096",16,"worthy",1
"9097",16,"yokohama",1
"9098",17,"30th",1
"9099",17,"6th",1
"9100",17,"a.m",1
"9101",17,"abandon",1
"9102",17,"absolutely",1
"9103",17,"accompanied",1
"9104",17,"accomplish",1
"9105",17,"act",1
"9106",17,"action",1
"9107",17,"adversaries",1
"9108",17,"affect",1
"9109",17,"affords",1
"9110",17,"afternoon",1
"9111",17,"agile",1
"9112",17,"agitation",1
"9113",17,"agreed",1
"9114",17,"aided",1
"9115",17,"air",1
"9116",17,"allusions",1
"9117",17,"american",1
"9118",17,"amiable",1
"9119",17,"anam",1
"9120",17,"anchor",1
"9121",17,"announced",1
"9122",17,"aouda’s",1
"9123",17,"appearance",1
"9124",17,"apples",1
"9125",17,"arrest",1
"9126",17,"arrival",1
"9127",17,"ascertain",1
"9128",17,"astronomers",1
"9129",17,"attractions",1
"9130",17,"avenues",1
"9131",17,"awakened",1
"9132",17,"bad",1
"9133",17,"bands",1
"9134",17,"bantering",1
"9135",17,"beauties",1
"9136",17,"beautifully",1
"9137",17,"betray",1
"9138",17,"betrayed",1
"9139",17,"blamed",1
"9140",17,"blew",1
"9141",17,"blow",1
"9142",17,"board",1
"9143",17,"brain",1
"9144",17,"branches",1
"9145",17,"brave",1
"9146",17,"bright",1
"9147",17,"brilliant",1
"9148",17,"brown",1
"9149",17,"burning",1
"9150",17,"bushes",1
"9151",17,"calculate",1
"9152",17,"call",1
"9153",17,"can’t",1
"9154",17,"carriage",1
"9155",17,"carried",1
"9156",17,"catch",1
"9157",17,"caught",1
"9158",17,"cautiously",1
"9159",17,"century",1
"9160",17,"ceylonese",1
"9161",17,"chaff",1
"9162",17,"chaffing",1
"9163",17,"changed",1
"9164",17,"charged",1
"9165",17,"charming",1
"9166",17,"charms",1
"9167",17,"checkered",1
"9168",17,"chinamen",1
"9169",17,"chinese",1
"9170",17,"class",1
"9171",17,"clime",1
"9172",17,"closely",1
"9173",17,"clove",1
"9174",17,"cloves",1
"9175",17,"club",1
"9176",17,"coal",1
"9177",17,"coast",1
"9178",17,"coasts",1
"9179",17,"cochin",1
"9180",17,"collection",1
"9181",17,"colony",1
"9182",17,"colour",1
"9183",17,"complacent",1
"9184",17,"confined",1
"9185",17,"conjecture",1
"9186",17,"connected",1
"9187",17,"consigned",1
"9188",17,"constantly",1
"9189",17,"construction",1
"9190",17,"coolness",1
"9191",17,"cost",1
"9192",17,"countenance",1
"9193",17,"country",1
"9194",17,"craft",1
"9195",17,"craggy",1
"9196",17,"crew",1
"9197",17,"cried",1
"9198",17,"cudgelled",1
"9199",17,"dark",1
"9200",17,"days",1
"9201",17,"deal",1
"9202",17,"dear",1
"9203",17,"defective",1
"9204",17,"delicious",1
"9205",17,"depths",1
"9206",17,"descended",1
"9207",17,"desire",1
"9208",17,"destination",1
"9209",17,"determined",1
"9210",17,"difficult",1
"9211",17,"distant",1
"9212",17,"disturbances",1
"9213",17,"disturbed",1
"9214",17,"disturbing",1
"9215",17,"divulge",1
"9216",17,"dog",1
"9217",17,"double",1
"9218",17,"dozen",1
"9219",17,"drawn",1
"9220",17,"drive",1
"9221",17,"drove",1
"9222",17,"eleven",1
"9223",17,"embarked",1
"9224",17,"embarrassed",1
"9225",17,"enchanted",1
"9226",17,"encountered",1
"9227",17,"engineer",1
"9228",17,"entered",1
"9229",17,"errands",1
"9230",17,"europe",1
"9231",17,"european",1
"9232",17,"events",1
"9233",17,"exclaimed",1
"9234",17,"explanation",1
"9235",17,"expressed",1
"9236",17,"expression",1
"9237",17,"eyes",1
"9238",17,"fail",1
"9239",17,"failed",1
"9240",17,"fairly",1
"9241",17,"faster",1
"9242",17,"ferns",1
"9243",17,"fields",1
"9244",17,"filled",1
"9245",17,"fine",1
"9246",17,"flower",1
"9247",17,"follow",1
"9248",17,"foothold",1
"9249",17,"forests",1
"9250",17,"form",1
"9251",17,"found",1
"9252",17,"friends",1
"9253",17,"fruit",1
"9254",17,"fruits",1
"9255",17,"furred",1
"9256",17,"gain",1
"9257",17,"gained",1
"9258",17,"gallant",1
"9259",17,"game",1
"9260",17,"gardens",1
"9261",17,"gas",1
"9262",17,"gentleman",1
"9263",17,"gentleman’s",1
"9264",17,"gentlemen",1
"9265",17,"glad",1
"9266",17,"glimpse",1
"9267",17,"globe",1
"9268",17,"gorgeous",1
"9269",17,"gourmands",1
"9270",17,"gracefully",1
"9271",17,"gratitude",1
"9272",17,"gravitated",1
"9273",17,"grinning",1
"9274",17,"grows",1
"9275",17,"guessed",1
"9276",17,"habit",1
"9277",17,"hand",1
"9278",17,"handsome",1
"9279",17,"happily",1
"9280",17,"harbour",1
"9281",17,"heartily",1
"9282",17,"heartless",1
"9283",17,"heavily",1
"9284",17,"heavy",1
"9285",17,"hedges",1
"9286",17,"he’s",1
"9287",17,"highways",1
"9288",17,"hissing",1
"9289",17,"hitherto",1
"9290",17,"hitting",1
"9291",17,"hold",1
"9292",17,"holland",1
"9293",17,"honourable",1
"9294",17,"hoped",1
"9295",17,"horses",1
"9296",17,"hot",1
"9297",17,"houses",1
"9298",17,"human",1
"9299",17,"hundred",1
"9300",17,"ignorant",1
"9301",17,"imagined",1
"9302",17,"impatience",1
"9303",17,"imposing",1
"9304",17,"increasing",1
"9305",17,"indian",1
"9306",17,"indians",1
"9307",17,"indifference",1
"9308",17,"indignant",1
"9309",17,"induce",1
"9310",17,"inhabited",1
"9311",17,"intently",1
"9312",17,"intercepted",1
"9313",17,"intervals",1
"9314",17,"interview",1
"9315",17,"inveterate",1
"9316",17,"irregular",1
"9317",17,"islets",1
"9318",17,"isn’t",1
"9319",17,"it’s",1
"9320",17,"japanese",1
"9321",17,"journal",1
"9322",17,"jungles",1
"9323",17,"justly",1
"9324",17,"knowing",1
"9325",17,"land",1
"9326",17,"laughed",1
"9327",17,"leaning",1
"9328",17,"led",1
"9329",17,"lesser",1
"9330",17,"looked",1
"9331",17,"lose",1
"9332",17,"loss",1
"9333",17,"luck",1
"9334",17,"majestic",1
"9335",17,"malays",1
"9336",17,"manœuvres",1
"9337",17,"meant",1
"9338",17,"melting",1
"9339",17,"methodically",1
"9340",17,"midst",1
"9341",17,"miles",1
"9342",17,"mistrust",1
"9343",17,"mongolia",1
"9344",17,"monkeys",1
"9345",17,"moon",1
"9346",17,"mountainous",1
"9347",17,"mouth",1
"9348",17,"moved",1
"9349",17,"movement",1
"9350",17,"movements",1
"9351",17,"mystery",1
"9352",17,"nature",1
"9353",17,"neptune",1
"9354",17,"noble",1
"9355",17,"noted",1
"9356",17,"november",1
"9357",17,"nutmeg",1
"9358",17,"observing",1
"9359",17,"occupation",1
"9360",17,"october",1
"9361",17,"offended",1
"9362",17,"offer",1
"9363",17,"operations",1
"9364",17,"orbit",1
"9365",17,"owing",1
"9366",17,"pair",1
"9367",17,"palms",1
"9368",17,"park",1
"9369",17,"passengers",1
"9370",17,"passepartout’s",1
"9371",17,"passing",1
"9372",17,"penetrating",1
"9373",17,"peninsula",1
"9374",17,"peninsular",1
"9375",17,"perceived",1
"9376",17,"perfume",1
"9377",17,"perpetual",1
"9378",17,"persisted",1
"9379",17,"person",1
"9380",17,"persuading",1
"9381",17,"pitch",1
"9382",17,"plainly",1
"9383",17,"playing",1
"9384",17,"pleasant",1
"9385",17,"poor",1
"9386",17,"port",1
"9387",17,"portuguese",1
"9388",17,"practicable",1
"9389",17,"precautions",1
"9390",17,"preparations",1
"9391",17,"prescribed",1
"9392",17,"presence",1
"9393",17,"prickly",1
"9394",17,"principal",1
"9395",17,"produced",1
"9396",17,"proud",1
"9397",17,"pulp",1
"9398",17,"purchasing",1
"9399",17,"purpose",1
"9400",17,"pursuing",1
"9401",17,"puzzled",1
"9402",17,"quarter",1
"9403",17,"quota",1
"9404",17,"railing",1
"9405",17,"rapid",1
"9406",17,"reach",1
"9407",17,"read",1
"9408",17,"ready",1
"9409",17,"receive",1
"9410",17,"red",1
"9411",17,"reflections",1
"9412",17,"religiously",1
"9413",17,"remorselessly",1
"9414",17,"repeated",1
"9415",17,"replaced",1
"9416",17,"reserved",1
"9417",17,"responded",1
"9418",17,"resulted",1
"9419",17,"reveries",1
"9420",17,"rich",1
"9421",17,"robbery",1
"9422",17,"rode",1
"9423",17,"rolled",1
"9424",17,"rose",1
"9425",17,"round",1
"9426",17,"route",1
"9427",17,"row",1
"9428",17,"rows",1
"9429",17,"sago",1
"9430",17,"sail",1
"9431",17,"sails",1
"9432",17,"saville",1
"9433",17,"screw",1
"9434",17,"sea",1
"9435",17,"sensation",1
"9436",17,"senses",1
"9437",17,"sentiment",1
"9438",17,"separates",1
"9439",17,"serene",1
"9440",17,"ship",1
"9441",17,"shoes",1
"9442",17,"shore",1
"9443",17,"shrewdness",1
"9444",17,"sight",1
"9445",17,"situation",1
"9446",17,"sized",1
"9447",17,"skipped",1
"9448",17,"sleek",1
"9449",17,"sleeve",1
"9450",17,"sly",1
"9451",17,"solution",1
"9452",17,"south",1
"9453",17,"speaking",1
"9454",17,"spent",1
"9455",17,"spy",1
"9456",17,"spying",1
"9457",17,"star",1
"9458",17,"stars",1
"9459",17,"steamer’s",1
"9460",17,"stop",1
"9461",17,"storm",1
"9462",17,"strait",1
"9463",17,"strange",1
"9464",17,"sudden",1
"9465",17,"suddenly",1
"9466",17,"suez",1
"9467",17,"sufficiently",1
"9468",17,"sumatra",1
"9469",17,"suppose",1
"9470",17,"surprise",1
"9471",17,"surrounded",1
"9472",17,"suspicions",1
"9473",17,"ten",1
"9474",17,"terribly",1
"9475",17,"territory",1
"9476",17,"thanked",1
"9477",17,"thinking",1
"9478",17,"thirteen",1
"9479",17,"threw",1
"9480",17,"told",1
"9481",17,"tone",1
"9482",17,"tongue",1
"9483",17,"town",1
"9484",17,"trace",1
"9485",17,"tracked",1
"9486",17,"tracks",1
"9487",17,"travel",1
"9488",17,"truth",1
"9489",17,"unconscious",1
"9490",17,"undecided",1
"9491",17,"understand",1
"9492",17,"unexpectedly",1
"9493",17,"unfavourable",1
"9494",17,"unfortunate",1
"9495",17,"unreasonable",1
"9496",17,"unusual",1
"9497",17,"uranus",1
"9498",17,"usual",1
"9499",17,"varied",1
"9500",17,"vast",1
"9501",17,"vessel",1
"9502",17,"wager",1
"9503",17,"waiting",1
"9504",17,"walk",1
"9505",17,"water",1
"9506",17,"wednesday",1
"9507",17,"weighed",1
"9508",17,"west",1
"9509",17,"whereof",1
"9510",17,"whist",1
"9511",17,"white",1
"9512",17,"wind",1
"9513",17,"winking",1
"9514",17,"word",1
"9515",17,"worth",1
"9516",17,"worthy",1
"9517",17,"you’re",1
"9518",18,"3rd",1
"9519",18,"4th",1
"9520",18,"5th",1
"9521",18,"account",1
"9522",18,"ado",1
"9523",18,"adversity",1
"9524",18,"aid",1
"9525",18,"allies",1
"9526",18,"amazed",1
"9527",18,"amid",1
"9528",18,"announced",1
"9529",18,"annoyance",1
"9530",18,"answered",1
"9531",18,"anxiety",1
"9532",18,"apprised",1
"9533",18,"approach",1
"9534",18,"arose",1
"9535",18,"ashore",1
"9536",18,"astonishment",1
"9537",18,"attend",1
"9538",18,"await",1
"9539",18,"bad",1
"9540",18,"barometer",1
"9541",18,"begged",1
"9542",18,"betrayed",1
"9543",18,"betraying",1
"9544",18,"blew",1
"9545",18,"board",1
"9546",18,"boats",1
"9547",18,"body",1
"9548",18,"bolder",1
"9549",18,"bounded",1
"9550",18,"brisk",1
"9551",18,"cabins",1
"9552",18,"carefully",1
"9553",18,"chance",1
"9554",18,"change",1
"9555",18,"changed",1
"9556",18,"channels",1
"9557",18,"china",1
"9558",18,"clasped",1
"9559",18,"cleared",1
"9560",18,"club",1
"9561",18,"complete",1
"9562",18,"concealed",1
"9563",18,"conducted",1
"9564",18,"confided",1
"9565",18,"connection",1
"9566",18,"considerable",1
"9567",18,"console",1
"9568",18,"continue",1
"9569",18,"conversation",1
"9570",18,"countenance",1
"9571",18,"country",1
"9572",18,"cousin",1
"9573",18,"crew",1
"9574",18,"crossed",1
"9575",18,"crowd",1
"9576",18,"dared",1
"9577",18,"day",1
"9578",18,"deck",1
"9579",18,"delight",1
"9580",18,"delighted",1
"9581",18,"departure",1
"9582",18,"deposit",1
"9583",18,"descending",1
"9584",18,"direct",1
"9585",18,"due",1
"9586",18,"earth",1
"9587",18,"easily",1
"9588",18,"effect",1
"9589",18,"effects",1
"9590",18,"embarrass",1
"9591",18,"embraced",1
"9592",18,"engage",1
"9593",18,"engaged",1
"9594",18,"enraged",1
"9595",18,"enthusiastic",1
"9596",18,"estimated",1
"9597",18,"exasperated",1
"9598",18,"exchange",1
"9599",18,"excited",1
"9600",18,"exclaiming",1
"9601",18,"expression",1
"9602",18,"exultation",1
"9603",18,"favourable",1
"9604",18,"favoured",1
"9605",18,"fellow",1
"9606",18,"fellows",1
"9607",18,"filled",1
"9608",18,"fishing",1
"9609",18,"flotilla",1
"9610",18,"forehead",1
"9611",18,"foreseen",1
"9612",18,"fortune",1
"9613",18,"found",1
"9614",18,"francisco",1
"9615",18,"furious",1
"9616",18,"fury",1
"9617",18,"gait",1
"9618",18,"gazed",1
"9619",18,"gentleman",1
"9620",18,"glad",1
"9621",18,"gracious",1
"9622",18,"greatly",1
"9623",18,"greeting",1
"9624",18,"guide",1
"9625",18,"guided",1
"9626",18,"gusts",1
"9627",18,"habitual",1
"9628",18,"harbour",1
"9629",18,"head",1
"9630",18,"heard",1
"9631",18,"heartily",1
"9632",18,"heavens",1
"9633",18,"heavily",1
"9634",18,"hesitate",1
"9635",18,"hopeful",1
"9636",18,"hour",1
"9637",18,"immense",1
"9638",18,"impatient",1
"9639",18,"imperil",1
"9640",18,"inconvenience",1
"9641",18,"inevitably",1
"9642",18,"inquiry",1
"9643",18,"instant",1
"9644",18,"instructed",1
"9645",18,"intention",1
"9646",18,"japan",1
"9647",18,"junks",1
"9648",18,"knocking",1
"9649",18,"land",1
"9650",18,"landing",1
"9651",18,"lash",1
"9652",18,"laughing",1
"9653",18,"learn",1
"9654",18,"leaving",1
"9655",18,"lending",1
"9656",18,"lessened",1
"9657",18,"lie",1
"9658",18,"light",1
"9659",18,"london",1
"9660",18,"loss",1
"9661",18,"lost",1
"9662",18,"maledictions",1
"9663",18,"manifested",1
"9664",18,"mathematically",1
"9665",18,"mattered",1
"9666",18,"meeting",1
"9667",18,"merchant",1
"9668",18,"merchants",1
"9669",18,"mind",1
"9670",18,"missed",1
"9671",18,"moment",1
"9672",18,"moments",1
"9673",18,"moment’s",1
"9674",18,"monsieur",1
"9675",18,"monstrous",1
"9676",18,"neck",1
"9677",18,"nerve",1
"9678",18,"north",1
"9679",18,"obedience",1
"9680",18,"obey",1
"9681",18,"obeyed",1
"9682",18,"obstinate",1
"9683",18,"obstinately",1
"9684",18,"officers",1
"9685",18,"overwhelmed",1
"9686",18,"palanquin",1
"9687",18,"parsee",1
"9688",18,"passion",1
"9689",18,"path",1
"9690",18,"perceptible",1
"9691",18,"personage",1
"9692",18,"personal",1
"9693",18,"pilot’s",1
"9694",18,"pleased",1
"9695",18,"pocket",1
"9696",18,"poor",1
"9697",18,"port",1
"9698",18,"postponed",1
"9699",18,"pounds",1
"9700",18,"preserve",1
"9701",18,"prevail",1
"9702",18,"principally",1
"9703",18,"probable",1
"9704",18,"proceed",1
"9705",18,"programme",1
"9706",18,"progress",1
"9707",18,"project",1
"9708",18,"proved",1
"9709",18,"quay",1
"9710",18,"questions",1
"9711",18,"quiet",1
"9712",18,"railways",1
"9713",18,"raised",1
"9714",18,"rapid",1
"9715",18,"rascal",1
"9716",18,"reach",1
"9717",18,"reached",1
"9718",18,"reaching",1
"9719",18,"reefed",1
"9720",18,"referred",1
"9721",18,"reflected",1
"9722",18,"relative",1
"9723",18,"remainder",1
"9724",18,"remaining",1
"9725",18,"remounted",1
"9726",18,"repair",1
"9727",18,"repairing",1
"9728",18,"residence",1
"9729",18,"responded",1
"9730",18,"responses",1
"9731",18,"restrained",1
"9732",18,"resumed",1
"9733",18,"retarded",1
"9734",18,"retiring",1
"9735",18,"retreat",1
"9736",18,"return",1
"9737",18,"rigging",1
"9738",18,"rising",1
"9739",18,"rolled",1
"9740",18,"running",1
"9741",18,"safely",1
"9742",18,"sail",1
"9743",18,"sailing",1
"9744",18,"sailors",1
"9745",18,"saloon",1
"9746",18,"san",1
"9747",18,"scarcely",1
"9748",18,"search",1
"9749",18,"servant",1
"9750",18,"service",1
"9751",18,"set",1
"9752",18,"ship",1
"9753",18,"sick",1
"9754",18,"signalled",1
"9755",18,"simple",1
"9756",18,"sir",1
"9757",18,"sixteen",1
"9758",18,"slowly",1
"9759",18,"sly",1
"9760",18,"soft",1
"9761",18,"sort",1
"9762",18,"sorts",1
"9763",18,"southward",1
"9764",18,"spark",1
"9765",18,"spirit",1
"9766",18,"squalls",1
"9767",18,"steam",1
"9768",18,"steamers",1
"9769",18,"steamer’s",1
"9770",18,"strangely",1
"9771",18,"struggling",1
"9772",18,"sweet",1
"9773",18,"taking",1
"9774",18,"tankas",1
"9775",18,"tempestuous",1
"9776",18,"thirty",1
"9777",18,"thousand",1
"9778",18,"tide",1
"9779",18,"tour",1
"9780",18,"traded",1
"9781",18,"tranquillity",1
"9782",18,"tranquilly",1
"9783",18,"true",1
"9784",18,"twist",1
"9785",18,"unable",1
"9786",18,"unfurled",1
"9787",18,"united",1
"9788",18,"unpropitious",1
"9789",18,"veered",1
"9790",18,"vessel",1
"9791",18,"voice",1
"9792",18,"wager",1
"9793",18,"week",1
"9794",18,"west",1
"9795",18,"whilst",1
"9796",18,"whistling",1
"9797",18,"willingly",1
"9798",18,"wished",1
"9799",18,"won",1
"9800",18,"writhing",1
"9801",18,"yesterday",1
"9802",19,"28th",1
"9803",19,"abruptly",1
"9804",19,"accepted",1
"9805",19,"accosted",1
"9806",19,"accustomed",1
"9807",19,"afflict",1
"9808",19,"age",1
"9809",19,"ago",1
"9810",19,"agonies",1
"9811",19,"air",1
"9812",19,"america",1
"9813",19,"american",1
"9814",19,"ample",1
"9815",19,"ancient",1
"9816",19,"announced",1
"9817",19,"answered",1
"9818",19,"answers",1
"9819",19,"antipodes",1
"9820",19,"aouda",1
"9821",19,"appearance",1
"9822",19,"arranged",1
"9823",19,"arrest",1
"9824",19,"assert",1
"9825",19,"astonished",1
"9826",19,"astonishment",1
"9827",19,"attempted",1
"9828",19,"attention",1
"9829",19,"attentively",1
"9830",19,"balls",1
"9831",19,"banknotes",1
"9832",19,"barber’s",1
"9833",19,"beaten",1
"9834",19,"beer",1
"9835",19,"berth",1
"9836",19,"betray",1
"9837",19,"betrayed",1
"9838",19,"bill",1
"9839",19,"blush",1
"9840",19,"boats",1
"9841",19,"bodily",1
"9842",19,"body",1
"9843",19,"bombay",1
"9844",19,"bottom",1
"9845",19,"brandy",1
"9846",19,"brave",1
"9847",19,"bread",1
"9848",19,"breast",1
"9849",19,"cabins",1
"9850",19,"cadaverous",1
"9851",19,"calcutta",1
"9852",19,"called",1
"9853",19,"camp",1
"9854",19,"canton",1
"9855",19,"care",1
"9856",19,"carnatic’s",1
"9857",19,"carried",1
"9858",19,"carrying",1
"9859",19,"cathedral",1
"9860",19,"celestial",1
"9861",19,"chagrin",1
"9862",19,"chair",1
"9863",19,"change",1
"9864",19,"chatted",1
"9865",19,"city",1
"9866",19,"classes",1
"9867",19,"clay",1
"9868",19,"clean",1
"9869",19,"clerk",1
"9870",19,"close",1
"9871",19,"coast",1
"9872",19,"colonising",1
"9873",19,"colour",1
"9874",19,"commission",1
"9875",19,"committed",1
"9876",19,"companion’s",1
"9877",19,"completed",1
"9878",19,"complicity",1
"9879",19,"concerns",1
"9880",19,"confidently",1
"9881",19,"confused",1
"9882",19,"continue",1
"9883",19,"contortions",1
"9884",19,"conveyance",1
"9885",19,"count",1
"9886",19,"created",1
"9887",19,"creatures",1
"9888",19,"crowd",1
"9889",19,"curious",1
"9890",19,"cursed",1
"9891",19,"cushions",1
"9892",19,"customers",1
"9893",19,"dare",1
"9894",19,"dared",1
"9895",19,"deal",1
"9896",19,"decorated",1
"9897",19,"deep",1
"9898",19,"dens",1
"9899",19,"deny",1
"9900",19,"departure",1
"9901",19,"depot",1
"9902",19,"design",1
"9903",19,"despicable",1
"9904",19,"detain",1
"9905",19,"detained",1
"9906",19,"devoted",1
"9907",19,"dies",1
"9908",19,"difficult",1
"9909",19,"disappointed",1
"9910",19,"dispense",1
"9911",19,"displayed",1
"9912",19,"disturbed",1
"9913",19,"docks",1
"9914",19,"document",1
"9915",19,"doubted",1
"9916",19,"drank",1
"9917",19,"dressed",1
"9918",19,"drew",1
"9919",19,"drug",1
"9920",19,"dupes",1
"9921",19,"dutch",1
"9922",19,"eat",1
"9923",19,"effects",1
"9924",19,"effort",1
"9925",19,"eighty",1
"9926",19,"embark",1
"9927",19,"empire",1
"9928",19,"empty",1
"9929",19,"emptying",1
"9930",19,"engage",1
"9931",19,"entered",1
"9932",19,"entering",1
"9933",19,"escape",1
"9934",19,"essayed",1
"9935",19,"essence",1
"9936",19,"europeans",1
"9937",19,"evening",1
"9938",19,"evidence",1
"9939",19,"evident",1
"9940",19,"evil",1
"9941",19,"excellent",1
"9942",19,"excited",1
"9943",19,"exclaimed",1
"9944",19,"exclusively",1
"9945",19,"exhausted",1
"9946",19,"expense",1
"9947",19,"expression",1
"9948",19,"eye",1
"9949",19,"eyes",1
"9950",19,"failed",1
"9951",19,"fairly",1
"9952",19,"feet",1
"9953",19,"fellow",1
"9954",19,"fist",1
"9955",19,"floating",1
"9956",19,"flower",1
"9957",19,"foolish",1
"9958",19,"forced",1
"9959",19,"forehead",1
"9960",19,"formed",1
"9961",19,"fortunately",1
"9962",19,"french",1
"9963",19,"friend",1
"9964",19,"friendly",1
"9965",19,"fro",1
"9966",19,"funny",1
"9967",19,"furnished",1
"9968",19,"future",1
"9969",19,"gazing",1
"9970",19,"generosity",1
"9971",19,"generous",1
"9972",19,"genius",1
"9973",19,"gentleman’s",1
"9974",19,"genuineness",1
"9975",19,"gin",1
"9976",19,"gold",1
"9977",19,"goodness",1
"9978",19,"gothic",1
"9979",19,"gradually",1
"9980",19,"guessed",1
"9981",19,"guilty",1
"9982",19,"handsomely",1
"9983",19,"hastily",1
"9984",19,"haunted",1
"9985",19,"haven’t",1
"9986",19,"hazards",1
"9987",19,"heard",1
"9988",19,"heartily",1
"9989",19,"heavy",1
"9990",19,"held",1
"9991",19,"hesitating",1
"9992",19,"honour",1
"9993",19,"honourable",1
"9994",19,"hope",1
"9995",19,"horrible",1
"9996",19,"hospitals",1
"9997",19,"humanity",1
"9998",19,"idea",1
"9999",19,"idiotic",1
"10000",19,"imperial",1
"10001",19,"inclined",1
"10002",19,"influence",1
"10003",19,"innocent",1
"10004",19,"instant",1
"10005",19,"intently",1
"10006",19,"interrupt",1
"10007",19,"inveigh",1
"10008",19,"invitation",1
"10009",19,"invited",1
"10010",19,"i’ll",1
"10011",19,"i’m",1
"10012",19,"junks",1
"10013",19,"justice",1
"10014",19,"keeping",1
"10015",19,"kent",1
"10016",19,"knowing",1
"10017",19,"laid",1
"10018",19,"laughing",1
"10019",19,"laws",1
"10020",19,"learned",1
"10021",19,"leave",1
"10022",19,"lips",1
"10023",19,"lit",1
"10024",19,"looked",1
"10025",19,"lose",1
"10026",19,"losing",1
"10027",19,"lower",1
"10028",19,"lowering",1
"10029",19,"luck",1
"10030",19,"macadamised",1
"10031",19,"magic",1
"10032",19,"makes",1
"10033",19,"manage",1
"10034",19,"mass",1
"10035",19,"means",1
"10036",19,"mechanically",1
"10037",19,"merchants",1
"10038",19,"miles",1
"10039",19,"million",1
"10040",19,"mingled",1
"10041",19,"miserable",1
"10042",19,"mistake",1
"10043",19,"modes",1
"10044",19,"moment",1
"10045",19,"morning",1
"10046",19,"morrow",1
"10047",19,"motive",1
"10048",19,"mounted",1
"10049",19,"mouth",1
"10050",19,"move",1
"10051",19,"muttered",1
"10052",19,"nankin",1
"10053",19,"nations",1
"10054",19,"natives",1
"10055",19,"nonsense",1
"10056",19,"noticed",1
"10057",19,"obligation",1
"10058",19,"observed",1
"10059",19,"obstacles",1
"10060",19,"offered",1
"10061",19,"opposite",1
"10062",19,"palanquins",1
"10063",19,"parterres",1
"10064",19,"paying",1
"10065",19,"perceived",1
"10066",19,"perceiving",1
"10067",19,"permitted",1
"10068",19,"person",1
"10069",19,"persuade",1
"10070",19,"piece",1
"10071",19,"police",1
"10072",19,"poor",1
"10073",19,"porter",1
"10074",19,"portuguese",1
"10075",19,"possession",1
"10076",19,"pressing",1
"10077",19,"presumptions",1
"10078",19,"prove",1
"10079",19,"puffs",1
"10080",19,"pursued",1
"10081",19,"pushed",1
"10082",19,"puzzled",1
"10083",19,"raillery",1
"10084",19,"ravages",1
"10085",19,"reach",1
"10086",19,"reaching",1
"10087",19,"real",1
"10088",19,"reason",1
"10089",19,"reasons",1
"10090",19,"receive",1
"10091",19,"red",1
"10092",19,"reject",1
"10093",19,"repairs",1
"10094",19,"repeated",1
"10095",19,"reserved",1
"10096",19,"retorted",1
"10097",19,"returning",1
"10098",19,"reward",1
"10099",19,"rich",1
"10100",19,"rise",1
"10101",19,"river",1
"10102",19,"robbery",1
"10103",19,"route",1
"10104",19,"sailing",1
"10105",19,"satisfied",1
"10106",19,"saviour",1
"10107",19,"scarcely",1
"10108",19,"search",1
"10109",19,"seat",1
"10110",19,"securing",1
"10111",19,"seeking",1
"10112",19,"sell",1
"10113",19,"sempas",1
"10114",19,"separate",1
"10115",19,"september",1
"10116",19,"servant",1
"10117",19,"set",1
"10118",19,"shameful",1
"10119",19,"share",1
"10120",19,"shaved",1
"10121",19,"ships",1
"10122",19,"sincere",1
"10123",19,"singapore",1
"10124",19,"singular",1
"10125",19,"situated",1
"10126",19,"sixty",1
"10127",19,"sleep",1
"10128",19,"slip",1
"10129",19,"slipped",1
"10130",19,"smile",1
"10131",19,"smiling",1
"10132",19,"smoke",1
"10133",19,"smoked",1
"10134",19,"smoker",1
"10135",19,"smokers",1
"10136",19,"sots",1
"10137",19,"speak",1
"10138",19,"speechless",1
"10139",19,"spoke",1
"10140",19,"stammered",1
"10141",19,"standing",1
"10142",19,"stay",1
"10143",19,"strange",1
"10144",19,"striking",1
"10145",19,"stringent",1
"10146",19,"struggle",1
"10147",19,"stuffed",1
"10148",19,"stupefied",1
"10149",19,"succeed",1
"10150",19,"suffering",1
"10151",19,"suit",1
"10152",19,"sum",1
"10153",19,"supported",1
"10154",19,"supremacy",1
"10155",19,"surrey",1
"10156",19,"suspect",1
"10157",19,"suspecting",1
"10158",19,"suspicions",1
"10159",19,"tables",1
"10160",19,"taking",1
"10161",19,"tankas",1
"10162",19,"teeth",1
"10163",19,"territory",1
"10164",19,"there’s",1
"10165",19,"thirty",1
"10166",19,"thousands",1
"10167",19,"tickets",1
"10168",19,"times",1
"10169",19,"tracked",1
"10170",19,"trade",1
"10171",19,"trading",1
"10172",19,"transferred",1
"10173",19,"transportation",1
"10174",19,"treaty",1
"10175",19,"trickery",1
"10176",19,"true",1
"10177",19,"trunks",1
"10178",19,"unconscious",1
"10179",19,"unlike",1
"10180",19,"vain",1
"10181",19,"vessels",1
"10182",19,"vices",1
"10183",19,"victims",1
"10184",19,"village",1
"10185",19,"voice",1
"10186",19,"wait",1
"10187",19,"waiters",1
"10188",19,"walking",1
"10189",19,"wandered",1
"10190",19,"waylay",1
"10191",19,"wear",1
"10192",19,"we’ll",1
"10193",19,"wharves",1
"10194",19,"whilst",1
"10195",19,"wide",1
"10196",19,"willingly",1
"10197",19,"win",1
"10198",19,"wine",1
"10199",19,"wished",1
"10200",19,"women",1
"10201",19,"world",1
"10202",19,"wretched",1
"10203",19,"yielding",1
"10204",19,"you’ll",1
"10205",20,"11th",1
"10206",20,"14th",1
"10207",20,"_illustrated",1
"10208",20,"_table",1
"10209",20,"_times_",1
"10210",20,"abandoned",1
"10211",20,"aboard",1
"10212",20,"absorbed",1
"10213",20,"accident",1
"10214",20,"accommodation",1
"10215",20,"accosted",1
"10216",20,"account",1
"10217",20,"acquitted",1
"10218",20,"additional",1
"10219",20,"addressed",1
"10220",20,"afraid",1
"10221",20,"agree",1
"10222",20,"aid",1
"10223",20,"akin",1
"10224",20,"american",1
"10225",20,"answered",1
"10226",20,"anxiety",1
"10227",20,"anxiously",1
"10228",20,"appearance",1
"10229",20,"approached",1
"10230",20,"arm",1
"10231",20,"arranged",1
"10232",20,"arrive",1
"10233",20,"arrived",1
"10234",20,"astonished",1
"10235",20,"attached",1
"10236",20,"attentively",1
"10237",20,"backward",1
"10238",20,"badly",1
"10239",20,"bargain",1
"10240",20,"bedtime",1
"10241",20,"bell",1
"10242",20,"betrayed",1
"10243",20,"betraying",1
"10244",20,"bounded",1
"10245",20,"bowed",1
"10246",20,"bowing",1
"10247",20,"breathe",1
"10248",20,"breathed",1
"10249",20,"brisk",1
"10250",20,"briskly",1
"10251",20,"brought",1
"10252",20,"built",1
"10253",20,"bulged",1
"10254",20,"cabin",1
"10255",20,"calling",1
"10256",20,"calm",1
"10257",20,"carried",1
"10258",20,"carry",1
"10259",20,"cast",1
"10260",20,"ceased",1
"10261",20,"centre",1
"10262",20,"characteristic",1
"10263",20,"charter",1
"10264",20,"circular",1
"10265",20,"coast",1
"10266",20,"coldly",1
"10267",20,"comfortably",1
"10268",20,"companion",1
"10269",20,"completed",1
"10270",20,"composed",1
"10271",20,"conditions",1
"10272",20,"confidence",1
"10273",20,"confined",1
"10274",20,"confused",1
"10275",20,"consulate",1
"10276",20,"contented",1
"10277",20,"continuing",1
"10278",20,"copper",1
"10279",20,"cots",1
"10280",20,"countenance",1
"10281",20,"currents",1
"10282",20,"danger",1
"10283",20,"day",1
"10284",20,"days",1
"10285",20,"departure",1
"10286",20,"description",1
"10287",20,"detained",1
"10288",20,"determination",1
"10289",20,"dined",1
"10290",20,"direct",1
"10291",20,"direction",1
"10292",20,"disappearance",1
"10293",20,"disappointed",1
"10294",20,"disappointment",1
"10295",20,"discouraged",1
"10296",20,"distance",1
"10297",20,"disturb",1
"10298",20,"disturbed",1
"10299",20,"divan",1
"10300",20,"domestic",1
"10301",20,"doubt",1
"10302",20,"d’hôte",1
"10303",20,"embark",1
"10304",20,"energetic",1
"10305",20,"englishman",1
"10306",20,"ensued",1
"10307",20,"escorting",1
"10308",20,"espying",1
"10309",20,"events",1
"10310",20,"evidently",1
"10311",20,"excessively",1
"10312",20,"excursion",1
"10313",20,"excuse",1
"10314",20,"explanation",1
"10315",20,"expression",1
"10316",20,"extreme",1
"10317",20,"eye",1
"10318",20,"eyes",1
"10319",20,"fair",1
"10320",20,"familiar",1
"10321",20,"fashion",1
"10322",20,"fast",1
"10323",20,"favour",1
"10324",20,"favoured",1
"10325",20,"fear",1
"10326",20,"fears",1
"10327",20,"feeling",1
"10328",20,"feigning",1
"10329",20,"feverish",1
"10330",20,"flag",1
"10331",20,"form",1
"10332",20,"formalities",1
"10333",20,"fortune",1
"10334",20,"forty",1
"10335",20,"forward",1
"10336",20,"found",1
"10337",20,"freely",1
"10338",20,"french",1
"10339",20,"frenchman",1
"10340",20,"gain",1
"10341",20,"gaining",1
"10342",20,"galvanised",1
"10343",20,"gazed",1
"10344",20,"generosity",1
"10345",20,"glance",1
"10346",20,"gracefully",1
"10347",20,"hardy",1
"10348",20,"hat",1
"10349",20,"heard",1
"10350",20,"heart",1
"10351",20,"hitherto",1
"10352",20,"hoisted",1
"10353",20,"horror",1
"10354",20,"house",1
"10355",20,"humiliation",1
"10356",20,"imagined",1
"10357",20,"impossible",1
"10358",20,"influence",1
"10359",20,"inspired",1
"10360",20,"installed",1
"10361",20,"intend",1
"10362",20,"invariably",1
"10363",20,"invisible",1
"10364",20,"iron",1
"10365",20,"ivory",1
"10366",20,"japan",1
"10367",20,"joking",1
"10368",20,"journey",1
"10369",20,"joy",1
"10370",20,"kindness",1
"10371",20,"knots",1
"10372",20,"knowing",1
"10373",20,"lady",1
"10374",20,"lamp",1
"10375",20,"law",1
"10376",20,"leap",1
"10377",20,"learned",1
"10378",20,"length",1
"10379",20,"loading",1
"10380",20,"london",1
"10381",20,"losing",1
"10382",20,"luck",1
"10383",20,"lying",1
"10384",20,"macao",1
"10385",20,"mariners",1
"10386",20,"master’s",1
"10387",20,"masts",1
"10388",20,"matter",1
"10389",20,"minutes",1
"10390",20,"missed",1
"10391",20,"moment",1
"10392",20,"mortal",1
"10393",20,"nervous",1
"10394",20,"news_",1
"10395",20,"ninety",1
"10396",20,"northward",1
"10397",20,"notice",1
"10398",20,"observing",1
"10399",20,"offering",1
"10400",20,"pardon",1
"10401",20,"passenger",1
"10402",20,"passepartout’s",1
"10403",20,"passing",1
"10404",20,"patience",1
"10405",20,"perfectly",1
"10406",20,"perusal",1
"10407",20,"placid",1
"10408",20,"police",1
"10409",20,"polite",1
"10410",20,"poor",1
"10411",20,"presentable",1
"10412",20,"pride",1
"10413",20,"prizes",1
"10414",20,"profiting",1
"10415",20,"programme",1
"10416",20,"protector",1
"10417",20,"proved",1
"10418",20,"provided",1
"10419",20,"quarter",1
"10420",20,"quietly",1
"10421",20,"races",1
"10422",20,"racing",1
"10423",20,"railing",1
"10424",20,"rangoon",1
"10425",20,"rascal",1
"10426",20,"reliant",1
"10427",20,"remarked",1
"10428",20,"remonstrances",1
"10429",20,"repaired",1
"10430",20,"repairs",1
"10431",20,"representative",1
"10432",20,"resolved",1
"10433",20,"resort",1
"10434",20,"responded",1
"10435",20,"responding",1
"10436",20,"rest",1
"10437",20,"retired",1
"10438",20,"return",1
"10439",20,"reverse",1
"10440",20,"reward",1
"10441",20,"rigged",1
"10442",20,"risk",1
"10443",20,"run",1
"10444",20,"running",1
"10445",20,"sailed",1
"10446",20,"satisfactory",1
"10447",20,"satisfied",1
"10448",20,"scarcely",1
"10449",20,"seas",1
"10450",20,"seated",1
"10451",20,"sending",1
"10452",20,"serenity",1
"10453",20,"servant’s",1
"10454",20,"set",1
"10455",20,"shaking",1
"10456",20,"sheathing",1
"10457",20,"shining",1
"10458",20,"shuffling",1
"10459",20,"sign",1
"10460",20,"sixty",1
"10461",20,"speed",1
"10462",20,"spent",1
"10463",20,"sprightly",1
"10464",20,"square",1
"10465",20,"starts",1
"10466",20,"stated",1
"10467",20,"station",1
"10468",20,"stepped",1
"10469",20,"stop",1
"10470",20,"stopped",1
"10471",20,"stored",1
"10472",20,"storm",1
"10473",20,"streets",1
"10474",20,"struggling",1
"10475",20,"stupefied",1
"10476",20,"stupefying",1
"10477",20,"sumptuously",1
"10478",20,"sunburnt",1
"10479",20,"surprise",1
"10480",20,"suspense",1
"10481",20,"swinging",1
"10482",20,"table",1
"10483",20,"task",1
"10484",20,"ten",1
"10485",20,"thereabouts",1
"10486",20,"thread",1
"10487",20,"tide",1
"10488",20,"timid",1
"10489",20,"tour",1
"10490",20,"travel",1
"10491",20,"treated",1
"10492",20,"trifle",1
"10493",20,"twelve",1
"10494",20,"unconscious",1
"10495",20,"unfortunate",1
"10496",20,"unloading",1
"10497",20,"urged",1
"10498",20,"venturing",1
"10499",20,"vessel",1
"10500",20,"vexation",1
"10501",20,"vigorous",1
"10502",20,"voice",1
"10503",20,"wait",1
"10504",20,"walked",1
"10505",20,"walls",1
"10506",20,"wandered",1
"10507",20,"warrant",1
"10508",20,"waves",1
"10509",20,"west",1
"10510",20,"wharf",1
"10511",20,"wharves",1
"10512",20,"wheelbarrow",1
"10513",20,"white",1
"10514",20,"world",1
"10515",20,"yacht",1
"10516",21,"8th",1
"10517",21,"abandon",1
"10518",21,"accomplish",1
"10519",21,"accomplished",1
"10520",21,"accomplishing",1
"10521",21,"add",1
"10522",21,"adroit",1
"10523",21,"advance",1
"10524",21,"advanced",1
"10525",21,"advantage",1
"10526",21,"advise",1
"10527",21,"affect",1
"10528",21,"affected",1
"10529",21,"aft",1
"10530",21,"aid",1
"10531",21,"amazed",1
"10532",21,"america",1
"10533",21,"anew",1
"10534",21,"angry",1
"10535",21,"announced",1
"10536",21,"aouda’s",1
"10537",21,"appetite",1
"10538",21,"apply",1
"10539",21,"appointed",1
"10540",21,"approach",1
"10541",21,"approached",1
"10542",21,"arose",1
"10543",21,"ascertain",1
"10544",21,"aspect",1
"10545",21,"assert",1
"10546",21,"assured",1
"10547",21,"average",1
"10548",21,"avoid",1
"10549",21,"awhile",1
"10550",21,"bank",1
"10551",21,"barometer",1
"10552",21,"bathed",1
"10553",21,"beat",1
"10554",21,"believed",1
"10555",21,"bit",1
"10556",21,"black",1
"10557",21,"blow",1
"10558",21,"body",1
"10559",21,"booming",1
"10560",21,"borne",1
"10561",21,"bouncing",1
"10562",21,"bound",1
"10563",21,"bounded",1
"10564",21,"bow",1
"10565",21,"bowed",1
"10566",21,"bows",1
"10567",21,"brass",1
"10568",21,"bravely",1
"10569",21,"brisk",1
"10570",21,"broke",1
"10571",21,"broken",1
"10572",21,"built",1
"10573",21,"bunsby’s",1
"10574",21,"burst",1
"10575",21,"cabin",1
"10576",21,"calm",1
"10577",21,"cancer",1
"10578",21,"canvas",1
"10579",21,"capacity",1
"10580",21,"capriciously",1
"10581",21,"carefully",1
"10582",21,"cascade",1
"10583",21,"caught",1
"10584",21,"chagrin",1
"10585",21,"chances",1
"10586",21,"channels",1
"10587",21,"charged",1
"10588",21,"chopping",1
"10589",21,"circumstance",1
"10590",21,"clearings",1
"10591",21,"clouds",1
"10592",21,"coal",1
"10593",21,"collaring",1
"10594",21,"collisions",1
"10595",21,"common",1
"10596",21,"comparatively",1
"10597",21,"compare",1
"10598",21,"complaint",1
"10599",21,"comprehend",1
"10600",21,"conducted",1
"10601",21,"confide",1
"10602",21,"confidences",1
"10603",21,"confirmed",1
"10604",21,"confound",1
"10605",21,"consented",1
"10606",21,"constantly",1
"10607",21,"consultation",1
"10608",21,"contesting",1
"10609",21,"continent",1
"10610",21,"control",1
"10611",21,"coolness",1
"10612",21,"cots",1
"10613",21,"counted",1
"10614",21,"crowded",1
"10615",21,"crowned",1
"10616",21,"crushed",1
"10617",21,"cursed",1
"10618",21,"dark",1
"10619",21,"darkening",1
"10620",21,"darkness",1
"10621",21,"dawn",1
"10622",21,"daybreak",1
"10623",21,"deal",1
"10624",21,"decidedly",1
"10625",21,"delay",1
"10626",21,"desperate",1
"10627",21,"desperately",1
"10628",21,"destination",1
"10629",21,"determination",1
"10630",21,"die",1
"10631",21,"difficult",1
"10632",21,"directly",1
"10633",21,"disappeared",1
"10634",21,"dispensed",1
"10635",21,"distance",1
"10636",21,"distant",1
"10637",21,"distinct",1
"10638",21,"distress",1
"10639",21,"drew",1
"10640",21,"due",1
"10641",21,"duty",1
"10642",21,"earnest",1
"10643",21,"easy",1
"10644",21,"eddies",1
"10645",21,"edge",1
"10646",21,"electric",1
"10647",21,"embarked",1
"10648",21,"england",1
"10649",21,"enjoy",1
"10650",21,"ensconced",1
"10651",21,"ensure",1
"10652",21,"entered",1
"10653",21,"entering",1
"10654",21,"enters",1
"10655",21,"equal",1
"10656",21,"equinox",1
"10657",21,"equinoxes",1
"10658",21,"erect",1
"10659",21,"escaping",1
"10660",21,"espied",1
"10661",21,"events",1
"10662",21,"evidently",1
"10663",21,"examined",1
"10664",21,"examining",1
"10665",21,"excepted",1
"10666",21,"expending",1
"10667",21,"expense",1
"10668",21,"expenses",1
"10669",21,"extent",1
"10670",21,"extradition",1
"10671",21,"eyes",1
"10672",21,"falling",1
"10673",21,"famous",1
"10674",21,"famously",1
"10675",21,"fastened",1
"10676",21,"favour",1
"10677",21,"favours",1
"10678",21,"fearful",1
"10679",21,"feather",1
"10680",21,"feeling",1
"10681",21,"fell",1
"10682",21,"fickle",1
"10683",21,"fine",1
"10684",21,"fire",1
"10685",21,"flame",1
"10686",21,"flying",1
"10687",21,"fogs",1
"10688",21,"formed",1
"10689",21,"formosa",1
"10690",21,"fortunate",1
"10691",21,"fortunately",1
"10692",21,"forty",1
"10693",21,"found",1
"10694",21,"founder",1
"10695",21,"frail",1
"10696",21,"francisco",1
"10697",21,"freely",1
"10698",21,"freshened",1
"10699",21,"fulfil",1
"10700",21,"funnel",1
"10701",21,"fury",1
"10702",21,"future",1
"10703",21,"gain",1
"10704",21,"gained",1
"10705",21,"gales",1
"10706",21,"gallant",1
"10707",21,"gazed",1
"10708",21,"glad",1
"10709",21,"globe",1
"10710",21,"grew",1
"10711",21,"half",1
"10712",21,"hands",1
"10713",21,"hard",1
"10714",21,"head",1
"10715",21,"heart",1
"10716",21,"heavy",1
"10717",21,"helm",1
"10718",21,"hoist",1
"10719",21,"hold",1
"10720",21,"hoped",1
"10721",21,"hot",1
"10722",21,"hung",1
"10723",21,"idea",1
"10724",21,"impatience",1
"10725",21,"impelled",1
"10726",21,"impossible",1
"10727",21,"imprisonment",1
"10728",21,"imprudent",1
"10729",21,"impunity",1
"10730",21,"increased",1
"10731",21,"indistinctly",1
"10732",21,"insist",1
"10733",21,"inspired",1
"10734",21,"insufficient",1
"10735",21,"invited",1
"10736",21,"irregular",1
"10737",21,"island",1
"10738",21,"i’ve",1
"10739",21,"jerk",1
"10740",21,"jib",1
"10741",21,"journal",1
"10742",21,"journey",1
"10743",21,"kien",1
"10744",21,"knowing",1
"10745",21,"lain",1
"10746",21,"land",1
"10747",21,"landward",1
"10748",21,"late",1
"10749",21,"leave",1
"10750",21,"leaving",1
"10751",21,"left",1
"10752",21,"legs",1
"10753",21,"lifted",1
"10754",21,"lights",1
"10755",21,"lips",1
"10756",21,"live",1
"10757",21,"loaded",1
"10758",21,"locomotive",1
"10759",21,"london",1
"10760",21,"lose",1
"10761",21,"loss",1
"10762",21,"lost",1
"10763",21,"low",1
"10764",21,"luminous",1
"10765",21,"lurch",1
"10766",21,"lying",1
"10767",21,"management",1
"10768",21,"man’s",1
"10769",21,"mast",1
"10770",21,"master’s",1
"10771",21,"masts",1
"10772",21,"matter",1
"10773",21,"meal",1
"10774",21,"means",1
"10775",21,"meditation",1
"10776",21,"mercury",1
"10777",21,"meteorologist",1
"10778",21,"midnight",1
"10779",21,"midst",1
"10780",21,"mine",1
"10781",21,"miracle",1
"10782",21,"misadventures",1
"10783",21,"misgivings",1
"10784",21,"miss",1
"10785",21,"mistake",1
"10786",21,"monstrous",1
"10787",21,"moon",1
"10788",21,"morning",1
"10789",21,"mountainous",1
"10790",21,"mountains",1
"10791",21,"muttering",1
"10792",21,"muzzle",1
"10793",21,"narrow",1
"10794",21,"oath",1
"10795",21,"obliged",1
"10796",21,"occurrences",1
"10797",21,"opinion",1
"10798",21,"overcast",1
"10799",21,"overtaken",1
"10800",21,"owed",1
"10801",21,"owing",1
"10802",21,"paid",1
"10803",21,"palatable",1
"10804",21,"passage",1
"10805",21,"pay",1
"10806",21,"perceiving",1
"10807",21,"perfectly",1
"10808",21,"perilous",1
"10809",21,"philosophically",1
"10810",21,"phosphorescent",1
"10811",21,"plan",1
"10812",21,"pleasant",1
"10813",21,"pole",1
"10814",21,"police",1
"10815",21,"port",1
"10816",21,"ports",1
"10817",21,"pounds",1
"10818",21,"precautions",1
"10819",21,"preceded",1
"10820",21,"predict",1
"10821",21,"prepared",1
"10822",21,"preserving",1
"10823",21,"profile",1
"10824",21,"profoundly",1
"10825",21,"programme",1
"10826",21,"progressing",1
"10827",21,"protect",1
"10828",21,"protector",1
"10829",21,"provisions",1
"10830",21,"prudent",1
"10831",21,"pushing",1
"10832",21,"quarter",1
"10833",21,"quiet",1
"10834",21,"raged",1
"10835",21,"rain",1
"10836",21,"raised",1
"10837",21,"rash",1
"10838",21,"realise",1
"10839",21,"reappeared",1
"10840",21,"recording",1
"10841",21,"reef",1
"10842",21,"reefed",1
"10843",21,"regatta",1
"10844",21,"regretted",1
"10845",21,"remain",1
"10846",21,"repast",1
"10847",21,"repeated",1
"10848",21,"replied",1
"10849",21,"reply",1
"10850",21,"repose",1
"10851",21,"requested",1
"10852",21,"resounded",1
"10853",21,"responded",1
"10854",21,"rest",1
"10855",21,"rigged",1
"10856",21,"river",1
"10857",21,"rode",1
"10858",21,"rolled",1
"10859",21,"rose",1
"10860",21,"rough",1
"10861",21,"roughness",1
"10862",21,"royal",1
"10863",21,"rudder",1
"10864",21,"run",1
"10865",21,"rushed",1
"10866",21,"rustled",1
"10867",21,"safety",1
"10868",21,"sailing",1
"10869",21,"sailor",1
"10870",21,"san",1
"10871",21,"saved",1
"10872",21,"scintillations",1
"10873",21,"scorched",1
"10874",21,"scudded",1
"10875",21,"seagull",1
"10876",21,"secret",1
"10877",21,"secured",1
"10878",21,"separate",1
"10879",21,"servant",1
"10880",21,"shatter",1
"10881",21,"sheet",1
"10882",21,"shock",1
"10883",21,"shook",1
"10884",21,"signals",1
"10885",21,"signs",1
"10886",21,"simplest",1
"10887",21,"single",1
"10888",21,"situated",1
"10889",21,"slacken",1
"10890",21,"smoke",1
"10891",21,"smooth",1
"10892",21,"solidly",1
"10893",21,"space",1
"10894",21,"speech",1
"10895",21,"speedy",1
"10896",21,"spray",1
"10897",21,"squall",1
"10898",21,"staggering",1
"10899",21,"stake",1
"10900",21,"stand",1
"10901",21,"standing",1
"10902",21,"steadily",1
"10903",21,"steam",1
"10904",21,"stifled",1
"10905",21,"stolen",1
"10906",21,"stood",1
"10907",21,"stop",1
"10908",21,"strangely",1
"10909",21,"stream",1
"10910",21,"strong",1
"10911",21,"struck",1
"10912",21,"subject",1
"10913",21,"submerged",1
"10914",21,"submitted",1
"10915",21,"subsided",1
"10916",21,"succour",1
"10917",21,"suffer",1
"10918",21,"sum",1
"10919",21,"sunrise",1
"10920",21,"surely",1
"10921",21,"surge",1
"10922",21,"surges",1
"10923",21,"suspicions",1
"10924",21,"swelling",1
"10925",21,"swore",1
"10926",21,"taciturn",1
"10927",21,"talk",1
"10928",21,"tastes",1
"10929",21,"teeth",1
"10930",21,"tenacity",1
"10931",21,"terribly",1
"10932",21,"terrific",1
"10933",21,"thankful",1
"10934",21,"thirty",1
"10935",21,"thither",1
"10936",21,"threatening",1
"10937",21,"throwing",1
"10938",21,"tightened",1
"10939",21,"tone",1
"10940",21,"tonnage",1
"10941",21,"tons",1
"10942",21,"touchhole",1
"10943",21,"trade",1
"10944",21,"tranquil",1
"10945",21,"tranquilly",1
"10946",21,"travel",1
"10947",21,"travellers",1
"10948",21,"traverse",1
"10949",21,"traversed",1
"10950",21,"triangular",1
"10951",21,"tropic",1
"10952",21,"trough",1
"10953",21,"trust",1
"10954",21,"truth",1
"10955",21,"twelve",1
"10956",21,"twilight",1
"10957",21,"unaffected",1
"10958",21,"uncommon",1
"10959",21,"undiminished",1
"10960",21,"utter",1
"10961",21,"vast",1
"10962",21,"veering",1
"10963",21,"venture",1
"10964",21,"ventured",1
"10965",21,"vessels",1
"10966",21,"view",1
"10967",21,"vigorously",1
"10968",21,"villain",1
"10969",21,"voice",1
"10970",21,"waited",1
"10971",21,"watch",1
"10972",21,"weathered",1
"10973",21,"whilst",1
"10974",21,"wide",1
"10975",21,"winds",1
"10976",21,"wings",1
"10977",21,"winter",1
"10978",21,"woman",1
"10979",21,"world",1
"10980",21,"wreaths",1
"10981",21,"wrong",1
"10982",21,"yacht",1
"10983",21,"zephyrs",1
"10984",22,"13th",1
"10985",22,"7th",1
"10986",22,"abode",1
"10987",22,"abominably",1
"10988",22,"absorbed",1
"10989",22,"accounts",1
"10990",22,"accused",1
"10991",22,"accustomed",1
"10992",22,"adorned",1
"10993",22,"advance",1
"10994",22,"adventures",1
"10995",22,"agent",1
"10996",22,"aid",1
"10997",22,"aimlessly",1
"10998",22,"alongside",1
"10999",22,"ambassadors",1
"11000",22,"america",1
"11001",22,"americans",1
"11002",22,"amid",1
"11003",22,"anchored",1
"11004",22,"apologise",1
"11005",22,"appetite",1
"11006",22,"apple",1
"11007",22,"architecture",1
"11008",22,"arrested",1
"11009",22,"ashore",1
"11010",22,"assistance",1
"11011",22,"astrologers",1
"11012",22,"ate",1
"11013",22,"awoke",1
"11014",22,"bamboos",1
"11015",22,"bank",1
"11016",22,"banners",1
"11017",22,"barrows",1
"11018",22,"bay",1
"11019",22,"beating",1
"11020",22,"beautiful",1
"11021",22,"bed",1
"11022",22,"beg",1
"11023",22,"begging",1
"11024",22,"behaviour",1
"11025",22,"beheld",1
"11026",22,"beneath",1
"11027",22,"benten",1
"11028",22,"bet",1
"11029",22,"beverage",1
"11030",22,"black",1
"11031",22,"blackened",1
"11032",22,"blossoms",1
"11033",22,"blue",1
"11034",22,"boar",1
"11035",22,"boat",1
"11036",22,"boats",1
"11037",22,"borrowed",1
"11038",22,"boundings",1
"11039",22,"branches",1
"11040",22,"breakfast",1
"11041",22,"breeze",1
"11042",22,"bridges",1
"11043",22,"buddhist",1
"11044",22,"bushes",1
"11045",22,"bustling",1
"11046",22,"busts",1
"11047",22,"butchers",1
"11048",22,"butcher’s",1
"11049",22,"buy",1
"11050",22,"calcutta",1
"11051",22,"called",1
"11052",22,"calmer",1
"11053",22,"camellias",1
"11054",22,"canvas",1
"11055",22,"capital",1
"11056",22,"care",1
"11057",22,"cargo",1
"11058",22,"carriages",1
"11059",22,"cats",1
"11060",22,"cattle",1
"11061",22,"caught",1
"11062",22,"cedars",1
"11063",22,"changed",1
"11064",22,"cheeked",1
"11065",22,"cherry",1
"11066",22,"chests",1
"11067",22,"children",1
"11068",22,"chinamen",1
"11069",22,"chinese",1
"11070",22,"chuckled",1
"11071",22,"civil",1
"11072",22,"civilians",1
"11073",22,"clad",1
"11074",22,"clogs",1
"11075",22,"coats",1
"11076",22,"collect",1
"11077",22,"colour",1
"11078",22,"coloured",1
"11079",22,"colours",1
"11080",22,"comfortable",1
"11081",22,"company",1
"11082",22,"complexions",1
"11083",22,"concocted",1
"11084",22,"confucius",1
"11085",22,"connected",1
"11086",22,"consuls",1
"11087",22,"contained",1
"11088",22,"copper",1
"11089",22,"costumes",1
"11090",22,"cotton",1
"11091",22,"cranes",1
"11092",22,"craved",1
"11093",22,"creeping",1
"11094",22,"crowded",1
"11095",22,"crowds",1
"11096",22,"crows",1
"11097",22,"crying",1
"11098",22,"cultivate",1
"11099",22,"cut",1
"11100",22,"dames",1
"11101",22,"dancers",1
"11102",22,"dared",1
"11103",22,"dawn",1
"11104",22,"days",1
"11105",22,"dazzling",1
"11106",22,"dead",1
"11107",22,"decide",1
"11108",22,"decked",1
"11109",22,"deer",1
"11110",22,"default",1
"11111",22,"demands",1
"11112",22,"den",1
"11113",22,"departing",1
"11114",22,"depression",1
"11115",22,"descended",1
"11116",22,"desert",1
"11117",22,"despised",1
"11118",22,"detain",1
"11119",22,"detective’s",1
"11120",22,"difficult",1
"11121",22,"directed",1
"11122",22,"disordered",1
"11123",22,"displayed",1
"11124",22,"distance",1
"11125",22,"divulge",1
"11126",22,"docks",1
"11127",22,"doubles",1
"11128",22,"doubt",1
"11129",22,"dreams",1
"11130",22,"dreary",1
"11131",22,"dropped",1
"11132",22,"drunkenness",1
"11133",22,"ducks",1
"11134",22,"dutchmen",1
"11135",22,"duty",1
"11136",22,"eagerly",1
"11137",22,"eagles",1
"11138",22,"embassy",1
"11139",22,"emerge",1
"11140",22,"empire",1
"11141",22,"empty",1
"11142",22,"enclosures",1
"11143",22,"encrusted",1
"11144",22,"engaged",1
"11145",22,"england",1
"11146",22,"enormous",1
"11147",22,"enveloped",1
"11148",22,"enviable",1
"11149",22,"equipages",1
"11150",22,"errand",1
"11151",22,"espied",1
"11152",22,"establishments",1
"11153",22,"europe",1
"11154",22,"evening",1
"11155",22,"events",1
"11156",22,"evident",1
"11157",22,"evidently",1
"11158",22,"exclusively",1
"11159",22,"executing",1
"11160",22,"exhaust",1
"11161",22,"exhilarating",1
"11162",22,"expanding",1
"11163",22,"eye",1
"11164",22,"eyes",1
"11165",22,"fail",1
"11166",22,"falling",1
"11167",22,"farming",1
"11168",22,"fashionably",1
"11169",22,"fashioned",1
"11170",22,"favour",1
"11171",22,"feared",1
"11172",22,"feet",1
"11173",22,"fermentation",1
"11174",22,"fields",1
"11175",22,"fifty",1
"11176",22,"filled",1
"11177",22,"fine",1
"11178",22,"fir",1
"11179",22,"fish",1
"11180",22,"fishermen",1
"11181",22,"fishing",1
"11182",22,"fixed",1
"11183",22,"flags",1
"11184",22,"flat",1
"11185",22,"flowers",1
"11186",22,"foliage",1
"11187",22,"folk",1
"11188",22,"follow",1
"11189",22,"fortunately",1
"11190",22,"french",1
"11191",22,"friars",1
"11192",22,"fronts",1
"11193",22,"fruit",1
"11194",22,"future",1
"11195",22,"gait",1
"11196",22,"game",1
"11197",22,"gates",1
"11198",22,"gathered",1
"11199",22,"generously",1
"11200",22,"gentleman",1
"11201",22,"giving",1
"11202",22,"glimpses",1
"11203",22,"glittering",1
"11204",22,"goat",1
"11205",22,"goddess",1
"11206",22,"gowns",1
"11207",22,"grinning",1
"11208",22,"groves",1
"11209",22,"guards",1
"11210",22,"guide",1
"11211",22,"guns",1
"11212",22,"hand",1
"11213",22,"handsome",1
"11214",22,"happened",1
"11215",22,"harbour",1
"11216",22,"harvest",1
"11217",22,"hats",1
"11218",22,"hauberks",1
"11219",22,"hawks",1
"11220",22,"heads",1
"11221",22,"heart",1
"11222",22,"hearty",1
"11223",22,"helped",1
"11224",22,"herons",1
"11225",22,"hid",1
"11226",22,"holding",1
"11227",22,"holy",1
"11228",22,"hope",1
"11229",22,"hottentots",1
"11230",22,"hundred",1
"11231",22,"hung",1
"11232",22,"hunger",1
"11233",22,"hurried",1
"11234",22,"immense",1
"11235",22,"impart",1
"11236",22,"impelled",1
"11237",22,"importunate",1
"11238",22,"imprisoned",1
"11239",22,"influence",1
"11240",22,"informed",1
"11241",22,"inhabited",1
"11242",22,"inhaling",1
"11243",22,"instant",1
"11244",22,"instinct",1
"11245",22,"interminable",1
"11246",22,"interrupted",1
"11247",22,"intimately",1
"11248",22,"inveigled",1
"11249",22,"irresistibly",1
"11250",22,"i’ll",1
"11251",22,"jet",1
"11252",22,"jewellery",1
"11253",22,"keeping",1
"11254",22,"kill",1
"11255",22,"knot",1
"11256",22,"knowing",1
"11257",22,"lac",1
"11258",22,"ladies",1
"11259",22,"lanterns",1
"11260",22,"laugh",1
"11261",22,"lay",1
"11262",22,"leaving",1
"11263",22,"left",1
"11264",22,"leg",1
"11265",22,"legged",1
"11266",22,"legs",1
"11267",22,"life",1
"11268",22,"lifted",1
"11269",22,"liquor",1
"11270",22,"litters",1
"11271",22,"london",1
"11272",22,"lost",1
"11273",22,"low",1
"11274",22,"meal",1
"11275",22,"meals",1
"11276",22,"means",1
"11277",22,"merchants",1
"11278",22,"metropolitan",1
"11279",22,"mikado",1
"11280",22,"mikado’s",1
"11281",22,"miles",1
"11282",22,"mind",1
"11283",22,"minds",1
"11284",22,"mistaken",1
"11285",22,"mixed",1
"11286",22,"modern",1
"11287",22,"moment",1
"11288",22,"motley",1
"11289",22,"moving",1
"11290",22,"multitude",1
"11291",22,"murderer",1
"11292",22,"muttered",1
"11293",22,"mutton",1
"11294",22,"narcotic",1
"11295",22,"nations",1
"11296",22,"neat",1
"11297",22,"night",1
"11298",22,"north",1
"11299",22,"november",1
"11300",22,"observe",1
"11301",22,"observed",1
"11302",22,"occupied",1
"11303",22,"occurred",1
"11304",22,"odorous",1
"11305",22,"odourless",1
"11306",22,"office",1
"11307",22,"oriental",1
"11308",22,"ornament",1
"11309",22,"ornaments",1
"11310",22,"pacific",1
"11311",22,"paid",1
"11312",22,"pairs",1
"11313",22,"palanquins",1
"11314",22,"pardon",1
"11315",22,"parisian",1
"11316",22,"partners",1
"11317",22,"partridge",1
"11318",22,"passage",1
"11319",22,"passed",1
"11320",22,"passing",1
"11321",22,"past",1
"11322",22,"patrol",1
"11323",22,"penetrated",1
"11324",22,"penny",1
"11325",22,"people",1
"11326",22,"perched",1
"11327",22,"perfect",1
"11328",22,"perfumes",1
"11329",22,"peristyles",1
"11330",22,"persistently",1
"11331",22,"phileas",1
"11332",22,"pigeons",1
"11333",22,"pilgrims",1
"11334",22,"plank",1
"11335",22,"plantations",1
"11336",22,"plentiful",1
"11337",22,"plum",1
"11338",22,"pocket",1
"11339",22,"poodles",1
"11340",22,"pork",1
"11341",22,"postpone",1
"11342",22,"preserved",1
"11343",22,"proceeded",1
"11344",22,"processions",1
"11345",22,"profession",1
"11346",22,"promontory",1
"11347",22,"proposed",1
"11348",22,"prosperity",1
"11349",22,"protected",1
"11350",22,"pshaw",1
"11351",22,"pure",1
"11352",22,"pursued",1
"11353",22,"push",1
"11354",22,"quails",1
"11355",22,"quaint",1
"11356",22,"queerly",1
"11357",22,"races",1
"11358",22,"ranks",1
"11359",22,"rascal",1
"11360",22,"ravens",1
"11361",22,"reach",1
"11362",22,"reached",1
"11363",22,"ready",1
"11364",22,"real",1
"11365",22,"rear",1
"11366",22,"recalled",1
"11367",22,"red",1
"11368",22,"reeds",1
"11369",22,"remembered",1
"11370",22,"replied",1
"11371",22,"resembled",1
"11372",22,"reserved",1
"11373",22,"residence",1
"11374",22,"resin",1
"11375",22,"resource",1
"11376",22,"respected",1
"11377",22,"restaurants",1
"11378",22,"retreats",1
"11379",22,"revelation",1
"11380",22,"rich",1
"11381",22,"rid",1
"11382",22,"river",1
"11383",22,"robber",1
"11384",22,"robbing",1
"11385",22,"robed",1
"11386",22,"rolling",1
"11387",22,"rose",1
"11388",22,"ruined",1
"11389",22,"rushing",1
"11390",22,"sabres",1
"11391",22,"sacrilege",1
"11392",22,"sail",1
"11393",22,"sailing",1
"11394",22,"sailors",1
"11395",22,"sails",1
"11396",22,"saki",1
"11397",22,"saloon",1
"11398",22,"sandals",1
"11399",22,"scanned",1
"11400",22,"scarecrows",1
"11401",22,"scarfs",1
"11402",22,"scene",1
"11403",22,"screens",1
"11404",22,"sectaries",1
"11405",22,"sell",1
"11406",22,"sense",1
"11407",22,"separate",1
"11408",22,"setting",1
"11409",22,"settling",1
"11410",22,"shaded",1
"11411",22,"sheltered",1
"11412",22,"shilling",1
"11413",22,"ships",1
"11414",22,"shoes",1
"11415",22,"shook",1
"11416",22,"shops",1
"11417",22,"shortly",1
"11418",22,"shrank",1
"11419",22,"shrubs",1
"11420",22,"simple",1
"11421",22,"situated",1
"11422",22,"situation",1
"11423",22,"skilful",1
"11424",22,"slender",1
"11425",22,"smelling",1
"11426",22,"smokers",1
"11427",22,"smoking",1
"11428",22,"sobered",1
"11429",22,"soldiers",1
"11430",22,"solely",1
"11431",22,"solemnly",1
"11432",22,"solitary",1
"11433",22,"sons",1
"11434",22,"sort",1
"11435",22,"space",1
"11436",22,"sparrows",1
"11437",22,"spiritual",1
"11438",22,"splendid",1
"11439",22,"squares",1
"11440",22,"stalls",1
"11441",22,"standing",1
"11442",22,"starting",1
"11443",22,"stature",1
"11444",22,"steam",1
"11445",22,"steamers",1
"11446",22,"stood",1
"11447",22,"story",1
"11448",22,"stout",1
"11449",22,"straw",1
"11450",22,"streamers",1
"11451",22,"stringy",1
"11452",22,"stripes",1
"11453",22,"strolling",1
"11454",22,"struck",1
"11455",22,"struggled",1
"11456",22,"study",1
"11457",22,"stupefied",1
"11458",22,"stupefying",1
"11459",22,"succeeded",1
"11460",22,"suites",1
"11461",22,"sun",1
"11462",22,"supper",1
"11463",22,"supplied",1
"11464",22,"surrounded",1
"11465",22,"symbolise",1
"11466",22,"taking",1
"11467",22,"talkative",1
"11468",22,"tall",1
"11469",22,"tambourines",1
"11470",22,"task",1
"11471",22,"tea",1
"11472",22,"teeth",1
"11473",22,"telescopes",1
"11474",22,"telling",1
"11475",22,"temples",1
"11476",22,"territory",1
"11477",22,"thither",1
"11478",22,"thunderstruck",1
"11479",22,"tied",1
"11480",22,"tight",1
"11481",22,"timidly",1
"11482",22,"tinted",1
"11483",22,"tobacco",1
"11484",22,"torches",1
"11485",22,"tore",1
"11486",22,"torpor",1
"11487",22,"totter",1
"11488",22,"track",1
"11489",22,"traitor",1
"11490",22,"travellers",1
"11491",22,"treaty",1
"11492",22,"trick",1
"11493",22,"tycoon",1
"11494",22,"unfulfilled",1
"11495",22,"unknown",1
"11496",22,"unoccupied",1
"11497",22,"vari",1
"11498",22,"varying",1
"11499",22,"vast",1
"11500",22,"verandas",1
"11501",22,"violets",1
"11502",22,"voracious",1
"11503",22,"waists",1
"11504",22,"wait",1
"11505",22,"waiters",1
"11506",22,"wake",1
"11507",22,"walking",1
"11508",22,"walls",1
"11509",22,"wander",1
"11510",22,"warehouses",1
"11511",22,"warped",1
"11512",22,"weeping",1
"11513",22,"whereon",1
"11514",22,"whist",1
"11515",22,"widely",1
"11516",22,"willows",1
"11517",22,"windows",1
"11518",22,"wished",1
"11519",22,"women",1
"11520",22,"wood",1
"11521",22,"wore",1
"11522",22,"world",1
"11523",22,"worshipped",1
"11524",22,"worth",1
"11525",22,"worthy",1
"11526",22,"wrong",1
"11527",22,"yellow",1
"11528",22,"yellowish",1
"11529",23,"abandoning",1
"11530",23,"accoutred",1
"11531",23,"acrobatic",1
"11532",23,"act",1
"11533",23,"added",1
"11534",23,"adroitness",1
"11535",23,"ages",1
"11536",23,"america",1
"11537",23,"americans",1
"11538",23,"animated",1
"11539",23,"appearance",1
"11540",23,"appeared",1
"11541",23,"appeased",1
"11542",23,"applause",1
"11543",23,"applied",1
"11544",23,"approached",1
"11545",23,"aren’t",1
"11546",23,"arms",1
"11547",23,"arose",1
"11548",23,"aroused",1
"11549",23,"artist",1
"11550",23,"astonishing",1
"11551",23,"attired",1
"11552",23,"balance",1
"11553",23,"balanced",1
"11554",23,"balls",1
"11555",23,"banknotes",1
"11556",23,"barnum",1
"11557",23,"barrels",1
"11558",23,"bass",1
"11559",23,"battledores",1
"11560",23,"batulcar’s",1
"11561",23,"beard",1
"11562",23,"bearing",1
"11563",23,"begging",1
"11564",23,"benches",1
"11565",23,"bestowed",1
"11566",23,"bird",1
"11567",23,"bits",1
"11568",23,"blue",1
"11569",23,"bones",1
"11570",23,"bore",1
"11571",23,"boxes",1
"11572",23,"breakage",1
"11573",23,"breakfast",1
"11574",23,"built",1
"11575",23,"butterflies",1
"11576",23,"cabin",1
"11577",23,"candles",1
"11578",23,"cards",1
"11579",23,"care",1
"11580",23,"caressing",1
"11581",23,"carnival",1
"11582",23,"carry",1
"11583",23,"carrying",1
"11584",23,"castle",1
"11585",23,"ceiling",1
"11586",23,"celebrated",1
"11587",23,"change",1
"11588",23,"cheered",1
"11589",23,"children",1
"11590",23,"chin",1
"11591",23,"chinese",1
"11592",23,"chosen",1
"11593",23,"clambering",1
"11594",23,"clearing",1
"11595",23,"close",1
"11596",23,"clusters",1
"11597",23,"coat",1
"11598",23,"coin",1
"11599",23,"coloured",1
"11600",23,"colours",1
"11601",23,"combination",1
"11602",23,"combinations",1
"11603",23,"commence",1
"11604",23,"compliment",1
"11605",23,"compose",1
"11606",23,"composed",1
"11607",23,"comprising",1
"11608",23,"concert",1
"11609",23,"concluded",1
"11610",23,"confessed",1
"11611",23,"confidence",1
"11612",23,"corners",1
"11613",23,"cornices",1
"11614",23,"country",1
"11615",23,"cravings",1
"11616",23,"cried",1
"11617",23,"cross",1
"11618",23,"crossed",1
"11619",23,"crying",1
"11620",23,"curved",1
"11621",23,"cymbals",1
"11622",23,"damages",1
"11623",23,"days",1
"11624",23,"dealer",1
"11625",23,"decided",1
"11626",23,"delightful",1
"11627",23,"demanded",1
"11628",23,"departure",1
"11629",23,"describe",1
"11630",23,"designated",1
"11631",23,"designed",1
"11632",23,"devil",1
"11633",23,"difficulty",1
"11634",23,"dignified",1
"11635",23,"dinner",1
"11636",23,"direct",1
"11637",23,"directed",1
"11638",23,"director",1
"11639",23,"discovered",1
"11640",23,"dispersed",1
"11641",23,"displays",1
"11642",23,"disposed",1
"11643",23,"distinguished",1
"11644",23,"docks",1
"11645",23,"donned",1
"11646",23,"door",1
"11647",23,"dozen",1
"11648",23,"dresses",1
"11649",23,"drums",1
"11650",23,"eaten",1
"11651",23,"effects",1
"11652",23,"elicited",1
"11653",23,"empire",1
"11654",23,"encountered",1
"11655",23,"engaged",1
"11656",23,"engagement",1
"11657",23,"enter",1
"11658",23,"entered",1
"11659",23,"entertainer",1
"11660",23,"ere",1
"11661",23,"establishment",1
"11662",23,"europe",1
"11663",23,"europeans",1
"11664",23,"exchange",1
"11665",23,"exhibit",1
"11666",23,"exterior",1
"11667",23,"extinguished",1
"11668",23,"eyes",1
"11669",23,"faded",1
"11670",23,"faithful",1
"11671",23,"false",1
"11672",23,"famished",1
"11673",23,"fan",1
"11674",23,"fashion",1
"11675",23,"fault",1
"11676",23,"feature",1
"11677",23,"features",1
"11678",23,"fellow",1
"11679",23,"fifty",1
"11680",23,"fill",1
"11681",23,"fixed",1
"11682",23,"flat",1
"11683",23,"floor",1
"11684",23,"flowers",1
"11685",23,"flutes",1
"11686",23,"foot",1
"11687",23,"footlights",1
"11688",23,"form",1
"11689",23,"formed",1
"11690",23,"formidable",1
"11691",23,"forming",1
"11692",23,"fourth",1
"11693",23,"france",1
"11694",23,"frenchman",1
"11695",23,"frenchmen",1
"11696",23,"friend",1
"11697",23,"frolicked",1
"11698",23,"furious",1
"11699",23,"furrowed",1
"11700",23,"gallery",1
"11701",23,"garments",1
"11702",23,"gentleman",1
"11703",23,"glasses",1
"11704",23,"gongs",1
"11705",23,"graceful",1
"11706",23,"grey",1
"11707",23,"grow",1
"11708",23,"gymnastic",1
"11709",23,"hairs",1
"11710",23,"hand",1
"11711",23,"handful",1
"11712",23,"hands",1
"11713",23,"happened",1
"11714",23,"harmony",1
"11715",23,"hazards",1
"11716",23,"heartily",1
"11717",23,"hitherto",1
"11718",23,"holding",1
"11719",23,"hours",1
"11720",23,"house",1
"11721",23,"humph",1
"11722",23,"hundred",1
"11723",23,"hung",1
"11724",23,"hunger",1
"11725",23,"hurry",1
"11726",23,"imagine",1
"11727",23,"imitation",1
"11728",23,"inside",1
"11729",23,"instant",1
"11730",23,"instruments",1
"11731",23,"interminable",1
"11732",23,"interrupting",1
"11733",23,"invaded",1
"11734",23,"issued",1
"11735",23,"jaded",1
"11736",23,"japan",1
"11737",23,"japanesed",1
"11738",23,"jingled",1
"11739",23,"juggled",1
"11740",23,"juggling",1
"11741",23,"jumping",1
"11742",23,"leapings",1
"11743",23,"leaving",1
"11744",23,"lend",1
"11745",23,"life",1
"11746",23,"lighted",1
"11747",23,"lightning",1
"11748",23,"lips",1
"11749",23,"lobby",1
"11750",23,"lose",1
"11751",23,"lost",1
"11752",23,"loud",1
"11753",23,"lovers",1
"11754",23,"lower",1
"11755",23,"meal",1
"11756",23,"meals",1
"11757",23,"means",1
"11758",23,"melancholy",1
"11759",23,"melodious",1
"11760",23,"memories",1
"11761",23,"middle",1
"11762",23,"midst",1
"11763",23,"mikado’s",1
"11764",23,"miles",1
"11765",23,"mind",1
"11766",23,"modest",1
"11767",23,"money",1
"11768",23,"monkey",1
"11769",23,"mountebanks",1
"11770",23,"mounting",1
"11771",23,"music",1
"11772",23,"musical",1
"11773",23,"musicians",1
"11774",23,"mustn’t",1
"11775",23,"narrow",1
"11776",23,"nationality",1
"11777",23,"natives",1
"11778",23,"natural",1
"11779",23,"nature",1
"11780",23,"noisily",1
"11781",23,"nourishment",1
"11782",23,"obedient",1
"11783",23,"odorous",1
"11784",23,"offer",1
"11785",23,"opposite",1
"11786",23,"other’s",1
"11787",23,"pair",1
"11788",23,"paper",1
"11789",23,"paris",1
"11790",23,"parisian",1
"11791",23,"passage",1
"11792",23,"passepartout’s",1
"11793",23,"past",1
"11794",23,"patronage",1
"11795",23,"pay",1
"11796",23,"payment",1
"11797",23,"peculiar",1
"11798",23,"performer",1
"11799",23,"person",1
"11800",23,"perspective",1
"11801",23,"phileas",1
"11802",23,"pieces",1
"11803",23,"pitches",1
"11804",23,"pocket",1
"11805",23,"pockets",1
"11806",23,"poles",1
"11807",23,"possibly",1
"11808",23,"pounding",1
"11809",23,"precipitated",1
"11810",23,"precision",1
"11811",23,"prematurely",1
"11812",23,"pretty",1
"11813",23,"principal",1
"11814",23,"produced",1
"11815",23,"question",1
"11816",23,"quickly",1
"11817",23,"quitted",1
"11818",23,"rage",1
"11819",23,"ran",1
"11820",23,"reaching",1
"11821",23,"read",1
"11822",23,"real",1
"11823",23,"recalling",1
"11824",23,"references",1
"11825",23,"reflecting",1
"11826",23,"rehearse",1
"11827",23,"relit",1
"11828",23,"remained",1
"11829",23,"reminiscence",1
"11830",23,"reproduced",1
"11831",23,"resolution",1
"11832",23,"resolved",1
"11833",23,"resounded",1
"11834",23,"rest",1
"11835",23,"retain",1
"11836",23,"retained",1
"11837",23,"returned",1
"11838",23,"revolving",1
"11839",23,"ribboned",1
"11840",23,"rice",1
"11841",23,"robust",1
"11842",23,"rods",1
"11843",23,"sabre",1
"11844",23,"sabres",1
"11845",23,"sad",1
"11846",23,"satisfy",1
"11847",23,"sauntering",1
"11848",23,"scene",1
"11849",23,"search",1
"11850",23,"sectaries",1
"11851",23,"series",1
"11852",23,"serve",1
"11853",23,"shattered",1
"11854",23,"shed",1
"11855",23,"shop",1
"11856",23,"shuttlecocks",1
"11857",23,"sided",1
"11858",23,"silver",1
"11859",23,"simple",1
"11860",23,"singular",1
"11861",23,"sir",1
"11862",23,"skilful",1
"11863",23,"slumbers",1
"11864",23,"smoke",1
"11865",23,"solved",1
"11866",23,"somersaults",1
"11867",23,"songs",1
"11868",23,"sooner",1
"11869",23,"splendid",1
"11870",23,"standing",1
"11871",23,"starved",1
"11872",23,"steamers",1
"11873",23,"stems",1
"11874",23,"stepped",1
"11875",23,"steps",1
"11876",23,"stopped",1
"11877",23,"straight",1
"11878",23,"straightway",1
"11879",23,"strange",1
"11880",23,"stranger",1
"11881",23,"streamers",1
"11882",23,"strength",1
"11883",23,"striking",1
"11884",23,"strings",1
"11885",23,"struck",1
"11886",23,"study",1
"11887",23,"sturdy",1
"11888",23,"successively",1
"11889",23,"talent",1
"11890",23,"tea",1
"11891",23,"ten",1
"11892",23,"thick",1
"11893",23,"thousand",1
"11894",23,"threw",1
"11895",23,"tightly",1
"11896",23,"tone",1
"11897",23,"tops",1
"11898",23,"tossed",1
"11899",23,"tottered",1
"11900",23,"traced",1
"11901",23,"traverse",1
"11902",23,"trick",1
"11903",23,"turban",1
"11904",23,"union",1
"11905",23,"united",1
"11906",23,"useless",1
"11907",23,"vanished",1
"11908",23,"vari",1
"11909",23,"veins",1
"11910",23,"vexed",1
"11911",23,"vigorously",1
"11912",23,"viol",1
"11913",23,"violent",1
"11914",23,"visit",1
"11915",23,"voice",1
"11916",23,"wait",1
"11917",23,"walls",1
"11918",23,"wandering",1
"11919",23,"warts",1
"11920",23,"watch",1
"11921",23,"week",1
"11922",23,"winning",1
"11923",23,"wires",1
"11924",23,"wise",1
"11925",23,"women",1
"11926",23,"wonderful",1
"11927",23,"wont",1
"11928",23,"wooden",1
"11929",23,"words",1
"11930",23,"youth",1
"11931",24,"11th",1
"11932",24,"14th",1
"11933",24,"20th",1
"11934",24,"21st",1
"11935",24,"2nd",1
"11936",24,"3rd",1
"11937",24,"aboard",1
"11938",24,"absence",1
"11939",24,"accomplished",1
"11940",24,"account",1
"11941",24,"additional",1
"11942",24,"administered",1
"11943",24,"admitted",1
"11944",24,"aha",1
"11945",24,"aiding",1
"11946",24,"allies",1
"11947",24,"amazement",1
"11948",24,"amusement",1
"11949",24,"anger",1
"11950",24,"announced",1
"11951",24,"antipodes",1
"11952",24,"applied",1
"11953",24,"ascended",1
"11954",24,"ascertain",1
"11955",24,"atlantic",1
"11956",24,"attached",1
"11957",24,"attentively",1
"11958",24,"avoid",1
"11959",24,"awkward",1
"11960",24,"bail",1
"11961",24,"bank",1
"11962",24,"batulcar’s",1
"11963",24,"bay",1
"11964",24,"beam",1
"11965",24,"belonged",1
"11966",24,"bet",1
"11967",24,"betrayed",1
"11968",24,"blows",1
"11969",24,"boat",1
"11970",24,"budge",1
"11971",24,"busby",1
"11972",24,"cabin",1
"11973",24,"calcutta",1
"11974",24,"california",1
"11975",24,"capacity",1
"11976",24,"captain",1
"11977",24,"chance",1
"11978",24,"changing",1
"11979",24,"charges",1
"11980",24,"chatted",1
"11981",24,"china",1
"11982",24,"chronometers",1
"11983",24,"circuits",1
"11984",24,"circular",1
"11985",24,"civilised",1
"11986",24,"clocks",1
"11987",24,"closed",1
"11988",24,"clothing",1
"11989",24,"comforted",1
"11990",24,"companion",1
"11991",24,"complement",1
"11992",24,"complete",1
"11993",24,"comprehended",1
"11994",24,"concealed",1
"11995",24,"condition",1
"11996",24,"connected",1
"11997",24,"connecting",1
"11998",24,"consulate",1
"11999",24,"consuls",1
"12000",24,"coolies",1
"12001",24,"coolness",1
"12002",24,"costume",1
"12003",24,"countenance",1
"12004",24,"country",1
"12005",24,"craft",1
"12006",24,"cried",1
"12007",24,"criminal",1
"12008",24,"cross",1
"12009",24,"cut",1
"12010",24,"date",1
"12011",24,"decided",1
"12012",24,"delay",1
"12013",24,"delight",1
"12014",24,"depart",1
"12015",24,"despair",1
"12016",24,"destination",1
"12017",24,"detain",1
"12018",24,"deviation",1
"12019",24,"devotion",1
"12020",24,"difficult",1
"12021",24,"directed",1
"12022",24,"directly",1
"12023",24,"disappointment",1
"12024",24,"discovery",1
"12025",24,"disguise",1
"12026",24,"distance",1
"12027",24,"divided",1
"12028",24,"divulge",1
"12029",24,"domestics",1
"12030",24,"don’t",1
"12031",24,"doubtless",1
"12032",24,"doubts",1
"12033",24,"drunkenness",1
"12034",24,"easily",1
"12035",24,"east",1
"12036",24,"eccentric",1
"12037",24,"eighty",1
"12038",24,"elephants",1
"12039",24,"eleven",1
"12040",24,"emotion",1
"12041",24,"emotions",1
"12042",24,"entered",1
"12043",24,"entire",1
"12044",24,"equipped",1
"12045",24,"espying",1
"12046",24,"eulogies",1
"12047",24,"evidently",1
"12048",24,"excused",1
"12049",24,"explain",1
"12050",24,"explanation",1
"12051",24,"extradition",1
"12052",24,"exultation",1
"12053",24,"fail",1
"12054",24,"fairly",1
"12055",24,"faith",1
"12056",24,"faithful",1
"12057",24,"false",1
"12058",24,"family",1
"12059",24,"famous",1
"12060",24,"fantastic",1
"12061",24,"fast",1
"12062",24,"fatal",1
"12063",24,"fell",1
"12064",24,"fiftieth",1
"12065",24,"finding",1
"12066",24,"finished",1
"12067",24,"fists",1
"12068",24,"flag",1
"12069",24,"forced",1
"12070",24,"forward",1
"12071",24,"funds",1
"12072",24,"furnished",1
"12073",24,"gained",1
"12074",24,"gaining",1
"12075",24,"gallery",1
"12076",24,"gate",1
"12077",24,"generosity",1
"12078",24,"generous",1
"12079",24,"giving",1
"12080",24,"globe",1
"12081",24,"god",1
"12082",24,"golden",1
"12083",24,"grasped",1
"12084",24,"gratitude",1
"12085",24,"guessed",1
"12086",24,"harmony",1
"12087",24,"heard",1
"12088",24,"hearing",1
"12089",24,"heart",1
"12090",24,"heaven",1
"12091",24,"hilarious",1
"12092",24,"honesty",1
"12093",24,"honourable",1
"12094",24,"hoped",1
"12095",24,"hoping",1
"12096",24,"ignorant",1
"12097",24,"imagined",1
"12098",24,"immediately",1
"12099",24,"impatient",1
"12100",24,"impossible",1
"12101",24,"impressed",1
"12102",24,"incident",1
"12103",24,"indian",1
"12104",24,"indicating",1
"12105",24,"insisted",1
"12106",24,"intends",1
"12107",24,"intoxicated",1
"12108",24,"irregular",1
"12109",24,"issue",1
"12110",24,"italian",1
"12111",24,"i’ll",1
"12112",24,"i’ve",1
"12113",24,"japan",1
"12114",24,"john",1
"12115",24,"joined",1
"12116",24,"joyful",1
"12117",24,"keenest",1
"12118",24,"keeping",1
"12119",24,"lady’s",1
"12120",24,"leave",1
"12121",24,"led",1
"12122",24,"listen",1
"12123",24,"liverpool",1
"12124",24,"locomotion",1
"12125",24,"lot",1
"12126",24,"lying",1
"12127",24,"mail",1
"12128",24,"manner",1
"12129",24,"massive",1
"12130",24,"mast",1
"12131",24,"master’s",1
"12132",24,"masts",1
"12133",24,"materially",1
"12134",24,"meet",1
"12135",24,"mell",1
"12136",24,"met",1
"12137",24,"methods",1
"12138",24,"midnight",1
"12139",24,"mine",1
"12140",24,"miss",1
"12141",24,"missing",1
"12142",24,"money",1
"12143",24,"moonshine",1
"12144",24,"motion",1
"12145",24,"mountebank’s",1
"12146",24,"nagasaki",1
"12147",24,"named",1
"12148",24,"narrative",1
"12149",24,"nature",1
"12150",24,"neck",1
"12151",24,"ninth",1
"12152",24,"obliged",1
"12153",24,"obstinate",1
"12154",24,"obtain",1
"12155",24,"ocean",1
"12156",24,"officers",1
"12157",24,"opium",1
"12158",24,"overtaken",1
"12159",24,"paddle",1
"12160",24,"pains",1
"12161",24,"parallel",1
"12162",24,"passage",1
"12163",24,"path",1
"12164",24,"paying",1
"12165",24,"pell",1
"12166",24,"people",1
"12167",24,"perceive",1
"12168",24,"perceived",1
"12169",24,"perfect",1
"12170",24,"period",1
"12171",24,"physical",1
"12172",24,"pilot",1
"12173",24,"piston",1
"12174",24,"plans",1
"12175",24,"police",1
"12176",24,"power",1
"12177",24,"precisely",1
"12178",24,"presentiment",1
"12179",24,"pretty",1
"12180",24,"price",1
"12181",24,"priests",1
"12182",24,"procure",1
"12183",24,"protector",1
"12184",24,"proved",1
"12185",24,"pugilistic",1
"12186",24,"purely",1
"12187",24,"pyramid",1
"12188",24,"quickly",1
"12189",24,"railway",1
"12190",24,"rascal",1
"12191",24,"reach",1
"12192",24,"reaching",1
"12193",24,"reason",1
"12194",24,"recalled",1
"12195",24,"recounted",1
"12196",24,"rectilinear",1
"12197",24,"reflected",1
"12198",24,"regulate",1
"12199",24,"relieved",1
"12200",24,"remain",1
"12201",24,"remembered",1
"12202",24,"repaired",1
"12203",24,"repeated",1
"12204",24,"rest",1
"12205",24,"resumed",1
"12206",24,"retained",1
"12207",24,"retard",1
"12208",24,"return",1
"12209",24,"rewarding",1
"12210",24,"rewards",1
"12211",24,"rich",1
"12212",24,"rigged",1
"12213",24,"rolled",1
"12214",24,"rose",1
"12215",24,"round",1
"12216",24,"rumpled",1
"12217",24,"rush",1
"12218",24,"sails",1
"12219",24,"sat",1
"12220",24,"sectary",1
"12221",24,"separated",1
"12222",24,"service",1
"12223",24,"seventeen",1
"12224",24,"shaft",1
"12225",24,"ship’s",1
"12226",24,"sight",1
"12227",24,"sign",1
"12228",24,"signals",1
"12229",24,"silent",1
"12230",24,"single",1
"12231",24,"skill",1
"12232",24,"smoking",1
"12233",24,"sorts",1
"12234",24,"speak",1
"12235",24,"spending",1
"12236",24,"spent",1
"12237",24,"spoke",1
"12238",24,"stage",1
"12239",24,"started",1
"12240",24,"starting",1
"12241",24,"steam",1
"12242",24,"steamship",1
"12243",24,"stipulated",1
"12244",24,"stories",1
"12245",24,"straight",1
"12246",24,"streets",1
"12247",24,"subject",1
"12248",24,"successful",1
"12249",24,"sum",1
"12250",24,"superiority",1
"12251",24,"supposed",1
"12252",24,"sustained",1
"12253",24,"taciturn",1
"12254",24,"tavern",1
"12255",24,"telling",1
"12256",24,"termination",1
"12257",24,"terrestrial",1
"12258",24,"theatre",1
"12259",24,"theatrical",1
"12260",24,"thinking",1
"12261",24,"thirds",1
"12262",24,"thrashing",1
"12263",24,"throat",1
"12264",24,"thrown",1
"12265",24,"ties",1
"12266",24,"tingou",1
"12267",24,"told",1
"12268",24,"tons",1
"12269",24,"track",1
"12270",24,"train",1
"12271",24,"transatlantic",1
"12272",24,"travelling",1
"12273",24,"traverse",1
"12274",24,"traversed",1
"12275",24,"treason",1
"12276",24,"trials",1
"12277",24,"triumph",1
"12278",24,"true",1
"12279",24,"twist",1
"12280",24,"unconsciously",1
"12281",24,"unperceived",1
"12282",24,"unreliable",1
"12283",24,"useless",1
"12284",24,"utter",1
"12285",24,"vacation",1
"12286",24,"vain",1
"12287",24,"vanquished",1
"12288",24,"volley",1
"12289",24,"walking",1
"12290",24,"wandering",1
"12291",24,"wheel",1
"12292",24,"wings",1
"12293",24,"worthy",1
"12294",24,"yielded",1
"12295",25,"_visaed_",1
"12296",25,"abroad",1
"12297",25,"abundantly",1
"12298",25,"accompanied",1
"12299",25,"accompany",1
"12300",25,"active",1
"12301",25,"actively",1
"12302",25,"adventure",1
"12303",25,"agitation",1
"12304",25,"alabama",1
"12305",25,"ale",1
"12306",25,"allies",1
"12307",25,"ally",1
"12308",25,"alongside",1
"12309",25,"america",1
"12310",25,"americans",1
"12311",25,"angles",1
"12312",25,"anglo",1
"12313",25,"anxious",1
"12314",25,"appearance",1
"12315",25,"approached",1
"12316",25,"asia",1
"12317",25,"assassins",1
"12318",25,"assemblage",1
"12319",25,"assembled",1
"12320",25,"attacked",1
"12321",25,"attacks",1
"12322",25,"attempts",1
"12323",25,"attired",1
"12324",25,"avenues",1
"12325",25,"banditti",1
"12326",25,"bar",1
"12327",25,"barrelled",1
"12328",25,"beard",1
"12329",25,"beef",1
"12330",25,"begged",1
"12331",25,"behold",1
"12332",25,"biscuits",1
"12333",25,"blocked",1
"12334",25,"blow",1
"12335",25,"blue",1
"12336",25,"boots",1
"12337",25,"bore",1
"12338",25,"boulevard",1
"12339",25,"bowie",1
"12340",25,"brawny",1
"12341",25,"brazil",1
"12342",25,"breakfast",1
"12343",25,"brick",1
"12344",25,"broad",1
"12345",25,"broadway",1
"12346",25,"brows",1
"12347",25,"business",1
"12348",25,"californian",1
"12349",25,"called",1
"12350",25,"calmly",1
"12351",25,"canes",1
"12352",25,"capital",1
"12353",25,"carriage",1
"12354",25,"carriages",1
"12355",25,"carrying",1
"12356",25,"cars",1
"12357",25,"casting",1
"12358",25,"celestial",1
"12359",25,"champions",1
"12360",25,"chance",1
"12361",25,"charge",1
"12362",25,"cheese",1
"12363",25,"chili",1
"12364",25,"churches",1
"12365",25,"clenched",1
"12366",25,"clippers",1
"12367",25,"closed",1
"12368",25,"clothes",1
"12369",25,"clothing",1
"12370",25,"coach",1
"12371",25,"coal",1
"12372",25,"coats",1
"12373",25,"collected",1
"12374",25,"colt’s",1
"12375",25,"comfortable",1
"12376",25,"coming",1
"12377",25,"commerce",1
"12378",25,"commercial",1
"12379",25,"compactly",1
"12380",25,"companion",1
"12381",25,"company",1
"12382",25,"completely",1
"12383",25,"congress",1
"12384",25,"conjectured",1
"12385",25,"contemptuous",1
"12386",25,"contest",1
"12387",25,"continue",1
"12388",25,"convey",1
"12389",25,"conveyances",1
"12390",25,"cool",1
"12391",25,"cormorants",1
"12392",25,"crack",1
"12393",25,"crossed",1
"12394",25,"crowds",1
"12395",25,"crushing",1
"12396",25,"cry",1
"12397",25,"curiosity",1
"12398",25,"current",1
"12399",25,"cut",1
"12400",25,"danger",1
"12401",25,"darkest",1
"12402",25,"darting",1
"12403",25,"deal",1
"12404",25,"decks",1
"12405",25,"defend",1
"12406",25,"delighted",1
"12407",25,"depart",1
"12408",25,"des",1
"12409",25,"detective’s",1
"12410",25,"determined",1
"12411",25,"diminished",1
"12412",25,"diminutive",1
"12413",25,"din",1
"12414",25,"dinner",1
"12415",25,"directed",1
"12416",25,"direction",1
"12417",25,"disappear",1
"12418",25,"disembarked",1
"12419",25,"disturbance",1
"12420",25,"divided",1
"12421",25,"docks",1
"12422",25,"dollars",1
"12423",25,"door",1
"12424",25,"doors",1
"12425",25,"dozen",1
"12426",25,"dozens",1
"12427",25,"drew",1
"12428",25,"dried",1
"12429",25,"driver",1
"12430",25,"drunk",1
"12431",25,"duelling",1
"12432",25,"dust",1
"12433",25,"easy",1
"12434",25,"eaten",1
"12435",25,"empire",1
"12436",25,"emporium",1
"12437",25,"enemy",1
"12438",25,"energetic",1
"12439",25,"enfield",1
"12440",25,"engaged",1
"12441",25,"englishman’s",1
"12442",25,"englishmen",1
"12443",25,"enormous",1
"12444",25,"enter",1
"12445",25,"entered",1
"12446",25,"erected",1
"12447",25,"escape",1
"12448",25,"escaped",1
"12449",25,"europeans",1
"12450",25,"exalted",1
"12451",25,"exchanged",1
"12452",25,"exciting",1
"12453",25,"exclaimed",1
"12454",25,"executing",1
"12455",25,"exposed",1
"12456",25,"expression",1
"12457",25,"extends",1
"12458",25,"facilitate",1
"12459",25,"fair",1
"12460",25,"faithfully",1
"12461",25,"falling",1
"12462",25,"fear",1
"12463",25,"feet",1
"12464",25,"fell",1
"12465",25,"fellow",1
"12466",25,"fight",1
"12467",25,"fine",1
"12468",25,"finish",1
"12469",25,"fires",1
"12470",25,"fist",1
"12471",25,"fists",1
"12472",25,"fit",1
"12473",25,"flank",1
"12474",25,"flocked",1
"12475",25,"floor",1
"12476",25,"floundered",1
"12477",25,"flowed",1
"12478",25,"flushed",1
"12479",25,"fogg’s",1
"12480",25,"forces",1
"12481",25,"frantic",1
"12482",25,"fray",1
"12483",25,"freely",1
"12484",25,"fresh",1
"12485",25,"friend",1
"12486",25,"frightened",1
"12487",25,"gained",1
"12488",25,"gambled",1
"12489",25,"gentleman",1
"12490",25,"gentlemanly",1
"12491",25,"gold",1
"12492",25,"gothic",1
"12493",25,"governor",1
"12494",25,"granted",1
"12495",25,"ground",1
"12496",25,"half",1
"12497",25,"hall",1
"12498",25,"hands",1
"12499",25,"happily",1
"12500",25,"hard",1
"12501",25,"hat",1
"12502",25,"heads",1
"12503",25,"heaped",1
"12504",25,"height",1
"12505",25,"home",1
"12506",25,"honoured",1
"12507",25,"horse",1
"12508",25,"horsecar",1
"12509",25,"hubbub",1
"12510",25,"hue",1
"12511",25,"hundred",1
"12512",25,"hurrahs",1
"12513",25,"hurt",1
"12514",25,"hustled",1
"12515",25,"imagine",1
"12516",25,"immediately",1
"12517",25,"imported",1
"12518",25,"improbable",1
"12519",25,"incendiaries",1
"12520",25,"injury",1
"12521",25,"innumerable",1
"12522",25,"installing",1
"12523",25,"instant",1
"12524",25,"irresistible",1
"12525",25,"islands",1
"12526",25,"italiens",1
"12527",25,"jostled",1
"12528",25,"journey",1
"12529",25,"joy",1
"12530",25,"justice",1
"12531",25,"keeping",1
"12532",25,"knife",1
"12533",25,"knit",1
"12534",25,"late",1
"12535",25,"leaning",1
"12536",25,"learned",1
"12537",25,"legendary",1
"12538",25,"lined",1
"12539",25,"listening",1
"12540",25,"loaded",1
"12541",25,"loading",1
"12542",25,"lofty",1
"12543",25,"lookers",1
"12544",25,"lose",1
"12545",25,"low",1
"12546",25,"lower",1
"12547",25,"luggage",1
"12548",25,"manifest",1
"12549",25,"manner",1
"12550",25,"marks",1
"12551",25,"mass",1
"12552",25,"master",1
"12553",25,"meet",1
"12554",25,"mere",1
"12555",25,"mexico",1
"12556",25,"mingle",1
"12557",25,"mingling",1
"12558",25,"moment",1
"12559",25,"morning",1
"12560",25,"mounted",1
"12561",25,"movable",1
"12562",25,"nationalities",1
"12563",25,"nature",1
"12564",25,"negroes",1
"12565",25,"nervously",1
"12566",25,"noisily",1
"12567",25,"nominate",1
"12568",25,"numerous",1
"12569",25,"object",1
"12570",25,"occasion",1
"12571",25,"occupied",1
"12572",25,"offensive",1
"12573",25,"official",1
"12574",25,"opportune",1
"12575",25,"opposite",1
"12576",25,"outlaws",1
"12577",25,"overcoat",1
"12578",25,"overlooked",1
"12579",25,"overturning",1
"12580",25,"owed",1
"12581",25,"oyster",1
"12582",25,"o’clock",1
"12583",25,"p.m",1
"12584",25,"palatial",1
"12585",25,"panorama",1
"12586",25,"paradise",1
"12587",25,"paris",1
"12588",25,"partake",1
"12589",25,"parties",1
"12590",25,"party",1
"12591",25,"passengers",1
"12592",25,"passers",1
"12593",25,"passport",1
"12594",25,"pawnees",1
"12595",25,"payment",1
"12596",25,"peace",1
"12597",25,"pelicans",1
"12598",25,"people",1
"12599",25,"perceived",1
"12600",25,"perched",1
"12601",25,"perilous",1
"12602",25,"permission",1
"12603",25,"permit",1
"12604",25,"peru",1
"12605",25,"petroleum",1
"12606",25,"placid",1
"12607",25,"planks",1
"12608",25,"plates",1
"12609",25,"platform",1
"12610",25,"plumed",1
"12611",25,"plunder",1
"12612",25,"ply",1
"12613",25,"posters",1
"12614",25,"precaution",1
"12615",25,"presence",1
"12616",25,"protect",1
"12617",25,"prudent",1
"12618",25,"purchase",1
"12619",25,"purpose",1
"12620",25,"purses",1
"12621",25,"pursuit",1
"12622",25,"quay",1
"12623",25,"rags",1
"12624",25,"rails",1
"12625",25,"ranged",1
"12626",25,"rarely",1
"12627",25,"readily",1
"12628",25,"ready",1
"12629",25,"reappeared",1
"12630",25,"recalled",1
"12631",25,"receive",1
"12632",25,"received",1
"12633",25,"recognised",1
"12634",25,"refreshment",1
"12635",25,"regent",1
"12636",25,"remark",1
"12637",25,"repulsed",1
"12638",25,"request",1
"12639",25,"rescue",1
"12640",25,"resembled",1
"12641",25,"restaurant",1
"12642",25,"resumed",1
"12643",25,"retaliating",1
"12644",25,"retire",1
"12645",25,"revolver",1
"12646",25,"rifles",1
"12647",25,"roofs",1
"12648",25,"roughly",1
"12649",25,"rout",1
"12650",25,"ruffian",1
"12651",25,"rushed",1
"12652",25,"sacramento",1
"12653",25,"saxon",1
"12654",25,"scene",1
"12655",25,"sea",1
"12656",25,"seemingly",1
"12657",25,"sentence",1
"12658",25,"served",1
"12659",25,"settled",1
"12660",25,"sherry",1
"12661",25,"shirts",1
"12662",25,"shoes",1
"12663",25,"shop",1
"12664",25,"shore",1
"12665",25,"shoulders",1
"12666",25,"sight",1
"12667",25,"simply",1
"12668",25,"sioux",1
"12669",25,"situated",1
"12670",25,"sizes",1
"12671",25,"smashed",1
"12672",25,"sombreros",1
"12673",25,"sort",1
"12674",25,"soup",1
"12675",25,"spacious",1
"12676",25,"speed",1
"12677",25,"speedily",1
"12678",25,"spend",1
"12679",25,"splendid",1
"12680",25,"squall",1
"12681",25,"squares",1
"12682",25,"staffs",1
"12683",25,"stairway",1
"12684",25,"stamp",1
"12685",25,"stead",1
"12686",25,"steamboats",1
"12687",25,"steamer",1
"12688",25,"steamers",1
"12689",25,"step",1
"12690",25,"sticks",1
"12691",25,"stir",1
"12692",25,"stood",1
"12693",25,"stores",1
"12694",25,"stories",1
"12695",25,"streamers",1
"12696",25,"strike",1
"12697",25,"style",1
"12698",25,"subject",1
"12699",25,"suddenly",1
"12700",25,"suitably",1
"12701",25,"surface",1
"12702",25,"surge",1
"12703",25,"surprised",1
"12704",25,"swayed",1
"12705",25,"swept",1
"12706",25,"table",1
"12707",25,"tailor’s",1
"12708",25,"tattered",1
"12709",25,"tatters",1
"12710",25,"terrace",1
"12711",25,"terrific",1
"12712",25,"thumps",1
"12713",25,"tightly",1
"12714",25,"tolerate",1
"12715",25,"top",1
"12716",25,"tops",1
"12717",25,"torrent",1
"12718",25,"tower",1
"12719",25,"toy",1
"12720",25,"trains",1
"12721",25,"travellers",1
"12722",25,"travelling",1
"12723",25,"treated",1
"12724",25,"tributaries",1
"12725",25,"trouble",1
"12726",25,"trousers",1
"12727",25,"tumbling",1
"12728",25,"tumultuous",1
"12729",25,"undulations",1
"12730",25,"unequal",1
"12731",25,"unharmed",1
"12732",25,"unloading",1
"12733",25,"unusual",1
"12734",25,"useless",1
"12735",25,"uttered",1
"12736",25,"vain",1
"12737",25,"vault",1
"12738",25,"verdant",1
"12739",25,"vessels",1
"12740",25,"visit",1
"12741",25,"vote",1
"12742",25,"voters",1
"12743",25,"waiting",1
"12744",25,"walk",1
"12745",25,"warehouse",1
"12746",25,"warehouses",1
"12747",25,"wavered",1
"12748",25,"wharf",1
"12749",25,"whirling",1
"12750",25,"wholly",1
"12751",25,"wide",1
"12752",25,"wind",1
"12753",25,"wooden",1
"12754",25,"word",1
"12755",25,"words",1
"12756",25,"worm",1
"12757",25,"worn",1
"12758",25,"yankee",1
"12759",26,"11th",1
"12760",26,"_this_",1
"12761",26,"_viâ_",1
"12762",26,"abrupt",1
"12763",26,"advanced",1
"12764",26,"affect",1
"12765",26,"aisle",1
"12766",26,"aisles",1
"12767",26,"americans",1
"12768",26,"angles",1
"12769",26,"animals",1
"12770",26,"announced",1
"12771",26,"approaching",1
"12772",26,"arrived",1
"12773",26,"arsenal",1
"12774",26,"asleep",1
"12775",26,"aspect",1
"12776",26,"atlantic",1
"12777",26,"attempt",1
"12778",26,"auburn",1
"12779",26,"avoiding",1
"12780",26,"balcony",1
"12781",26,"bank",1
"12782",26,"banks",1
"12783",26,"bay",1
"12784",26,"beauties",1
"12785",26,"bedsteads",1
"12786",26,"bell",1
"12787",26,"berths",1
"12788",26,"bold",1
"12789",26,"book",1
"12790",26,"breakfast",1
"12791",26,"breakfasted",1
"12792",26,"bridges",1
"12793",26,"broad",1
"12794",26,"brought",1
"12795",26,"buffalo",1
"12796",26,"california",1
"12797",26,"capital",1
"12798",26,"carefully",1
"12799",26,"carson",1
"12800",26,"cascades",1
"12801",26,"cattle",1
"12802",26,"cedar",1
"12803",26,"change",1
"12804",26,"changed",1
"12805",26,"checked",1
"12806",26,"cheerless",1
"12807",26,"churches",1
"12808",26,"cigars",1
"12809",26,"circulating",1
"12810",26,"cisco",1
"12811",26,"cities",1
"12812",26,"city",1
"12813",26,"clean",1
"12814",26,"clouds",1
"12815",26,"colfax",1
"12816",26,"colonise",1
"12817",26,"colony",1
"12818",26,"colorado",1
"12819",26,"comfortable",1
"12820",26,"commenced",1
"12821",26,"compact",1
"12822",26,"companions",1
"12823",26,"compartments",1
"12824",26,"compose",1
"12825",26,"conditions",1
"12826",26,"conducted",1
"12827",26,"congress",1
"12828",26,"connect",1
"12829",26,"consumed",1
"12830",26,"continually",1
"12831",26,"conversation",1
"12832",26,"counting",1
"12833",26,"creeks",1
"12834",26,"cried",1
"12835",26,"crushed",1
"12836",26,"curtains",1
"12837",26,"curves",1
"12838",26,"customers",1
"12839",26,"cut",1
"12840",26,"dare",1
"12841",26,"deafening",1
"12842",26,"dealers",1
"12843",26,"decided",1
"12844",26,"descends",1
"12845",26,"desert",1
"12846",26,"designated",1
"12847",26,"designation",1
"12848",26,"detective",1
"12849",26,"disappeared",1
"12850",26,"discharge",1
"12851",26,"disposition",1
"12852",26,"distance",1
"12853",26,"distinct",1
"12854",26,"divided",1
"12855",26,"doesn’t",1
"12856",26,"doubt",1
"12857",26,"drinkables",1
"12858",26,"driven",1
"12859",26,"easterly",1
"12860",26,"eastern",1
"12861",26,"edibles",1
"12862",26,"eighty",1
"12863",26,"emitting",1
"12864",26,"empties",1
"12865",26,"encumbered",1
"12866",26,"energy",1
"12867",26,"entire",1
"12868",26,"evening",1
"12869",26,"events",1
"12870",26,"exceeding",1
"12871",26,"execution",1
"12872",26,"extended",1
"12873",26,"extends",1
"12874",26,"extreme",1
"12875",26,"eyes",1
"12876",26,"fall",1
"12877",26,"favourable",1
"12878",26,"feet",1
"12879",26,"fixed",1
"12880",26,"fix’s",1
"12881",26,"flesh",1
"12882",26,"foaming",1
"12883",26,"forced",1
"12884",26,"foresaw",1
"12885",26,"form",1
"12886",26,"friend",1
"12887",26,"front",1
"12888",26,"frothy",1
"12889",26,"funnel",1
"12890",26,"furious",1
"12891",26,"gait",1
"12892",26,"gazed",1
"12893",26,"gigantic",1
"12894",26,"government",1
"12895",26,"grade",1
"12896",26,"grew",1
"12897",26,"greyish",1
"12898",26,"grown",1
"12899",26,"happened",1
"12900",26,"happily",1
"12901",26,"head",1
"12902",26,"heavens",1
"12903",26,"helpless",1
"12904",26,"here’s",1
"12905",26,"hilly",1
"12906",26,"hoped",1
"12907",26,"hotels",1
"12908",26,"hurry",1
"12909",26,"illinois",1
"12910",26,"impeding",1
"12911",26,"improvised",1
"12912",26,"indians",1
"12913",26,"inevitably",1
"12914",26,"infested",1
"12915",26,"ingenious",1
"12916",26,"injuriously",1
"12917",26,"innumerable",1
"12918",26,"insurmountable",1
"12919",26,"interior",1
"12920",26,"interrupting",1
"12921",26,"intimacy",1
"12922",26,"iowa",1
"12923",26,"joined",1
"12924",26,"journey",1
"12925",26,"kansas",1
"12926",26,"landscape",1
"12927",26,"laramie",1
"12928",26,"lasted",1
"12929",26,"lay",1
"12930",26,"light",1
"12931",26,"limit",1
"12932",26,"lincoln",1
"12933",26,"lining",1
"12934",26,"liverpool",1
"12935",26,"living",1
"12936",26,"longed",1
"12937",26,"lost",1
"12938",26,"main",1
"12939",26,"manner",1
"12940",26,"marched",1
"12941",26,"mass",1
"12942",26,"massing",1
"12943",26,"measures",1
"12944",26,"meet",1
"12945",26,"mere",1
"12946",26,"metal",1
"12947",26,"midday",1
"12948",26,"midnight",1
"12949",26,"mingled",1
"12950",26,"mishap",1
"12951",26,"moderate",1
"12952",26,"months",1
"12953",26,"mormon",1
"12954",26,"morning",1
"12955",26,"morrow",1
"12956",26,"moveable",1
"12957",26,"multitudes",1
"12958",26,"mutual",1
"12959",26,"narrow",1
"12960",26,"nature",1
"12961",26,"nebraska",1
"12962",26,"news",1
"12963",26,"noble",1
"12964",26,"noise",1
"12965",26,"north",1
"12966",26,"northeasterly",1
"12967",26,"northern",1
"12968",26,"northward",1
"12969",26,"oakland",1
"12970",26,"observe",1
"12971",26,"observed",1
"12972",26,"obstruct",1
"12973",26,"occasioned",1
"12974",26,"occupied",1
"12975",26,"omnibus",1
"12976",26,"ordinary",1
"12977",26,"oregon",1
"12978",26,"outlet",1
"12979",26,"overcast",1
"12980",26,"pablo",1
"12981",26,"packed",1
"12982",26,"parallels",1
"12983",26,"parbleu",1
"12984",26,"pass",1
"12985",26,"passage",1
"12986",26,"past",1
"12987",26,"patiently",1
"12988",26,"penetrated",1
"12989",26,"perpendicular",1
"12990",26,"philosophically",1
"12991",26,"picturesque",1
"12992",26,"pillows",1
"12993",26,"pines",1
"12994",26,"platte",1
"12995",26,"plenty",1
"12996",26,"plunges",1
"12997",26,"plunging",1
"12998",26,"position",1
"12999",26,"powerful",1
"13000",26,"precipices",1
"13001",26,"president",1
"13002",26,"proceed",1
"13003",26,"programme",1
"13004",26,"protected",1
"13005",26,"provocation",1
"13006",26,"pursued",1
"13007",26,"quays",1
"13008",26,"rapidity",1
"13009",26,"rapidly",1
"13010",26,"reach",1
"13011",26,"reaches",1
"13012",26,"ready",1
"13013",26,"rear",1
"13014",26,"reason",1
"13015",26,"recent",1
"13016",26,"regain",1
"13017",26,"relations",1
"13018",26,"removed",1
"13019",26,"reno",1
"13020",26,"reserved",1
"13021",26,"restaurants",1
"13022",26,"resumed",1
"13023",26,"revolvers",1
"13024",26,"ribbon",1
"13025",26,"rocky",1
"13026",26,"roclin",1
"13027",26,"rolled",1
"13028",26,"rows",1
"13029",26,"ruminating",1
"13030",26,"runs",1
"13031",26,"saloon",1
"13032",26,"sellers",1
"13033",26,"sharp",1
"13034",26,"sheet",1
"13035",26,"sheets",1
"13036",26,"shortest",1
"13037",26,"shrieks",1
"13038",26,"singular",1
"13039",26,"slackening",1
"13040",26,"slightest",1
"13041",26,"smoking",1
"13042",26,"soft",1
"13043",26,"sort",1
"13044",26,"southerly",1
"13045",26,"spectacle",1
"13046",26,"sped",1
"13047",26,"spite",1
"13048",26,"spur",1
"13049",26,"squares",1
"13050",26,"started",1
"13051",26,"starting",1
"13052",26,"station",1
"13053",26,"steamer",1
"13054",26,"steaming",1
"13055",26,"steward",1
"13056",26,"stoppages",1
"13057",26,"strangle",1
"13058",26,"streams",1
"13059",26,"streets",1
"13060",26,"suddenly",1
"13061",26,"sufficient",1
"13062",26,"suspended",1
"13063",26,"sympathy",1
"13064",26,"system",1
"13065",26,"talk",1
"13066",26,"ten",1
"13067",26,"theatre",1
"13068",26,"thick",1
"13069",26,"thousands",1
"13070",26,"threaten",1
"13071",26,"till",1
"13072",26,"torrent",1
"13073",26,"torrents",1
"13074",26,"tract",1
"13075",26,"tranquil",1
"13076",26,"travel",1
"13077",26,"traveller",1
"13078",26,"travelling",1
"13079",26,"traversed",1
"13080",26,"troop",1
"13081",26,"true",1
"13082",26,"trunk",1
"13083",26,"tuilla",1
"13084",26,"tunnels",1
"13085",26,"twined",1
"13086",26,"unfolded",1
"13087",26,"uninterrupted",1
"13088",26,"union",1
"13089",26,"utah",1
"13090",26,"uttering",1
"13091",26,"varied",1
"13092",26,"violate",1
"13093",26,"wahsatch",1
"13094",26,"waited",1
"13095",26,"weird",1
"13096",26,"wheels",1
"13097",26,"white",1
"13098",26,"width",1
"13099",26,"wild",1
"13100",26,"windows",1
"13101",26,"wise",1
"13102",26,"wished",1
"13103",26,"words",1
"13104",26,"wound",1
"13105",27,"5th",1
"13106",27,"abraham",1
"13107",27,"accounted",1
"13108",27,"added",1
"13109",27,"admitted",1
"13110",27,"adopted",1
"13111",27,"adorned",1
"13112",27,"advantage",1
"13113",27,"affixed",1
"13114",27,"air",1
"13115",27,"alarming",1
"13116",27,"amateur",1
"13117",27,"ambuscade",1
"13118",27,"america",1
"13119",27,"amusing",1
"13120",27,"anger",1
"13121",27,"angles",1
"13122",27,"anglo",1
"13123",27,"angry",1
"13124",27,"animals",1
"13125",27,"announced",1
"13126",27,"anxious",1
"13127",27,"anxiously",1
"13128",27,"appearance",1
"13129",27,"appeared",1
"13130",27,"appointed",1
"13131",27,"arms",1
"13132",27,"arose",1
"13133",27,"aroused",1
"13134",27,"arsenal",1
"13135",27,"artisans",1
"13136",27,"asphaltite",1
"13137",27,"assassinated",1
"13138",27,"assassination",1
"13139",27,"attracted",1
"13140",27,"auditor",1
"13141",27,"authority",1
"13142",27,"band",1
"13143",27,"banker",1
"13144",27,"bankruptcy",1
"13145",27,"barriers",1
"13146",27,"behold",1
"13147",27,"belated",1
"13148",27,"bequeathed",1
"13149",27,"biblical",1
"13150",27,"blue",1
"13151",27,"board",1
"13152",27,"body",1
"13153",27,"book",1
"13154",27,"border",1
"13155",27,"bordered",1
"13156",27,"branch",1
"13157",27,"breadth",1
"13158",27,"breath",1
"13159",27,"breathless",1
"13160",27,"brick",1
"13161",27,"brothers",1
"13162",27,"calculating",1
"13163",27,"california",1
"13164",27,"called",1
"13165",27,"calm",1
"13166",27,"candidate",1
"13167",27,"cared",1
"13168",27,"carthage",1
"13169",27,"cast",1
"13170",27,"celestial",1
"13171",27,"centuries",1
"13172",27,"cereals",1
"13173",27,"charge",1
"13174",27,"charged",1
"13175",27,"checker",1
"13176",27,"church",1
"13177",27,"churches",1
"13178",27,"citizens",1
"13179",27,"clay",1
"13180",27,"clergyman",1
"13181",27,"clumps",1
"13182",27,"coat",1
"13183",27,"cold",1
"13184",27,"common",1
"13185",27,"community",1
"13186",27,"company",1
"13187",27,"conduct",1
"13188",27,"conferring",1
"13189",27,"connected",1
"13190",27,"considerable",1
"13191",27,"contained",1
"13192",27,"contempt",1
"13193",27,"continued",1
"13194",27,"continuing",1
"13195",27,"contradicted",1
"13196",27,"contrary",1
"13197",27,"contrasted",1
"13198",27,"corn",1
"13199",27,"cost",1
"13200",27,"counts",1
"13201",27,"courageously",1
"13202",27,"court",1
"13203",27,"covered",1
"13204",27,"crags",1
"13205",27,"cravat",1
"13206",27,"creatures",1
"13207",27,"creditors",1
"13208",27,"crossed",1
"13209",27,"cultivated",1
"13210",27,"curiously",1
"13211",27,"custom",1
"13212",27,"dares",1
"13213",27,"dark",1
"13214",27,"dead",1
"13215",27,"decamped",1
"13216",27,"december",1
"13217",27,"decidedly",1
"13218",27,"delightful",1
"13219",27,"deliver",1
"13220",27,"depression",1
"13221",27,"depth",1
"13222",27,"descend",1
"13223",27,"deserted",1
"13224",27,"desirous",1
"13225",27,"difficulty",1
"13226",27,"direction",1
"13227",27,"directly",1
"13228",27,"disc",1
"13229",27,"disconcert",1
"13230",27,"disguised",1
"13231",27,"distance",1
"13232",27,"distilled",1
"13233",27,"distinguishes",1
"13234",27,"diverted",1
"13235",27,"dogskin",1
"13236",27,"dollars",1
"13237",27,"domestic",1
"13238",27,"domesticated",1
"13239",27,"door",1
"13240",27,"doubtless",1
"13241",27,"drawn",1
"13242",27,"dresses",1
"13243",27,"ears",1
"13244",27,"easily",1
"13245",27,"efforts",1
"13246",27,"egyptian",1
"13247",27,"egyptians",1
"13248",27,"elder’s",1
"13249",27,"eleven",1
"13250",27,"elko",1
"13251",27,"emigrants",1
"13252",27,"emphasising",1
"13253",27,"encroached",1
"13254",27,"encrusted",1
"13255",27,"engaged",1
"13256",27,"england",1
"13257",27,"enlarged",1
"13258",27,"enormous",1
"13259",27,"ensconced",1
"13260",27,"enterprising",1
"13261",27,"enthusiast",1
"13262",27,"equal",1
"13263",27,"erected",1
"13264",27,"escape",1
"13265",27,"established",1
"13266",27,"eternity",1
"13267",27,"evidently",1
"13268",27,"excited",1
"13269",27,"exhausted",1
"13270",27,"expanse",1
"13271",27,"expectations",1
"13272",27,"expresses",1
"13273",27,"eyes",1
"13274",27,"fair",1
"13275",27,"famous",1
"13276",27,"fanatics",1
"13277",27,"farmer",1
"13278",27,"farmers",1
"13279",27,"fashion",1
"13280",27,"father",1
"13281",27,"feathers",1
"13282",27,"fell",1
"13283",27,"female",1
"13284",27,"fertile",1
"13285",27,"fields",1
"13286",27,"fifty",1
"13287",27,"finally",1
"13288",27,"fishes",1
"13289",27,"fix",1
"13290",27,"fixing",1
"13291",27,"flag",1
"13292",27,"flight",1
"13293",27,"flourished",1
"13294",27,"flourishing",1
"13295",27,"flows",1
"13296",27,"follies",1
"13297",27,"force",1
"13298",27,"forest",1
"13299",27,"found",1
"13300",27,"foundation",1
"13301",27,"founder",1
"13302",27,"framed",1
"13303",27,"free",1
"13304",27,"frequent",1
"13305",27,"fright",1
"13306",27,"front",1
"13307",27,"gainsay",1
"13308",27,"gardens",1
"13309",27,"gates",1
"13310",27,"gentiles",1
"13311",27,"gentleman",1
"13312",27,"germany",1
"13313",27,"gestures",1
"13314",27,"glances",1
"13315",27,"glorious",1
"13316",27,"gloves",1
"13317",27,"gold",1
"13318",27,"gradually",1
"13319",27,"grew",1
"13320",27,"grey",1
"13321",27,"ground",1
"13322",27,"guide",1
"13323",27,"gymnast",1
"13324",27,"habited",1
"13325",27,"half",1
"13326",27,"happiness",1
"13327",27,"happy",1
"13328",27,"hardships",1
"13329",27,"hat",1
"13330",27,"heard",1
"13331",27,"hearers",1
"13332",27,"heavens",1
"13333",27,"heavenward",1
"13334",27,"hedges",1
"13335",27,"hiram",1
"13336",27,"history",1
"13337",27,"honest",1
"13338",27,"honourable",1
"13339",27,"honoured",1
"13340",27,"hood",1
"13341",27,"hotels",1
"13342",27,"hour",1
"13343",27,"house",1
"13344",27,"hugo",1
"13345",27,"husband",1
"13346",27,"illuminated",1
"13347",27,"imagined",1
"13348",27,"imprisoned",1
"13349",27,"imprisoning",1
"13350",27,"increased",1
"13351",27,"independence",1
"13352",27,"indian",1
"13353",27,"inspired",1
"13354",27,"institution",1
"13355",27,"institutions",1
"13356",27,"instructed",1
"13357",27,"interior",1
"13358",27,"invaded",1
"13359",27,"invited",1
"13360",27,"irritated",1
"13361",27,"israel",1
"13362",27,"i’ll",1
"13363",27,"jealousy",1
"13364",27,"joe",1
"13365",27,"joys",1
"13366",27,"jumped",1
"13367",27,"kirkland",1
"13368",27,"ladies",1
"13369",27,"lapse",1
"13370",27,"larger",1
"13371",27,"laws",1
"13372",27,"leaving",1
"13373",27,"level",1
"13374",27,"liberal",1
"13375",27,"life",1
"13376",27,"listening",1
"13377",27,"live",1
"13378",27,"lively",1
"13379",27,"locomotive",1
"13380",27,"locusts",1
"13381",27,"lofty",1
"13382",27,"lord",1
"13383",27,"loud",1
"13384",27,"luxuriant",1
"13385",27,"maiden",1
"13386",27,"manner",1
"13387",27,"mansion",1
"13388",27,"manuscript",1
"13389",27,"market",1
"13390",27,"masks",1
"13391",27,"master",1
"13392",27,"matter",1
"13393",27,"mayor",1
"13394",27,"messenger",1
"13395",27,"midst",1
"13396",27,"milk",1
"13397",27,"missionary’s",1
"13398",27,"mississippi",1
"13399",27,"mist",1
"13400",27,"mistaken",1
"13401",27,"modest",1
"13402",27,"moment",1
"13403",27,"months",1
"13404",27,"moustache",1
"13405",27,"move",1
"13406",27,"mummy",1
"13407",27,"mysteries",1
"13408",27,"mystical",1
"13409",27,"narrative",1
"13410",27,"naturally",1
"13411",27,"news",1
"13412",27,"night",1
"13413",27,"north",1
"13414",27,"northwest",1
"13415",27,"norway",1
"13416",27,"notices",1
"13417",27,"noting",1
"13418",27,"numbering",1
"13419",27,"observe",1
"13420",27,"ornament",1
"13421",27,"outraged",1
"13422",27,"palisades",1
"13423",27,"palms",1
"13424",27,"papyrus",1
"13425",27,"paradise",1
"13426",27,"past",1
"13427",27,"pattern",1
"13428",27,"pavilions",1
"13429",27,"pay",1
"13430",27,"pebble",1
"13431",27,"peculiar",1
"13432",27,"pens",1
"13433",27,"people",1
"13434",27,"perish",1
"13435",27,"picturesque",1
"13436",27,"pitied",1
"13437",27,"politely",1
"13438",27,"polygamists",1
"13439",27,"poor",1
"13440",27,"populated",1
"13441",27,"porches",1
"13442",27,"possession",1
"13443",27,"pounds",1
"13444",27,"powdering",1
"13445",27,"practised",1
"13446",27,"prairies",1
"13447",27,"preach",1
"13448",27,"precious",1
"13449",27,"presence",1
"13450",27,"presidency",1
"13451",27,"principal",1
"13452",27,"prison",1
"13453",27,"proceeded",1
"13454",27,"professions",1
"13455",27,"progress",1
"13456",27,"promenading",1
"13457",27,"prophets",1
"13458",27,"prophet’s",1
"13459",27,"proselytes",1
"13460",27,"prospect",1
"13461",27,"published",1
"13462",27,"pursuit",1
"13463",27,"quarter",1
"13464",27,"quarters",1
"13465",27,"quickly",1
"13466",27,"railway",1
"13467",27,"raising",1
"13468",27,"ran",1
"13469",27,"ranches",1
"13470",27,"range",1
"13471",27,"read",1
"13472",27,"reappearance",1
"13473",27,"reappeared",1
"13474",27,"rear",1
"13475",27,"rebellion",1
"13476",27,"received",1
"13477",27,"recovered",1
"13478",27,"redoubled",1
"13479",27,"reducing",1
"13480",27,"region",1
"13481",27,"reminded",1
"13482",27,"repelled",1
"13483",27,"resisted",1
"13484",27,"rested",1
"13485",27,"retirement",1
"13486",27,"retiring",1
"13487",27,"revealed",1
"13488",27,"ring",1
"13489",27,"road",1
"13490",27,"route",1
"13491",27,"ruined",1
"13492",27,"rule",1
"13493",27,"running",1
"13494",27,"rushed",1
"13495",27,"sadness",1
"13496",27,"saxons",1
"13497",27,"scene",1
"13498",27,"scroll",1
"13499",27,"sense",1
"13500",27,"seventy",1
"13501",27,"shadow",1
"13502",27,"shawl",1
"13503",27,"sheet",1
"13504",27,"shores",1
"13505",27,"showman",1
"13506",27,"simple",1
"13507",27,"sir",1
"13508",27,"situated",1
"13509",27,"smith’s",1
"13510",27,"snow",1
"13511",27,"snowing",1
"13512",27,"soil",1
"13513",27,"soldiers",1
"13514",27,"solid",1
"13515",27,"sombre",1
"13516",27,"son",1
"13517",27,"souls",1
"13518",27,"sounded",1
"13519",27,"south",1
"13520",27,"specific",1
"13521",27,"spent",1
"13522",27,"spread",1
"13523",27,"spurs",1
"13524",27,"squarely",1
"13525",27,"starting",1
"13526",27,"stated",1
"13527",27,"stay",1
"13528",27,"sterling",1
"13529",27,"stockings",1
"13530",27,"strata",1
"13531",27,"streams",1
"13532",27,"street",1
"13533",27,"strikingly",1
"13534",27,"study",1
"13535",27,"succeeded",1
"13536",27,"successor",1
"13537",27,"sun’s",1
"13538",27,"superb",1
"13539",27,"supposed",1
"13540",27,"sweden",1
"13541",27,"symmetry",1
"13542",27,"taking",1
"13543",27,"tall",1
"13544",27,"tar",1
"13545",27,"taste",1
"13546",27,"ten",1
"13547",27,"tents",1
"13548",27,"terrible",1
"13549",27,"thickly",1
"13550",27,"thin",1
"13551",27,"thrown",1
"13552",27,"tide",1
"13553",27,"times",1
"13554",27,"tone",1
"13555",27,"track",1
"13556",27,"translation",1
"13557",27,"travellers",1
"13558",27,"traversed",1
"13559",27,"tribe",1
"13560",27,"trousers",1
"13561",27,"unable",1
"13562",27,"unpleasant",1
"13563",27,"uttered",1
"13564",27,"vacancy",1
"13565",27,"vast",1
"13566",27,"verandas",1
"13567",27,"vicinity",1
"13568",27,"vicissitudes",1
"13569",27,"victor",1
"13570",27,"visage",1
"13571",27,"visit",1
"13572",27,"vocation",1
"13573",27,"wahsatch",1
"13574",27,"waistcoat",1
"13575",27,"wall",1
"13576",27,"watching",1
"13577",27,"wearisome",1
"13578",27,"weather",1
"13579",27,"weber",1
"13580",27,"west",1
"13581",27,"wheat",1
"13582",27,"wheels",1
"13583",27,"whistle",1
"13584",27,"wide",1
"13585",27,"wild",1
"13586",27,"wore",1
"13587",27,"wort",1
"13588",27,"worth",1
"13589",27,"yield",1
"13590",28,"7th",1
"13591",28,"absolute",1
"13592",28,"abundantly",1
"13593",28,"accident",1
"13594",28,"accidents",1
"13595",28,"account",1
"13596",28,"accumulation",1
"13597",28,"acknowledged",1
"13598",28,"address",1
"13599",28,"adept",1
"13600",28,"adversary",1
"13601",28,"air",1
"13602",28,"alarm",1
"13603",28,"allowed",1
"13604",28,"aloud",1
"13605",28,"america",1
"13606",28,"americans",1
"13607",28,"annoyed",1
"13608",28,"anxious",1
"13609",28,"apprise",1
"13610",28,"arkansas",1
"13611",28,"arrive",1
"13612",28,"asleep",1
"13613",28,"assures",1
"13614",28,"astounded",1
"13615",28,"attached",1
"13616",28,"attained",1
"13617",28,"attempt",1
"13618",28,"attention",1
"13619",28,"avenge",1
"13620",28,"avoided",1
"13621",28,"avowed",1
"13622",28,"bad",1
"13623",28,"bank",1
"13624",28,"banknotes",1
"13625",28,"bear",1
"13626",28,"beast",1
"13627",28,"beaten",1
"13628",28,"betrayed",1
"13629",28,"birds",1
"13630",28,"blocked",1
"13631",28,"blocking",1
"13632",28,"boat",1
"13633",28,"bore",1
"13634",28,"bounded",1
"13635",28,"branches",1
"13636",28,"breakfast",1
"13637",28,"bridges",1
"13638",28,"bring",1
"13639",28,"broken",1
"13640",28,"brought",1
"13641",28,"budge",1
"13642",28,"buy",1
"13643",28,"call",1
"13644",28,"caught",1
"13645",28,"ceased",1
"13646",28,"charge",1
"13647",28,"circuit",1
"13648",28,"circular",1
"13649",28,"cloth",1
"13650",28,"club",1
"13651",28,"cold",1
"13652",28,"coldly",1
"13653",28,"collision",1
"13654",28,"comfortable",1
"13655",28,"commands",1
"13656",28,"commenced",1
"13657",28,"common",1
"13658",28,"company",1
"13659",28,"compelled",1
"13660",28,"completed",1
"13661",28,"compliments",1
"13662",28,"comprehend",1
"13663",28,"conduct",1
"13664",28,"confidence",1
"13665",28,"confounded",1
"13666",28,"conspicuous",1
"13667",28,"contented",1
"13668",28,"conversation",1
"13669",28,"couldn’t",1
"13670",28,"counters",1
"13671",28,"country",1
"13672",28,"crash",1
"13673",28,"creeks",1
"13674",28,"crisp",1
"13675",28,"crossed",1
"13676",28,"crossing",1
"13677",28,"culverts",1
"13678",28,"curious",1
"13679",28,"curtain",1
"13680",28,"curve",1
"13681",28,"daily",1
"13682",28,"danger",1
"13683",28,"dangerous",1
"13684",28,"daring",1
"13685",28,"day",1
"13686",28,"deal",1
"13687",28,"december",1
"13688",28,"declivity",1
"13689",28,"delayed",1
"13690",28,"delays",1
"13691",28,"delighted",1
"13692",28,"denouncing",1
"13693",28,"depression",1
"13694",28,"depth",1
"13695",28,"descended",1
"13696",28,"descending",1
"13697",28,"desert",1
"13698",28,"desired",1
"13699",28,"detaining",1
"13700",28,"determined",1
"13701",28,"devil",1
"13702",28,"devotion",1
"13703",28,"direction",1
"13704",28,"disappointment",1
"13705",28,"discovery",1
"13706",28,"discussion",1
"13707",28,"disinclined",1
"13708",28,"dispatched",1
"13709",28,"displeases",1
"13710",28,"distance",1
"13711",28,"dollars",1
"13712",28,"don’t",1
"13713",28,"door",1
"13714",28,"doubtless",1
"13715",28,"dropped",1
"13716",28,"dummy",1
"13717",28,"eagerly",1
"13718",28,"easily",1
"13719",28,"easterly",1
"13720",28,"eastern",1
"13721",28,"education",1
"13722",28,"elevation",1
"13723",28,"eleven",1
"13724",28,"entered",1
"13725",28,"europe",1
"13726",28,"evidences",1
"13727",28,"exaggerate",1
"13728",28,"excite",1
"13729",28,"excitedly",1
"13730",28,"experiencing",1
"13731",28,"experiment",1
"13732",28,"extend",1
"13733",28,"extended",1
"13734",28,"extends",1
"13735",28,"fallen",1
"13736",28,"falling",1
"13737",28,"fatal",1
"13738",28,"favourite",1
"13739",28,"feared",1
"13740",28,"fears",1
"13741",28,"feasible",1
"13742",28,"feeling",1
"13743",28,"fell",1
"13744",28,"fifteen",1
"13745",28,"fifty",1
"13746",28,"fight",1
"13747",28,"flash",1
"13748",28,"flew",1
"13749",28,"ford",1
"13750",28,"formed",1
"13751",28,"formidable",1
"13752",28,"forward",1
"13753",28,"fourteen",1
"13754",28,"frame",1
"13755",28,"frightened",1
"13756",28,"frightful",1
"13757",28,"furious",1
"13758",28,"glad",1
"13759",28,"government",1
"13760",28,"gratitude",1
"13761",28,"grew",1
"13762",28,"grossly",1
"13763",28,"grumbled",1
"13764",28,"habit",1
"13765",28,"halleck",1
"13766",28,"hanging",1
"13767",28,"hazards",1
"13768",28,"heart",1
"13769",28,"heartily",1
"13770",28,"horizon",1
"13771",28,"hum",1
"13772",28,"ideas",1
"13773",28,"imagine",1
"13774",28,"immediately",1
"13775",28,"immense",1
"13776",28,"immovable",1
"13777",28,"impatient",1
"13778",28,"included",1
"13779",28,"increase",1
"13780",28,"increased",1
"13781",28,"insolent",1
"13782",28,"inspired",1
"13783",28,"instant",1
"13784",28,"interrupt",1
"13785",28,"irrigated",1
"13786",28,"issued",1
"13787",28,"it’s",1
"13788",28,"i’ll",1
"13789",28,"jagged",1
"13790",28,"joining",1
"13791",28,"jumper",1
"13792",28,"justice",1
"13793",28,"laramie",1
"13794",28,"launched",1
"13795",28,"leap",1
"13796",28,"leaped",1
"13797",28,"leaping",1
"13798",28,"leave",1
"13799",28,"leaving",1
"13800",28,"length",1
"13801",28,"level",1
"13802",28,"living",1
"13803",28,"longed",1
"13804",28,"lower",1
"13805",28,"manner",1
"13806",28,"mark",1
"13807",28,"mass",1
"13808",28,"master’s",1
"13809",28,"matched",1
"13810",28,"means",1
"13811",28,"melted",1
"13812",28,"mind",1
"13813",28,"minutes",1
"13814",28,"missouri",1
"13815",28,"mixed",1
"13816",28,"moment",1
"13817",28,"moments",1
"13818",28,"morning",1
"13819",28,"move",1
"13820",28,"muddy",1
"13821",28,"muttered",1
"13822",28,"nakedness",1
"13823",28,"named",1
"13824",28,"naturally",1
"13825",28,"ninety",1
"13826",28,"northern",1
"13827",28,"northward",1
"13828",28,"oaths",1
"13829",28,"obstacle",1
"13830",28,"occur",1
"13831",28,"occurred",1
"13832",28,"ogden",1
"13833",28,"omaha",1
"13834",28,"opponent",1
"13835",28,"o’clock",1
"13836",28,"pacific",1
"13837",28,"packs",1
"13838",28,"passage",1
"13839",28,"passing",1
"13840",28,"past",1
"13841",28,"pastime",1
"13842",28,"peak",1
"13843",28,"penetrating",1
"13844",28,"perceived",1
"13845",28,"pierced",1
"13846",28,"pins",1
"13847",28,"piston",1
"13848",28,"platforms",1
"13849",28,"platte",1
"13850",28,"play",1
"13851",28,"players",1
"13852",28,"plays",1
"13853",28,"plentifully",1
"13854",28,"poor",1
"13855",28,"portion",1
"13856",28,"pretensions",1
"13857",28,"prodigiously",1
"13858",28,"progress",1
"13859",28,"prolonged",1
"13860",28,"propitious",1
"13861",28,"proposal",1
"13862",28,"proposed",1
"13863",28,"protector",1
"13864",28,"protested",1
"13865",28,"quarter",1
"13866",28,"quickly",1
"13867",28,"rails",1
"13868",28,"rain",1
"13869",28,"rains",1
"13870",28,"range",1
"13871",28,"rapid",1
"13872",28,"rapidity",1
"13873",28,"rash",1
"13874",28,"rate",1
"13875",28,"ready",1
"13876",28,"reassure",1
"13877",28,"received",1
"13878",28,"reckoning",1
"13879",28,"red",1
"13880",28,"reflection",1
"13881",28,"reform",1
"13882",28,"remained",1
"13883",28,"remove",1
"13884",28,"results",1
"13885",28,"resume",1
"13886",28,"retiring",1
"13887",28,"reversing",1
"13888",28,"rise",1
"13889",28,"risk",1
"13890",28,"rivers",1
"13891",28,"rocks",1
"13892",28,"root",1
"13893",28,"ruin",1
"13894",28,"ruined",1
"13895",28,"ruinous",1
"13896",28,"rushed",1
"13897",28,"rushing",1
"13898",28,"sage",1
"13899",28,"sank",1
"13900",28,"scarcely",1
"13901",28,"screech",1
"13902",28,"sea",1
"13903",28,"search",1
"13904",28,"season",1
"13905",28,"seat",1
"13906",28,"sedentary",1
"13907",28,"seized",1
"13908",28,"semi",1
"13909",28,"sentiment",1
"13910",28,"servant",1
"13911",28,"served",1
"13912",28,"settles",1
"13913",28,"shaky",1
"13914",28,"shelf",1
"13915",28,"shoot",1
"13916",28,"short",1
"13917",28,"shoulders",1
"13918",28,"shrugging",1
"13919",28,"shudder",1
"13920",28,"sight",1
"13921",28,"simply",1
"13922",28,"sixteen",1
"13923",28,"sky",1
"13924",28,"slow",1
"13925",28,"soil",1
"13926",28,"sold",1
"13927",28,"sooner",1
"13928",28,"sources",1
"13929",28,"southern",1
"13930",28,"southward",1
"13931",28,"speak",1
"13932",28,"spurs",1
"13933",28,"statue",1
"13934",28,"stay",1
"13935",28,"steamers",1
"13936",28,"steward",1
"13937",28,"stirring",1
"13938",28,"stop",1
"13939",28,"stopping",1
"13940",28,"stories",1
"13941",28,"streams",1
"13942",28,"strokes",1
"13943",28,"subsidy",1
"13944",28,"sufficiently",1
"13945",28,"suspension",1
"13946",28,"swelled",1
"13947",28,"talking",1
"13948",28,"task",1
"13949",28,"teeth",1
"13950",28,"telegraphed",1
"13951",28,"temperature",1
"13952",28,"terrible",1
"13953",28,"territory",1
"13954",28,"that’s",1
"13955",28,"there’s",1
"13956",28,"thinking",1
"13957",28,"thirty",1
"13958",28,"thrown",1
"13959",28,"time",1
"13960",28,"told",1
"13961",28,"tone",1
"13962",28,"totally",1
"13963",28,"tour",1
"13964",28,"tributaries",1
"13965",28,"trudge",1
"13966",28,"true",1
"13967",28,"tunnel",1
"13968",28,"twelve",1
"13969",28,"unbroken",1
"13970",28,"unconscious",1
"13971",28,"understand",1
"13972",28,"understood",1
"13973",28,"unsafe",1
"13974",28,"victorious",1
"13975",28,"view",1
"13976",28,"vigorously",1
"13977",28,"violating",1
"13978",28,"violent",1
"13979",28,"volley",1
"13980",28,"wahsatch",1
"13981",28,"waited",1
"13982",28,"walking",1
"13983",28,"weather",1
"13984",28,"weber",1
"13985",28,"weight",1
"13986",28,"we’ve",1
"13987",28,"what’s",1
"13988",28,"wheels",1
"13989",28,"whispered",1
"13990",28,"whistle",1
"13991",28,"whistled",1
"13992",28,"whistling",1
"13993",28,"wild",1
"13994",28,"winding",1
"13995",28,"winter",1
"13996",28,"wires",1
"13997",28,"wishing",1
"13998",28,"woke",1
"13999",28,"woman",1
"14000",28,"won’t",1
"14001",28,"wyoming",1
"14002",28,"yankee",1
"14003",28,"york",1
"14004",29,"23rd",1
"14005",29,"_railway",1
"14006",29,"acquired",1
"14007",29,"acrobatic",1
"14008",29,"added",1
"14009",29,"adding",1
"14010",29,"adversaries",1
"14011",29,"adversary",1
"14012",29,"agility",1
"14013",29,"agreed",1
"14014",29,"aiding",1
"14015",29,"air",1
"14016",29,"aisle",1
"14017",29,"alacrity",1
"14018",29,"amazing",1
"14019",29,"amphion’s",1
"14020",29,"announced",1
"14021",29,"appearance",1
"14022",29,"appeared",1
"14023",29,"appoint",1
"14024",29,"arm",1
"14025",29,"arms",1
"14026",29,"arranged",1
"14027",29,"artery",1
"14028",29,"atlantic",1
"14029",29,"attacked",1
"14030",29,"attained",1
"14031",29,"attempt",1
"14032",29,"attempted",1
"14033",29,"attended",1
"14034",29,"attracted",1
"14035",29,"balls",1
"14036",29,"band",1
"14037",29,"bank",1
"14038",29,"barrelled",1
"14039",29,"barricaded",1
"14040",29,"battle",1
"14041",29,"beating",1
"14042",29,"begged",1
"14043",29,"begin",1
"14044",29,"begun",1
"14045",29,"behaved",1
"14046",29,"beheld",1
"14047",29,"bell",1
"14048",29,"bid",1
"14049",29,"blood",1
"14050",29,"blows",1
"14051",29,"blusterers",1
"14052",29,"body",1
"14053",29,"bold",1
"14054",29,"boundary",1
"14055",29,"brave",1
"14056",29,"bravely",1
"14057",29,"bring",1
"14058",29,"broken",1
"14059",29,"brought",1
"14060",29,"built",1
"14061",29,"bull",1
"14062",29,"business",1
"14063",29,"called",1
"14064",29,"calmness",1
"14065",29,"camp",1
"14066",29,"can’t",1
"14067",29,"capital",1
"14068",29,"capricious",1
"14069",29,"card",1
"14070",29,"celebrated",1
"14071",29,"chance",1
"14072",29,"checked",1
"14073",29,"cheers",1
"14074",29,"cheyne",1
"14075",29,"chicago",1
"14076",29,"choose",1
"14077",29,"circumstances",1
"14078",29,"cities",1
"14079",29,"civilisation",1
"14080",29,"clamorous",1
"14081",29,"closing",1
"14082",29,"clown",1
"14083",29,"cold",1
"14084",29,"complained",1
"14085",29,"completed",1
"14086",29,"concussion",1
"14087",29,"constant",1
"14088",29,"counted",1
"14089",29,"country",1
"14090",29,"courageous",1
"14091",29,"courageously",1
"14092",29,"crack",1
"14093",29,"creeping",1
"14094",29,"crossing",1
"14095",29,"crushed",1
"14096",29,"daring",1
"14097",29,"deal",1
"14098",29,"death",1
"14099",29,"decamped",1
"14100",29,"delay",1
"14101",29,"denver",1
"14102",29,"descend",1
"14103",29,"desert",1
"14104",29,"destined",1
"14105",29,"detached",1
"14106",29,"determined",1
"14107",29,"devotion",1
"14108",29,"diamond",1
"14109",29,"diamonds",1
"14110",29,"difference",1
"14111",29,"disadvantage",1
"14112",29,"disappeared",1
"14113",29,"distant",1
"14114",29,"distinctly",1
"14115",29,"dodge",1
"14116",29,"don’t",1
"14117",29,"doors",1
"14118",29,"dozen",1
"14119",29,"duellists",1
"14120",29,"dummy",1
"14121",29,"durant",1
"14122",29,"eager",1
"14123",29,"easily",1
"14124",29,"edges",1
"14125",29,"eighty",1
"14126",29,"elevation",1
"14127",29,"empty",1
"14128",29,"endeavour",1
"14129",29,"england",1
"14130",29,"englishman",1
"14131",29,"enraged",1
"14132",29,"europe",1
"14133",29,"evans",1
"14134",29,"evasion",1
"14135",29,"evening",1
"14136",29,"exchanged",1
"14137",29,"exist",1
"14138",29,"expected",1
"14139",29,"experience",1
"14140",29,"fallen",1
"14141",29,"favoured",1
"14142",29,"feared",1
"14143",29,"fellow",1
"14144",29,"fire",1
"14145",29,"fireworks",1
"14146",29,"firing",1
"14147",29,"fogg’s",1
"14148",29,"force",1
"14149",29,"forget",1
"14150",29,"form",1
"14151",29,"forts",1
"14152",29,"found",1
"14153",29,"frenchman",1
"14154",29,"front",1
"14155",29,"gaining",1
"14156",29,"gallop",1
"14157",29,"garrison",1
"14158",29,"gently",1
"14159",29,"gold",1
"14160",29,"grand",1
"14161",29,"granted",1
"14162",29,"greatly",1
"14163",29,"ground",1
"14164",29,"guess",1
"14165",29,"guests",1
"14166",29,"guineas",1
"14167",29,"guns",1
"14168",29,"habit",1
"14169",29,"half",1
"14170",29,"hands",1
"14171",29,"happy",1
"14172",29,"hastily",1
"14173",29,"head",1
"14174",29,"heads",1
"14175",29,"hearts",1
"14176",29,"heroine",1
"14177",29,"holding",1
"14178",29,"honour",1
"14179",29,"honours",1
"14180",29,"horse",1
"14181",29,"hurry",1
"14182",29,"imitation",1
"14183",29,"inaugurated",1
"14184",29,"inauguration",1
"14185",29,"increased",1
"14186",29,"indian",1
"14187",29,"inhabitants",1
"14188",29,"insisting",1
"14189",29,"insolent",1
"14190",29,"instrument",1
"14191",29,"interior",1
"14192",29,"interrupted",1
"14193",29,"interruption",1
"14194",29,"interval",1
"14195",29,"invaded",1
"14196",29,"invited",1
"14197",29,"issue",1
"14198",29,"i’m",1
"14199",29,"jeering",1
"14200",29,"john",1
"14201",29,"jolted",1
"14202",29,"journey",1
"14203",29,"julesburg",1
"14204",29,"jumped",1
"14205",29,"knowing",1
"14206",29,"lasted",1
"14207",29,"late",1
"14208",29,"lay",1
"14209",29,"leave",1
"14210",29,"led",1
"14211",29,"level",1
"14212",29,"levelled",1
"14213",29,"limitless",1
"14214",29,"link",1
"14215",29,"listening",1
"14216",29,"locomotives",1
"14217",29,"locomotive’s",1
"14218",29,"lodge",1
"14219",29,"loosened",1
"14220",29,"lose",1
"14221",29,"lost",1
"14222",29,"lyre",1
"14223",29,"march",1
"14224",29,"marking",1
"14225",29,"marvellous",1
"14226",29,"masters",1
"14227",29,"mcpherson",1
"14228",29,"meridian",1
"14229",29,"mighty",1
"14230",29,"missing",1
"14231",29,"missouri",1
"14232",29,"moment",1
"14233",29,"moments",1
"14234",29,"monkeys",1
"14235",29,"monsieur",1
"14236",29,"mortally",1
"14237",29,"mounted",1
"14238",29,"mounting",1
"14239",29,"moved",1
"14240",29,"movement",1
"14241",29,"moving",1
"14242",29,"muskets",1
"14243",29,"muttering",1
"14244",29,"nature",1
"14245",29,"nebraska",1
"14246",29,"night",1
"14247",29,"ninety",1
"14248",29,"noise",1
"14249",29,"north",1
"14250",29,"oblige",1
"14251",29,"occupied",1
"14252",29,"october",1
"14253",29,"opponent",1
"14254",29,"owing",1
"14255",29,"o’clock",1
"14256",29,"pacific",1
"14257",29,"pair",1
"14258",29,"parallel",1
"14259",29,"pardon",1
"14260",29,"partners",1
"14261",29,"passing",1
"14262",29,"pawnees",1
"14263",29,"penetrating",1
"14264",29,"perceived",1
"14265",29,"perfect",1
"14266",29,"perfectly",1
"14267",29,"performed",1
"14268",29,"pillaged",1
"14269",29,"pioneer_",1
"14270",29,"plains",1
"14271",29,"played",1
"14272",29,"player",1
"14273",29,"playing",1
"14274",29,"plays",1
"14275",29,"pleases",1
"14276",29,"plunging",1
"14277",29,"pole",1
"14278",29,"pounce",1
"14279",29,"preparing",1
"14280",29,"president",1
"14281",29,"press",1
"14282",29,"printed",1
"14283",29,"prison",1
"14284",29,"proceeded",1
"14285",29,"progress",1
"14286",29,"promptly",1
"14287",29,"provided",1
"14288",29,"pulled",1
"14289",29,"purpose",1
"14290",29,"pursued",1
"14291",29,"quarrel",1
"14292",29,"quitted",1
"14293",29,"rails",1
"14294",29,"raised",1
"14295",29,"ready",1
"14296",29,"rear",1
"14297",29,"reassure",1
"14298",29,"recognised",1
"14299",29,"refuse",1
"14300",29,"regulator",1
"14301",29,"rejoin",1
"14302",29,"remaining",1
"14303",29,"resolved",1
"14304",29,"resounded",1
"14305",29,"responded",1
"14306",29,"result",1
"14307",29,"retain",1
"14308",29,"return",1
"14309",29,"returned",1
"14310",29,"returning",1
"14311",29,"rich",1
"14312",29,"ringing",1
"14313",29,"rise",1
"14314",29,"rising",1
"14315",29,"roofs",1
"14316",29,"rose",1
"14317",29,"round",1
"14318",29,"rush",1
"14319",29,"safety",1
"14320",29,"sashes",1
"14321",29,"satisfaction",1
"14322",29,"saunders",1
"14323",29,"saved",1
"14324",29,"sea",1
"14325",29,"seats",1
"14326",29,"sedgwick",1
"14327",29,"seize",1
"14328",29,"seized",1
"14329",29,"settle",1
"14330",29,"settled",1
"14331",29,"shouted",1
"14332",29,"showered",1
"14333",29,"shut",1
"14334",29,"siege",1
"14335",29,"sign",1
"14336",29,"silver",1
"14337",29,"single",1
"14338",29,"skill",1
"14339",29,"skipping",1
"14340",29,"slipping",1
"14341",29,"soil",1
"14342",29,"soldiers",1
"14343",29,"son",1
"14344",29,"southward",1
"14345",29,"spades",1
"14346",29,"staring",1
"14347",29,"started",1
"14348",29,"steam",1
"14349",29,"step",1
"14350",29,"steps",1
"14351",29,"stoker",1
"14352",29,"stopping",1
"14353",29,"straightway",1
"14354",29,"stroke",1
"14355",29,"struck",1
"14356",29,"suddenly",1
"14357",29,"suspended",1
"14358",29,"sustained",1
"14359",29,"telling",1
"14360",29,"tender",1
"14361",29,"terrific",1
"14362",29,"territories",1
"14363",29,"terror",1
"14364",29,"there’s",1
"14365",29,"thirteen",1
"14366",29,"thomas",1
"14367",29,"throw",1
"14368",29,"thrown",1
"14369",29,"thrusting",1
"14370",29,"touched",1
"14371",29,"town",1
"14372",29,"towns",1
"14373",29,"traction",1
"14374",29,"trains",1
"14375",29,"traversed",1
"14376",29,"tributary",1
"14377",29,"trip",1
"14378",29,"triumph",1
"14379",29,"true",1
"14380",29,"trumps",1
"14381",29,"trunk",1
"14382",29,"trunks",1
"14383",29,"understand",1
"14384",29,"union",1
"14385",29,"unperceived",1
"14386",29,"unscrewing",1
"14387",29,"usual",1
"14388",29,"vacant",1
"14389",29,"vain",1
"14390",29,"vainly",1
"14391",29,"valve",1
"14392",29,"velocity",1
"14393",29,"vice",1
"14394",29,"violent",1
"14395",29,"voice",1
"14396",29,"walbach",1
"14397",29,"waters",1
"14398",29,"waylaid",1
"14399",29,"weapon",1
"14400",29,"what’s",1
"14401",29,"wheels",1
"14402",29,"whilst",1
"14403",29,"whizzed",1
"14404",29,"wide",1
"14405",29,"windings",1
"14406",29,"window",1
"14407",29,"windows",1
"14408",29,"winning",1
"14409",29,"wished",1
"14410",29,"wishing",1
"14411",29,"worms",1
"14412",29,"wouldn’t",1
"14413",29,"wounded",1
"14414",29,"wyoming",1
"14415",29,"yankee",1
"14416",29,"yoking",1
"14417",29,"you’ll",1
"14418",30,"abandon",1
"14419",30,"absolute",1
"14420",30,"abuse",1
"14421",30,"accuse",1
"14422",30,"administered",1
"14423",30,"advanced",1
"14424",30,"afternoon",1
"14425",30,"agitation",1
"14426",30,"alarmed",1
"14427",30,"altogether",1
"14428",30,"amid",1
"14429",30,"analyse",1
"14430",30,"anger",1
"14431",30,"anguish",1
"14432",30,"anxious",1
"14433",30,"aouda’s",1
"14434",30,"appearing",1
"14435",30,"apprehensions",1
"14436",30,"arkansas",1
"14437",30,"arm",1
"14438",30,"arms",1
"14439",30,"arrest",1
"14440",30,"arrive",1
"14441",30,"arrived",1
"14442",30,"asleep",1
"14443",30,"aspect",1
"14444",30,"ass",1
"14445",30,"attack",1
"14446",30,"attention",1
"14447",30,"attentively",1
"14448",30,"avail",1
"14449",30,"backwards",1
"14450",30,"bag",1
"14451",30,"ball",1
"14452",30,"banks",1
"14453",30,"beast",1
"14454",30,"begun",1
"14455",30,"bench",1
"14456",30,"bet",1
"14457",30,"bird",1
"14458",30,"blood",1
"14459",30,"boiler",1
"14460",30,"brave",1
"14461",30,"bravely",1
"14462",30,"burned",1
"14463",30,"buzzing",1
"14464",30,"calling",1
"14465",30,"captors",1
"14466",30,"car",1
"14467",30,"carpet",1
"14468",30,"carrying",1
"14469",30,"cars",1
"14470",30,"chances",1
"14471",30,"cheeks",1
"14472",30,"chilled",1
"14473",30,"chosen",1
"14474",30,"clasping",1
"14475",30,"coldly",1
"14476",30,"commander",1
"14477",30,"commanding",1
"14478",30,"companions",1
"14479",30,"company",1
"14480",30,"composure",1
"14481",30,"confessed",1
"14482",30,"confided",1
"14483",30,"confidences",1
"14484",30,"continued",1
"14485",30,"conversation",1
"14486",30,"cost",1
"14487",30,"courage",1
"14488",30,"coursed",1
"14489",30,"covering",1
"14490",30,"crept",1
"14491",30,"cries",1
"14492",30,"dangerous",1
"14493",30,"dangers",1
"14494",30,"dawn",1
"14495",30,"deafening",1
"14496",30,"dear",1
"14497",30,"decidedly",1
"14498",30,"decision",1
"14499",30,"defend",1
"14500",30,"delay",1
"14501",30,"densely",1
"14502",30,"describe",1
"14503",30,"detached",1
"14504",30,"detective’s",1
"14505",30,"difficult",1
"14506",30,"director",1
"14507",30,"disappearing",1
"14508",30,"disc",1
"14509",30,"discouraged",1
"14510",30,"dismal",1
"14511",30,"distress",1
"14512",30,"distributed",1
"14513",30,"divide",1
"14514",30,"dollars",1
"14515",30,"don’t",1
"14516",30,"doom",1
"14517",30,"doubtless",1
"14518",30,"due",1
"14519",30,"easily",1
"14520",30,"eddies",1
"14521",30,"effaced",1
"14522",30,"engaged",1
"14523",30,"entered",1
"14524",30,"escaping",1
"14525",30,"expected",1
"14526",30,"explained",1
"14527",30,"extinguished",1
"14528",30,"eye",1
"14529",30,"eyes",1
"14530",30,"failure",1
"14531",30,"falling",1
"14532",30,"fantastic",1
"14533",30,"fascinated",1
"14534",30,"favour",1
"14535",30,"feet",1
"14536",30,"fell",1
"14537",30,"felled",1
"14538",30,"feverishly",1
"14539",30,"fifty",1
"14540",30,"fight",1
"14541",30,"finally",1
"14542",30,"fists",1
"14543",30,"flesh",1
"14544",30,"flight",1
"14545",30,"folded",1
"14546",30,"folly",1
"14547",30,"footsteps",1
"14548",30,"forebodings",1
"14549",30,"fortune",1
"14550",30,"forward",1
"14551",30,"frank",1
"14552",30,"frenchman",1
"14553",30,"friends",1
"14554",30,"fuel",1
"14555",30,"furnace",1
"14556",30,"game",1
"14557",30,"gazed",1
"14558",30,"generosity",1
"14559",30,"gentleman",1
"14560",30,"glad",1
"14561",30,"greenness",1
"14562",30,"groin",1
"14563",30,"guilty",1
"14564",30,"gunshots",1
"14565",30,"hands",1
"14566",30,"happen",1
"14567",30,"happened",1
"14568",30,"hard",1
"14569",30,"hastened",1
"14570",30,"hear",1
"14571",30,"heart",1
"14572",30,"heated",1
"14573",30,"held",1
"14574",30,"homeward",1
"14575",30,"hoped",1
"14576",30,"hour",1
"14577",30,"hundred",1
"14578",30,"hung",1
"14579",30,"hurried",1
"14580",30,"hurt",1
"14581",30,"idiot",1
"14582",30,"imagination",1
"14583",30,"imagine",1
"14584",30,"impassible",1
"14585",30,"imprint",1
"14586",30,"including",1
"14587",30,"inevitably",1
"14588",30,"influence",1
"14589",30,"injuries",1
"14590",30,"innumerable",1
"14591",30,"insurmountable",1
"14592",30,"intensely",1
"14593",30,"interrupt",1
"14594",30,"interrupted",1
"14595",30,"irresistible",1
"14596",30,"issue",1
"14597",30,"joyful",1
"14598",30,"killed",1
"14599",30,"lapse",1
"14600",30,"larger",1
"14601",30,"late",1
"14602",30,"lecture",1
"14603",30,"left",1
"14604",30,"letting",1
"14605",30,"lieutenants",1
"14606",30,"light",1
"14607",30,"longing",1
"14608",30,"low",1
"14609",30,"lowered",1
"14610",30,"marching",1
"14611",30,"met",1
"14612",30,"mile",1
"14613",30,"mingling",1
"14614",30,"misty",1
"14615",30,"moment",1
"14616",30,"mortally",1
"14617",30,"mounted",1
"14618",30,"moved",1
"14619",30,"muttered",1
"14620",30,"mystery",1
"14621",30,"narrowed",1
"14622",30,"noble",1
"14623",30,"noon",1
"14624",30,"objects",1
"14625",30,"officer",1
"14626",30,"outward",1
"14627",30,"overspread",1
"14628",30,"overtake",1
"14629",30,"owes",1
"14630",30,"pallor",1
"14631",30,"passing",1
"14632",30,"past",1
"14633",30,"peace",1
"14634",30,"peering",1
"14635",30,"perceived",1
"14636",30,"perfect",1
"14637",30,"perish",1
"14638",30,"permitted",1
"14639",30,"persistently",1
"14640",30,"pick",1
"14641",30,"pieces",1
"14642",30,"pierce",1
"14643",30,"pillaging",1
"14644",30,"plain",1
"14645",30,"plentifully",1
"14646",30,"pocket",1
"14647",30,"police",1
"14648",30,"poor",1
"14649",30,"position",1
"14650",30,"preceded",1
"14651",30,"precious",1
"14652",30,"pressure",1
"14653",30,"printed",1
"14654",30,"prisoner",1
"14655",30,"proceeding",1
"14656",30,"promised",1
"14657",30,"pronounced",1
"14658",30,"propose",1
"14659",30,"prospect",1
"14660",30,"protector’s",1
"14661",30,"prudent",1
"14662",30,"pursuing",1
"14663",30,"pursuit",1
"14664",30,"question",1
"14665",30,"ragged",1
"14666",30,"rapidity",1
"14667",30,"reach",1
"14668",30,"reason",1
"14669",30,"reasoned",1
"14670",30,"rebuild",1
"14671",30,"received",1
"14672",30,"recognise",1
"14673",30,"reconnaissance",1
"14674",30,"red",1
"14675",30,"regained",1
"14676",30,"relief",1
"14677",30,"remain",1
"14678",30,"remaining",1
"14679",30,"republican",1
"14680",30,"rescued",1
"14681",30,"resolution",1
"14682",30,"responded",1
"14683",30,"rested",1
"14684",30,"resume",1
"14685",30,"resumed",1
"14686",30,"retired",1
"14687",30,"retreat",1
"14688",30,"returning",1
"14689",30,"reward",1
"14690",30,"risking",1
"14691",30,"river",1
"14692",30,"rose",1
"14693",30,"route",1
"14694",30,"run",1
"14695",30,"running",1
"14696",30,"rushed",1
"14697",30,"sacrifice",1
"14698",30,"sad",1
"14699",30,"safe",1
"14700",30,"sat",1
"14701",30,"saving",1
"14702",30,"scarcely",1
"14703",30,"scratch",1
"14704",30,"seat",1
"14705",30,"send",1
"14706",30,"separated",1
"14707",30,"servant",1
"14708",30,"shadow",1
"14709",30,"shaking",1
"14710",30,"sheet",1
"14711",30,"shortly",1
"14712",30,"signal",1
"14713",30,"simple",1
"14714",30,"single",1
"14715",30,"slackened",1
"14716",30,"sleep",1
"14717",30,"slightly",1
"14718",30,"smoke",1
"14719",30,"snowing",1
"14720",30,"solved",1
"14721",30,"sort",1
"14722",30,"southward",1
"14723",30,"speak",1
"14724",30,"speaking",1
"14725",30,"spite",1
"14726",30,"spoke",1
"14727",30,"spokes",1
"14728",30,"stained",1
"14729",30,"standing",1
"14730",30,"stationary",1
"14731",30,"stay",1
"14732",30,"steamer",1
"14733",30,"stir",1
"14734",30,"storm",1
"14735",30,"struggled",1
"14736",30,"succour",1
"14737",30,"sudden",1
"14738",30,"suffered",1
"14739",30,"sun",1
"14740",30,"suspicions",1
"14741",30,"swoon",1
"14742",30,"teach",1
"14743",30,"telegraph",1
"14744",30,"tempest",1
"14745",30,"tempted",1
"14746",30,"ten",1
"14747",30,"terribly",1
"14748",30,"terrific",1
"14749",30,"that’s",1
"14750",30,"thickest",1
"14751",30,"thinking",1
"14752",30,"thousand",1
"14753",30,"touched",1
"14754",30,"trails",1
"14755",30,"tranquil",1
"14756",30,"trip",1
"14757",30,"troubled",1
"14758",30,"twenty",1
"14759",30,"tyres",1
"14760",30,"uncertainty",1
"14761",30,"unconscious",1
"14762",30,"unfortunate",1
"14763",30,"unprotected",1
"14764",30,"vacancy",1
"14765",30,"vain",1
"14766",30,"valves",1
"14767",30,"vast",1
"14768",30,"verge",1
"14769",30,"visible",1
"14770",30,"volunteers",1
"14771",30,"wait",1
"14772",30,"waited",1
"14773",30,"walked",1
"14774",30,"wander",1
"14775",30,"wandered",1
"14776",30,"wandering",1
"14777",30,"warrant",1
"14778",30,"weather",1
"14779",30,"welcomed",1
"14780",30,"wheels",1
"14781",30,"whistled",1
"14782",30,"whistling",1
"14783",30,"wild",1
"14784",30,"wished",1
"14785",30,"woman",1
"14786",30,"woman’s",1
"14787",30,"won’t",1
"14788",30,"word",1
"14789",30,"world",1
"14790",30,"york",1
"14791",31,"10th",1
"14792",31,"absorbed",1
"14793",31,"added",1
"14794",31,"afraid",1
"14795",31,"agreed",1
"14796",31,"aided",1
"14797",31,"ally",1
"14798",31,"american",1
"14799",31,"antique",1
"14800",31,"appeared",1
"14801",31,"approached",1
"14802",31,"arc",1
"14803",31,"arranged",1
"14804",31,"ascended",1
"14805",31,"atlantic",1
"14806",31,"attached",1
"14807",31,"attacked",1
"14808",31,"attacks",1
"14809",31,"band",1
"14810",31,"bands",1
"14811",31,"bargain",1
"14812",31,"beams",1
"14813",31,"beasts",1
"14814",31,"beautiful",1
"14815",31,"bend",1
"14816",31,"biting",1
"14817",31,"blew",1
"14818",31,"blocked",1
"14819",31,"blowing",1
"14820",31,"bluffs",1
"14821",31,"boat",1
"14822",31,"borders",1
"14823",31,"bow",1
"14824",31,"branch",1
"14825",31,"breaks",1
"14826",31,"built",1
"14827",31,"buoyancy",1
"14828",31,"calm",1
"14829",31,"car",1
"14830",31,"carpet",1
"14831",31,"carried",1
"14832",31,"cars",1
"14833",31,"chances",1
"14834",31,"change",1
"14835",31,"china",1
"14836",31,"chord",1
"14837",31,"city",1
"14838",31,"close",1
"14839",31,"closely",1
"14840",31,"cold",1
"14841",31,"columbus",1
"14842",31,"communication",1
"14843",31,"completed",1
"14844",31,"comprehended",1
"14845",31,"conditions",1
"14846",31,"confessed",1
"14847",31,"confident",1
"14848",31,"connected",1
"14849",31,"conviction",1
"14850",31,"cosily",1
"14851",31,"council",1
"14852",31,"craft",1
"14853",31,"creeks",1
"14854",31,"crossed",1
"14855",31,"crossing",1
"14856",31,"cunard",1
"14857",31,"curious",1
"14858",31,"cutter",1
"14859",31,"daily",1
"14860",31,"danger",1
"14861",31,"davenport",1
"14862",31,"day",1
"14863",31,"decision",1
"14864",31,"delay",1
"14865",31,"delighted",1
"14866",31,"des",1
"14867",31,"descend",1
"14868",31,"deserted",1
"14869",31,"desire",1
"14870",31,"desperate",1
"14871",31,"detective’s",1
"14872",31,"difficult",1
"14873",31,"directed",1
"14874",31,"directly",1
"14875",31,"disappeared",1
"14876",31,"disc",1
"14877",31,"discomforts",1
"14878",31,"duty",1
"14879",31,"earth",1
"14880",31,"east",1
"14881",31,"eastward",1
"14882",31,"equal",1
"14883",31,"ere",1
"14884",31,"escort",1
"14885",31,"estimated",1
"14886",31,"europe",1
"14887",31,"examined",1
"14888",31,"exceedingly",1
"14889",31,"expose",1
"14890",31,"express",1
"14891",31,"extremely",1
"14892",31,"famished",1
"14893",31,"fear",1
"14894",31,"ferocious",1
"14895",31,"fields",1
"14896",31,"fifty",1
"14897",31,"fire",1
"14898",31,"fixed",1
"14899",31,"fix’s",1
"14900",31,"flash",1
"14901",31,"flat",1
"14902",31,"flew",1
"14903",31,"flocks",1
"14904",31,"fly",1
"14905",31,"fogg’s",1
"14906",31,"foot",1
"14907",31,"formed",1
"14908",31,"fortune",1
"14909",31,"forward",1
"14910",31,"found",1
"14911",31,"freezing",1
"14912",31,"fremont",1
"14913",31,"frequently",1
"14914",31,"fresh",1
"14915",31,"furled",1
"14916",31,"furs",1
"14917",31,"gained",1
"14918",31,"gaunt",1
"14919",31,"generously",1
"14920",31,"gentleman",1
"14921",31,"grasp",1
"14922",31,"grasped",1
"14923",31,"ground",1
"14924",31,"guess",1
"14925",31,"guide",1
"14926",31,"half",1
"14927",31,"handsome",1
"14928",31,"haste",1
"14929",31,"hasten",1
"14930",31,"hesitation",1
"14931",31,"hoist",1
"14932",31,"hope",1
"14933",31,"houses",1
"14934",31,"huddled",1
"14935",31,"hudson",1
"14936",31,"hut",1
"14937",31,"illinois",1
"14938",31,"impetus",1
"14939",31,"impossible",1
"14940",31,"indiana",1
"14941",31,"indians",1
"14942",31,"induce",1
"14943",31,"inhaled",1
"14944",31,"instant",1
"14945",31,"instrument",1
"14946",31,"intense",1
"14947",31,"intensified",1
"14948",31,"intently",1
"14949",31,"interrupted",1
"14950",31,"involuntary",1
"14951",31,"iron",1
"14952",31,"jersey",1
"14953",31,"joseph",1
"14954",31,"journeys",1
"14955",31,"jumped",1
"14956",31,"laboriously",1
"14957",31,"land",1
"14958",31,"landmarks",1
"14959",31,"lessening",1
"14960",31,"life",1
"14961",31,"lifted",1
"14962",31,"lightly",1
"14963",31,"limbs",1
"14964",31,"locomotive",1
"14965",31,"lose",1
"14966",31,"lost",1
"14967",31,"lurches",1
"14968",31,"mass",1
"14969",31,"means",1
"14970",31,"melody",1
"14971",31,"method",1
"14972",31,"michigan",1
"14973",31,"midst",1
"14974",31,"mile",1
"14975",31,"mississippi",1
"14976",31,"mist",1
"14977",31,"modified",1
"14978",31,"moines",1
"14979",31,"moment",1
"14980",31,"moving",1
"14981",31,"mudge’s",1
"14982",31,"names",1
"14983",31,"natural",1
"14984",31,"noon",1
"14985",31,"north",1
"14986",31,"numerous",1
"14987",31,"obstacles",1
"14988",31,"octave",1
"14989",31,"ohio",1
"14990",31,"opinion",1
"14991",31,"opportunity",1
"14992",31,"owner",1
"14993",31,"packed",1
"14994",31,"passengers",1
"14995",31,"passes",1
"14996",31,"pennsylvania",1
"14997",31,"persons",1
"14998",31,"phantom",1
"14999",31,"pier",1
"15000",31,"pittsburgh",1
"15001",31,"plain",1
"15002",31,"plains",1
"15003",31,"plaintively",1
"15004",31,"prairies",1
"15005",31,"presentiment",1
"15006",31,"pressure",1
"15007",31,"procured",1
"15008",31,"proper",1
"15009",31,"proudly",1
"15010",31,"provided",1
"15011",31,"purpose",1
"15012",31,"quarter",1
"15013",31,"quarters",1
"15014",31,"raised",1
"15015",31,"rapid",1
"15016",31,"rapidity",1
"15017",31,"rapidly",1
"15018",31,"rascal",1
"15019",31,"rattled",1
"15020",31,"reaching",1
"15021",31,"readily",1
"15022",31,"recovered",1
"15023",31,"red",1
"15024",31,"reflections",1
"15025",31,"regain",1
"15026",31,"regard",1
"15027",31,"regretted",1
"15028",31,"rejected",1
"15029",31,"remembered",1
"15030",31,"replied",1
"15031",31,"reply",1
"15032",31,"rescue",1
"15033",31,"reserve",1
"15034",31,"resolved",1
"15035",31,"resounded",1
"15036",31,"resumed",1
"15037",31,"revolver",1
"15038",31,"reward",1
"15039",31,"rewarded",1
"15040",31,"rigged",1
"15041",31,"risen",1
"15042",31,"risked",1
"15043",31,"roofs",1
"15044",31,"rose",1
"15045",31,"round",1
"15046",31,"ruined",1
"15047",31,"ruins",1
"15048",31,"run",1
"15049",31,"runners",1
"15050",31,"runs",1
"15051",31,"rushing",1
"15052",31,"sacrifice",1
"15053",31,"sailed",1
"15054",31,"saint",1
"15055",31,"schuyler",1
"15056",31,"screen",1
"15057",31,"sea",1
"15058",31,"seaboard",1
"15059",31,"seated",1
"15060",31,"section",1
"15061",31,"separate",1
"15062",31,"separated",1
"15063",31,"served",1
"15064",31,"sets",1
"15065",31,"shaken",1
"15066",31,"sheltered",1
"15067",31,"short",1
"15068",31,"shortening",1
"15069",31,"shrewd",1
"15070",31,"sights",1
"15071",31,"sioux",1
"15072",31,"sir",1
"15073",31,"skeleton",1
"15074",31,"skimming",1
"15075",31,"sledges",1
"15076",31,"slip",1
"15077",31,"sloop",1
"15078",31,"sort",1
"15079",31,"south",1
"15080",31,"spare",1
"15081",31,"speak",1
"15082",31,"spirits",1
"15083",31,"spoken",1
"15084",31,"started",1
"15085",31,"stations",1
"15086",31,"stay",1
"15087",31,"steps",1
"15088",31,"stiffened",1
"15089",31,"streams",1
"15090",31,"streets",1
"15091",31,"stretched",1
"15092",31,"stringed",1
"15093",31,"strong",1
"15094",31,"sun’s",1
"15095",31,"superior",1
"15096",31,"surface",1
"15097",31,"taking",1
"15098",31,"tendency",1
"15099",31,"terminus",1
"15100",31,"terrible",1
"15101",31,"top",1
"15102",31,"towns",1
"15103",31,"tracks",1
"15104",31,"transport",1
"15105",31,"tree",1
"15106",31,"twelve",1
"15107",31,"twisted",1
"15108",31,"uniform",1
"15109",31,"uninhabited",1
"15110",31,"union",1
"15111",31,"unites",1
"15112",31,"unspread",1
"15113",31,"usual",1
"15114",31,"uttered",1
"15115",31,"velocity",1
"15116",31,"vibrated",1
"15117",31,"view",1
"15118",31,"village",1
"15119",31,"violin",1
"15120",31,"walking",1
"15121",31,"warmly",1
"15122",31,"waves",1
"15123",31,"wayne",1
"15124",31,"whilst",1
"15125",31,"whiteness",1
"15126",31,"wild",1
"15127",31,"winter",1
"15128",31,"wishing",1
"15129",31,"woman",1
"15130",31,"words",1
"15131",31,"world",1
"15132",31,"wrapped",1
"15133",32,"14th",1
"15134",32,"21st",1
"15135",32,"abandoned",1
"15136",32,"account",1
"15137",32,"accusations",1
"15138",32,"added",1
"15139",32,"additional",1
"15140",32,"admit",1
"15141",32,"affair",1
"15142",32,"agitation",1
"15143",32,"agreed",1
"15144",32,"anchor",1
"15145",32,"andrew",1
"15146",32,"ascended",1
"15147",32,"avail",1
"15148",32,"await",1
"15149",32,"ballast",1
"15150",32,"balloon",1
"15151",32,"banks",1
"15152",32,"battery",1
"15153",32,"belongs",1
"15154",32,"betray",1
"15155",32,"bills",1
"15156",32,"bitter",1
"15157",32,"boats",1
"15158",32,"bound",1
"15159",32,"bradshaw",1
"15160",32,"briefly",1
"15161",32,"broadway",1
"15162",32,"built",1
"15163",32,"buy",1
"15164",32,"cable’s",1
"15165",32,"capable",1
"15166",32,"cardiff",1
"15167",32,"cargo",1
"15168",32,"carriage",1
"15169",32,"carried",1
"15170",32,"ceased",1
"15171",32,"changing",1
"15172",32,"charges",1
"15173",32,"city",1
"15174",32,"cloud",1
"15175",32,"comfort",1
"15176",32,"company",1
"15177",32,"completely",1
"15178",32,"complexion",1
"15179",32,"conquering",1
"15180",32,"consult",1
"15181",32,"consulting",1
"15182",32,"coolness",1
"15183",32,"copper",1
"15184",32,"cost",1
"15185",32,"counted",1
"15186",32,"crossed",1
"15187",32,"crushed",1
"15188",32,"cunard",1
"15189",32,"daily",1
"15190",32,"days",1
"15191",32,"december",1
"15192",32,"deck",1
"15193",32,"directly",1
"15194",32,"disappointment",1
"15195",32,"disembark",1
"15196",32,"drove",1
"15197",32,"efforts",1
"15198",32,"eleven",1
"15199",32,"engaged",1
"15200",32,"equal",1
"15201",32,"espied",1
"15202",32,"evening",1
"15203",32,"expended",1
"15204",32,"extended",1
"15205",32,"eyes",1
"15206",32,"failed",1
"15207",32,"fastest",1
"15208",32,"fault",1
"15209",32,"ferryboat",1
"15210",32,"fifty",1
"15211",32,"forthwith",1
"15212",32,"forty",1
"15213",32,"french",1
"15214",32,"funnel",1
"15215",32,"gain",1
"15216",32,"gamut",1
"15217",32,"giving",1
"15218",32,"globe",1
"15219",32,"grave",1
"15220",32,"growling",1
"15221",32,"hack",1
"15222",32,"hailed",1
"15223",32,"hair",1
"15224",32,"half",1
"15225",32,"hamburg",1
"15226",32,"handfuls",1
"15227",32,"head",1
"15228",32,"heard",1
"15229",32,"heavy",1
"15230",32,"helping",1
"15231",32,"hong",1
"15232",32,"hours",1
"15233",32,"hulled",1
"15234",32,"hurry",1
"15235",32,"idea",1
"15236",32,"incidents",1
"15237",32,"indemnified",1
"15238",32,"inform",1
"15239",32,"inman",1
"15240",32,"inseparable",1
"15241",32,"instant’s",1
"15242",32,"instructions",1
"15243",32,"iron",1
"15244",32,"jersey",1
"15245",32,"journey",1
"15246",32,"jump",1
"15247",32,"kinds",1
"15248",32,"knots",1
"15249",32,"kong",1
"15250",32,"learned",1
"15251",32,"leave",1
"15252",32,"length",1
"15253",32,"looked",1
"15254",32,"lose",1
"15255",32,"loss",1
"15256",32,"master",1
"15257",32,"means",1
"15258",32,"merchandise",1
"15259",32,"minutes",1
"15260",32,"moored",1
"15261",32,"morrow",1
"15262",32,"movements",1
"15263",32,"neck",1
"15264",32,"night",1
"15265",32,"notice",1
"15266",32,"object",1
"15267",32,"obstacle",1
"15268",32,"obstacles",1
"15269",32,"offer",1
"15270",32,"oxidised",1
"15271",32,"paid",1
"15272",32,"passed",1
"15273",32,"past",1
"15274",32,"path",1
"15275",32,"pereire",1
"15276",32,"performed",1
"15277",32,"period",1
"15278",32,"permit",1
"15279",32,"persons",1
"15280",32,"pier",1
"15281",32,"port",1
"15282",32,"pounds",1
"15283",32,"practice",1
"15284",32,"preparing",1
"15285",32,"proceeded",1
"15286",32,"profoundly",1
"15287",32,"projects",1
"15288",32,"prolonged",1
"15289",32,"puffing",1
"15290",32,"pure",1
"15291",32,"putting",1
"15292",32,"quarters",1
"15293",32,"recalled",1
"15294",32,"red",1
"15295",32,"render",1
"15296",32,"reply",1
"15297",32,"reproach",1
"15298",32,"repugnance",1
"15299",32,"rest",1
"15300",32,"resumed",1
"15301",32,"river",1
"15302",32,"route",1
"15303",32,"ruin",1
"15304",32,"sailing",1
"15305",32,"save",1
"15306",32,"scratch",1
"15307",32,"screw",1
"15308",32,"serve",1
"15309",32,"set",1
"15310",32,"setting",1
"15311",32,"shaped",1
"15312",32,"signals",1
"15313",32,"situation",1
"15314",32,"slept",1
"15315",32,"smoke",1
"15316",32,"smoothed",1
"15317",32,"sort",1
"15318",32,"southampton",1
"15319",32,"speed",1
"15320",32,"spent",1
"15321",32,"spoke",1
"15322",32,"stake",1
"15323",32,"start",1
"15324",32,"steamer",1
"15325",32,"sums",1
"15326",32,"swift",1
"15327",32,"tankadere",1
"15328",32,"thick",1
"15329",32,"thirteen",1
"15330",32,"throw",1
"15331",32,"tide",1
"15332",32,"till",1
"15333",32,"tone",1
"15334",32,"tour",1
"15335",32,"trading",1
"15336",32,"trip",1
"15337",32,"twelve",1
"15338",32,"useless",1
"15339",32,"uttered",1
"15340",32,"valuable",1
"15341",32,"venturesome",1
"15342",32,"vocal",1
"15343",32,"voice",1
"15344",32,"voyage",1
"15345",32,"wager",1
"15346",32,"weigh",1
"15347",32,"wolf",1
"15348",32,"wood",1
"15349",32,"worth",1
"15350",32,"york",1
"15351",33,"12th",1
"15352",33,"13th",1
"15353",33,"16th",1
"15354",33,"18th",1
"15355",33,"19th",1
"15356",33,"20th",1
"15357",33,"abandon",1
"15358",33,"accident",1
"15359",33,"acrobatic",1
"15360",33,"adequate",1
"15361",33,"adopt",1
"15362",33,"adventure",1
"15363",33,"ahead",1
"15364",33,"altogether",1
"15365",33,"american",1
"15366",33,"announced",1
"15367",33,"anon",1
"15368",33,"anxiety",1
"15369",33,"anxious",1
"15370",33,"aouda",1
"15371",33,"appeared",1
"15372",33,"approaching",1
"15373",33,"arrive",1
"15374",33,"arrived",1
"15375",33,"arriving",1
"15376",33,"ascertain",1
"15377",33,"ascertained",1
"15378",33,"ass",1
"15379",33,"astonish",1
"15380",33,"atlantic",1
"15381",33,"atmosphere",1
"15382",33,"attempt",1
"15383",33,"awkwardly",1
"15384",33,"bad",1
"15385",33,"banks",1
"15386",33,"bargain",1
"15387",33,"barometer",1
"15388",33,"beating",1
"15389",33,"belongs",1
"15390",33,"betraying",1
"15391",33,"bills",1
"15392",33,"boats",1
"15393",33,"body",1
"15394",33,"boiled",1
"15395",33,"bold",1
"15396",33,"breeze",1
"15397",33,"bribery",1
"15398",33,"bridge",1
"15399",33,"broke",1
"15400",33,"burned",1
"15401",33,"burst",1
"15402",33,"bursting",1
"15403",33,"cabins",1
"15404",33,"called",1
"15405",33,"calmly",1
"15406",33,"calmness",1
"15407",33,"carried",1
"15408",33,"catch",1
"15409",33,"change",1
"15410",33,"changed",1
"15411",33,"cherished",1
"15412",33,"coast",1
"15413",33,"cold",1
"15414",33,"colloquy",1
"15415",33,"comforted",1
"15416",33,"commanded",1
"15417",33,"commiserate",1
"15418",33,"compliment",1
"15419",33,"comprehend",1
"15420",33,"conclude",1
"15421",33,"confessed",1
"15422",33,"confirmed",1
"15423",33,"confused",1
"15424",33,"conjecture",1
"15425",33,"conquer",1
"15426",33,"conquest",1
"15427",33,"consequences",1
"15428",33,"considered",1
"15429",33,"consigned",1
"15430",33,"constant",1
"15431",33,"count",1
"15432",33,"courageous",1
"15433",33,"create",1
"15434",33,"cross",1
"15435",33,"crossed",1
"15436",33,"dangerous",1
"15437",33,"darkened",1
"15438",33,"dawn",1
"15439",33,"decided",1
"15440",33,"decreasing",1
"15441",33,"deeply",1
"15442",33,"delayed",1
"15443",33,"delays",1
"15444",33,"delighted",1
"15445",33,"demolition",1
"15446",33,"departure",1
"15447",33,"desire",1
"15448",33,"deviate",1
"15449",33,"devils",1
"15450",33,"dexterous",1
"15451",33,"difficult",1
"15452",33,"difficulties",1
"15453",33,"directed",1
"15454",33,"directing",1
"15455",33,"disappeared",1
"15456",33,"disappointed",1
"15457",33,"disdaining",1
"15458",33,"disembarked",1
"15459",33,"distant",1
"15460",33,"distrustful",1
"15461",33,"don’t",1
"15462",33,"dry",1
"15463",33,"duty",1
"15464",33,"earnestly",1
"15465",33,"ears",1
"15466",33,"eastward",1
"15467",33,"edge",1
"15468",33,"effect",1
"15469",33,"eleven",1
"15470",33,"embarked",1
"15471",33,"embarking",1
"15472",33,"enchanted",1
"15473",33,"england",1
"15474",33,"enter",1
"15475",33,"entered",1
"15476",33,"entrance",1
"15477",33,"epithet",1
"15478",33,"esquire",1
"15479",33,"esteem",1
"15480",33,"excessive",1
"15481",33,"exhausted",1
"15482",33,"existed",1
"15483",33,"expended",1
"15484",33,"experienced",1
"15485",33,"exploit",1
"15486",33,"express",1
"15487",33,"eye",1
"15488",33,"failed",1
"15489",33,"falling",1
"15490",33,"false",1
"15491",33,"famous",1
"15492",33,"fastnet",1
"15493",33,"feats",1
"15494",33,"features",1
"15495",33,"feed",1
"15496",33,"filled",1
"15497",33,"finally",1
"15498",33,"fire",1
"15499",33,"fired",1
"15500",33,"fit",1
"15501",33,"fittings",1
"15502",33,"flat",1
"15503",33,"fogs",1
"15504",33,"force",1
"15505",33,"forgot",1
"15506",33,"forgotten",1
"15507",33,"formed",1
"15508",33,"fortune",1
"15509",33,"forty",1
"15510",33,"frames",1
"15511",33,"frequent",1
"15512",33,"fresh",1
"15513",33,"friendships",1
"15514",33,"fright",1
"15515",33,"funnel",1
"15516",33,"furled",1
"15517",33,"gain",1
"15518",33,"gained",1
"15519",33,"gaining",1
"15520",33,"gales",1
"15521",33,"gentleman",1
"15522",33,"gentlemen",1
"15523",33,"giving",1
"15524",33,"glorious",1
"15525",33,"grasped",1
"15526",33,"grave",1
"15527",33,"greatly",1
"15528",33,"grow",1
"15529",33,"growl",1
"15530",33,"grudges",1
"15531",33,"handing",1
"15532",33,"haven’t",1
"15533",33,"headway",1
"15534",33,"hear",1
"15535",33,"heard",1
"15536",33,"heartily",1
"15537",33,"heated",1
"15538",33,"heavy",1
"15539",33,"heel",1
"15540",33,"held",1
"15541",33,"heroes",1
"15542",33,"hewed",1
"15543",33,"he’ll",1
"15544",33,"hoisted",1
"15545",33,"honest",1
"15546",33,"hook",1
"15547",33,"hope",1
"15548",33,"hot",1
"15549",33,"howl",1
"15550",33,"hudson",1
"15551",33,"humiliated",1
"15552",33,"humour",1
"15553",33,"hundred",1
"15554",33,"ifs",1
"15555",33,"ill",1
"15556",33,"imagine",1
"15557",33,"imagined",1
"15558",33,"imparting",1
"15559",33,"impatience",1
"15560",33,"imperturbable",1
"15561",33,"imprisonment",1
"15562",33,"inclined",1
"15563",33,"increased",1
"15564",33,"infected",1
"15565",33,"inspiration",1
"15566",33,"instant",1
"15567",33,"interior",1
"15568",33,"intimacy",1
"15569",33,"invariably",1
"15570",33,"jolly",1
"15571",33,"keel",1
"15572",33,"keen",1
"15573",33,"keeping",1
"15574",33,"key",1
"15575",33,"knots",1
"15576",33,"knowing",1
"15577",33,"length",1
"15578",33,"levelled",1
"15579",33,"life",1
"15580",33,"light",1
"15581",33,"lighthouse",1
"15582",33,"lights",1
"15583",33,"localities",1
"15584",33,"locality",1
"15585",33,"lock",1
"15586",33,"loquacious",1
"15587",33,"lose",1
"15588",33,"lost",1
"15589",33,"loud",1
"15590",33,"lustily",1
"15591",33,"machinery",1
"15592",33,"madman",1
"15593",33,"manage",1
"15594",33,"managing",1
"15595",33,"manœuvre",1
"15596",33,"mariner",1
"15597",33,"marks",1
"15598",33,"master’s",1
"15599",33,"match",1
"15600",33,"meals",1
"15601",33,"mercy",1
"15602",33,"mind",1
"15603",33,"minutes",1
"15604",33,"misfortune",1
"15605",33,"missed",1
"15606",33,"mistake",1
"15607",33,"moment",1
"15608",33,"money",1
"15609",33,"morning",1
"15610",33,"mortal",1
"15611",33,"mountain",1
"15612",33,"mounted",1
"15613",33,"muttered",1
"15614",33,"newfoundland",1
"15615",33,"nigh",1
"15616",33,"night",1
"15617",33,"ninety",1
"15618",33,"north",1
"15619",33,"oaths",1
"15620",33,"obliged",1
"15621",33,"obstinately",1
"15622",33,"occasional",1
"15623",33,"opposite",1
"15624",33,"overheard",1
"15625",33,"owing",1
"15626",33,"o’clock",1
"15627",33,"paid",1
"15628",33,"pardonable",1
"15629",33,"paroxysm",1
"15630",33,"party",1
"15631",33,"passage",1
"15632",33,"passepartout’s",1
"15633",33,"perfect",1
"15634",33,"permitted",1
"15635",33,"pickaroon",1
"15636",33,"pitched",1
"15637",33,"plausible",1
"15638",33,"ploughed",1
"15639",33,"pocket",1
"15640",33,"pocketed",1
"15641",33,"port",1
"15642",33,"precautions",1
"15643",33,"predicted",1
"15644",33,"prediction",1
"15645",33,"presentiment",1
"15646",33,"pressure",1
"15647",33,"prisoner",1
"15648",33,"proceed",1
"15649",33,"prodigious",1
"15650",33,"progress",1
"15651",33,"project",1
"15652",33,"pronounce",1
"15653",33,"protruding",1
"15654",33,"pulled",1
"15655",33,"purple",1
"15656",33,"quay",1
"15657",33,"queen’s",1
"15658",33,"quietly",1
"15659",33,"rafts",1
"15660",33,"rage",1
"15661",33,"railings",1
"15662",33,"raised",1
"15663",33,"rapid",1
"15664",33,"rapidly",1
"15665",33,"readiness",1
"15666",33,"ready",1
"15667",33,"real",1
"15668",33,"reason",1
"15669",33,"recovered",1
"15670",33,"reflected",1
"15671",33,"reflection",1
"15672",33,"refrained",1
"15673",33,"refused",1
"15674",33,"regret",1
"15675",33,"remain",1
"15676",33,"remained",1
"15677",33,"remember",1
"15678",33,"rendering",1
"15679",33,"repeated",1
"15680",33,"resenting",1
"15681",33,"retarded",1
"15682",33,"revolved",1
"15683",33,"robber",1
"15684",33,"roll",1
"15685",33,"rose",1
"15686",33,"round",1
"15687",33,"rush",1
"15688",33,"sacrificed",1
"15689",33,"safely",1
"15690",33,"safety",1
"15691",33,"sailor",1
"15692",33,"sandy",1
"15693",33,"sawed",1
"15694",33,"scent",1
"15695",33,"screw",1
"15696",33,"seaman",1
"15697",33,"season",1
"15698",33,"seats",1
"15699",33,"secret",1
"15700",33,"sedately",1
"15701",33,"seized",1
"15702",33,"seizing",1
"15703",33,"sell",1
"15704",33,"seventy",1
"15705",33,"sharper",1
"15706",33,"sheet",1
"15707",33,"shore",1
"15708",33,"shoulder",1
"15709",33,"shoulders",1
"15710",33,"shrewdly",1
"15711",33,"shrugging",1
"15712",33,"shut",1
"15713",33,"sight",1
"15714",33,"sighted",1
"15715",33,"signified",1
"15716",33,"simple",1
"15717",33,"simply",1
"15718",33,"skies",1
"15719",33,"skilled",1
"15720",33,"skirted",1
"15721",33,"slackened",1
"15722",33,"smoke",1
"15723",33,"smoothly",1
"15724",33,"softer",1
"15725",33,"sold",1
"15726",33,"spare",1
"15727",33,"spars",1
"15728",33,"spot",1
"15729",33,"started",1
"15730",33,"stationary",1
"15731",33,"stay",1
"15732",33,"stolen",1
"15733",33,"stop",1
"15734",33,"straight",1
"15735",33,"struggle",1
"15736",33,"success",1
"15737",33,"suddenly",1
"15738",33,"summer",1
"15739",33,"supreme",1
"15740",33,"swamping",1
"15741",33,"swelled",1
"15742",33,"temperature",1
"15743",33,"tempest",1
"15744",33,"tempests",1
"15745",33,"tempted",1
"15746",33,"ten",1
"15747",33,"terms",1
"15748",33,"thirty",1
"15749",33,"tiger",1
"15750",33,"tone",1
"15751",33,"top",1
"15752",33,"torrents",1
"15753",33,"train",1
"15754",33,"trains",1
"15755",33,"truck",1
"15756",33,"unchain",1
"15757",33,"understand",1
"15758",33,"uneasy",1
"15759",33,"unfortunate",1
"15760",33,"unhappily",1
"15761",33,"unmoved",1
"15762",33,"unnaturally",1
"15763",33,"unpropitious",1
"15764",33,"upper",1
"15765",33,"upright",1
"15766",33,"useless",1
"15767",33,"utter",1
"15768",33,"uttering",1
"15769",33,"vaguely",1
"15770",33,"valves",1
"15771",33,"varied",1
"15772",33,"veer",1
"15773",33,"veered",1
"15774",33,"vexations",1
"15775",33,"vigorously",1
"15776",33,"violently",1
"15777",33,"visage",1
"15778",33,"vomited",1
"15779",33,"voyage",1
"15780",33,"warm",1
"15781",33,"warrant",1
"15782",33,"white",1
"15783",33,"wished",1
"15784",33,"worst",1
"15785",33,"worthy",1
"15786",33,"wrath",1
"15787",33,"yankee",1
"15788",33,"you’ve",1
"15789",34,"80th",1
"15790",34,"a.m",1
"15791",34,"added",1
"15792",34,"admitting",1
"15793",34,"advancing",1
"15794",34,"ago",1
"15795",34,"anger",1
"15796",34,"anxious",1
"15797",34,"apparent",1
"15798",34,"application",1
"15799",34,"arms",1
"15800",34,"arrangements",1
"15801",34,"arrived",1
"15802",34,"attain",1
"15803",34,"attempt",1
"15804",34,"audible",1
"15805",34,"barred",1
"15806",34,"bench",1
"15807",34,"betrayal",1
"15808",34,"bitterly",1
"15809",34,"blind",1
"15810",34,"blow",1
"15811",34,"blowing",1
"15812",34,"brains",1
"15813",34,"breath",1
"15814",34,"brightened",1
"15815",34,"burst",1
"15816",34,"cab",1
"15817",34,"call",1
"15818",34,"calm",1
"15819",34,"calmly",1
"15820",34,"carefully",1
"15821",34,"caught",1
"15822",34,"character",1
"15823",34,"charge",1
"15824",34,"cherish",1
"15825",34,"clock",1
"15826",34,"closed",1
"15827",34,"cold",1
"15828",34,"concealed",1
"15829",34,"contained",1
"15830",34,"continued",1
"15831",34,"courageous",1
"15832",34,"cried",1
"15833",34,"days",1
"15834",34,"delay",1
"15835",34,"delays",1
"15836",34,"descended",1
"15837",34,"deserts",1
"15838",34,"detective",1
"15839",34,"devoured",1
"15840",34,"disorder",1
"15841",34,"doors",1
"15842",34,"doubt",1
"15843",34,"duty",1
"15844",34,"easy",1
"15845",34,"eccentricity",1
"15846",34,"emotion",1
"15847",34,"engineer",1
"15848",34,"entered",1
"15849",34,"errand",1
"15850",34,"escape",1
"15851",34,"escaped",1
"15852",34,"escaping",1
"15853",34,"evening",1
"15854",34,"examine",1
"15855",34,"expense",1
"15856",34,"explained",1
"15857",34,"eyes",1
"15858",34,"failed",1
"15859",34,"faithful",1
"15860",34,"fallen",1
"15861",34,"fast",1
"15862",34,"fatal",1
"15863",34,"fists",1
"15864",34,"fix’s",1
"15865",34,"floor",1
"15866",34,"fogg’s",1
"15867",34,"foot",1
"15868",34,"forced",1
"15869",34,"forehead",1
"15870",34,"forgive",1
"15871",34,"forty",1
"15872",34,"generous",1
"15873",34,"gentleman",1
"15874",34,"guilty",1
"15875",34,"hair",1
"15876",34,"half",1
"15877",34,"hands",1
"15878",34,"hasty",1
"15879",34,"heard",1
"15880",34,"heart",1
"15881",34,"heavily",1
"15882",34,"heels",1
"15883",34,"heinous",1
"15884",34,"held",1
"15885",34,"hit",1
"15886",34,"hope",1
"15887",34,"hour",1
"15888",34,"hurried",1
"15889",34,"immediately",1
"15890",34,"innocence",1
"15891",34,"instant",1
"15892",34,"iron",1
"15893",34,"irresistible",1
"15894",34,"journal",1
"15895",34,"knave",1
"15896",34,"knocked",1
"15897",34,"life",1
"15898",34,"line",1
"15899",34,"lips",1
"15900",34,"locked",1
"15901",34,"locomotives",1
"15902",34,"looked",1
"15903",34,"lost",1
"15904",34,"machine",1
"15905",34,"misfortune",1
"15906",34,"mistake",1
"15907",34,"moments",1
"15908",34,"motion",1
"15909",34,"motionless",1
"15910",34,"noise",1
"15911",34,"occur",1
"15912",34,"offer",1
"15913",34,"outlet",1
"15914",34,"outward",1
"15915",34,"o’clock",1
"15916",34,"p.m",1
"15917",34,"parbleu",1
"15918",34,"passepartout’s",1
"15919",34,"permit",1
"15920",34,"pocket",1
"15921",34,"policemen",1
"15922",34,"portico",1
"15923",34,"possibly",1
"15924",34,"practicable",1
"15925",34,"precision",1
"15926",34,"proof",1
"15927",34,"protector",1
"15928",34,"purpose",1
"15929",34,"rages",1
"15930",34,"railway",1
"15931",34,"received",1
"15932",34,"remained",1
"15933",34,"remarkable",1
"15934",34,"resemblance",1
"15935",34,"resigned",1
"15936",34,"revealed",1
"15937",34,"revolted",1
"15938",34,"reward",1
"15939",34,"road",1
"15940",34,"rods",1
"15941",34,"satisfied",1
"15942",34,"saturday",1
"15943",34,"save",1
"15944",34,"seated",1
"15945",34,"secret",1
"15946",34,"servant",1
"15947",34,"shut",1
"15948",34,"singular",1
"15949",34,"singularly",1
"15950",34,"situation",1
"15951",34,"slightly",1
"15952",34,"slowly",1
"15953",34,"soil",1
"15954",34,"speak",1
"15955",34,"stammered",1
"15956",34,"stated",1
"15957",34,"station",1
"15958",34,"steadily",1
"15959",34,"stepped",1
"15960",34,"stern",1
"15961",34,"stimulated",1
"15962",34,"striking",1
"15963",34,"succeed",1
"15964",34,"suddenness",1
"15965",34,"swung",1
"15966",34,"table",1
"15967",34,"taking",1
"15968",34,"ten",1
"15969",34,"terminus",1
"15970",34,"that’s",1
"15971",34,"thunderstruck",1
"15972",34,"told",1
"15973",34,"tour",1
"15974",34,"transferred",1
"15975",34,"translator",1
"15976",34,"twelve",1
"15977",34,"twenty",1
"15978",34,"understand",1
"15979",34,"unfortunate",1
"15980",34,"utter",1
"15981",34,"voice",1
"15982",34,"wager",1
"15983",34,"waited",1
"15984",34,"waiting",1
"15985",34,"warned",1
"15986",34,"window",1
"15987",34,"wished",1
"15988",34,"woman’s",1
"15989",34,"wooden",1
"15990",34,"words",1
"15991",34,"world",1
"15992",34,"wrinkled",1
"15993",34,"written",1
"15994",35,"21st",1
"15995",35,"absorbed",1
"15996",35,"accused",1
"15997",35,"added",1
"15998",35,"anger",1
"15999",35,"antagonists",1
"16000",35,"arrange",1
"16001",35,"arresting",1
"16002",35,"ascended",1
"16003",35,"assured",1
"16004",35,"astonished",1
"16005",35,"avoid",1
"16006",35,"awaits",1
"16007",35,"bankers",1
"16008",35,"bear",1
"16009",35,"bed",1
"16010",35,"beg",1
"16011",35,"bending",1
"16012",35,"betrayed",1
"16013",35,"bill",1
"16014",35,"bitterly",1
"16015",35,"blame",1
"16016",35,"blundering",1
"16017",35,"bore",1
"16018",35,"borne",1
"16019",35,"bound",1
"16020",35,"box",1
"16021",35,"braved",1
"16022",35,"burner",1
"16023",35,"burning",1
"16024",35,"busied",1
"16025",35,"called",1
"16026",35,"calm",1
"16027",35,"calmness",1
"16028",35,"carefully",1
"16029",35,"carried",1
"16030",35,"carry",1
"16031",35,"ceased",1
"16032",35,"chair",1
"16033",35,"change",1
"16034",35,"checking",1
"16035",35,"cheque",1
"16036",35,"chop",1
"16037",35,"circumstances",1
"16038",35,"clock",1
"16039",35,"close",1
"16040",35,"closed",1
"16041",35,"coldly",1
"16042",35,"company",1
"16043",35,"concealed",1
"16044",35,"confide",1
"16045",35,"conscience",1
"16046",35,"content",1
"16047",35,"continually",1
"16048",35,"contributed",1
"16049",35,"conversation",1
"16050",35,"corner",1
"16051",35,"counted",1
"16052",35,"country",1
"16053",35,"credit",1
"16054",35,"cup",1
"16055",35,"curse",1
"16056",35,"cursing",1
"16057",35,"dangers",1
"16058",35,"dare",1
"16059",35,"days",1
"16060",35,"death",1
"16061",35,"december",1
"16062",35,"delayed",1
"16063",35,"delivered",1
"16064",35,"deposited",1
"16065",35,"descended",1
"16066",35,"desired",1
"16067",35,"desperate",1
"16068",35,"dinner",1
"16069",35,"disaster",1
"16070",35,"disposal",1
"16071",35,"distance",1
"16072",35,"dog",1
"16073",35,"domicile",1
"16074",35,"doomed",1
"16075",35,"doors",1
"16076",35,"dropped",1
"16077",35,"duty",1
"16078",35,"dwellers",1
"16079",35,"eighty",1
"16080",35,"eleven",1
"16081",35,"emotion",1
"16082",35,"englishmen",1
"16083",35,"enrich",1
"16084",35,"enriched",1
"16085",35,"event",1
"16086",35,"excuse",1
"16087",35,"existence",1
"16088",35,"expected",1
"16089",35,"expedient",1
"16090",35,"extinguished",1
"16091",35,"fail",1
"16092",35,"faithful",1
"16093",35,"fast",1
"16094",35,"fate",1
"16095",35,"fault",1
"16096",35,"feared",1
"16097",35,"fellow",1
"16098",35,"fill",1
"16099",35,"finding",1
"16100",35,"finish",1
"16101",35,"fireplace",1
"16102",35,"firmness",1
"16103",35,"fixed",1
"16104",35,"fix’s",1
"16105",35,"fogg’s",1
"16106",35,"folly",1
"16107",35,"foreign",1
"16108",35,"foreseen",1
"16109",35,"forgive",1
"16110",35,"free",1
"16111",35,"genial",1
"16112",35,"gentleman",1
"16113",35,"glance",1
"16114",35,"goal",1
"16115",35,"governed",1
"16116",35,"gratitude",1
"16117",35,"grief",1
"16118",35,"griefs",1
"16119",35,"habit",1
"16120",35,"habitual",1
"16121",35,"hands",1
"16122",35,"happen",1
"16123",35,"happy",1
"16124",35,"haunted",1
"16125",35,"held",1
"16126",35,"hold",1
"16127",35,"holiest",1
"16128",35,"honour’s",1
"16129",35,"hours",1
"16130",35,"hundred",1
"16131",35,"hurried",1
"16132",35,"idea",1
"16133",35,"immediately",1
"16134",35,"impassibility",1
"16135",35,"imperturbable",1
"16136",35,"india",1
"16137",35,"influenced",1
"16138",35,"instructions",1
"16139",35,"irretrievable",1
"16140",35,"journey",1
"16141",35,"keyhole",1
"16142",35,"kinswoman",1
"16143",35,"knocked",1
"16144",35,"knowing",1
"16145",35,"lady",1
"16146",35,"laid",1
"16147",35,"land",1
"16148",35,"leave",1
"16149",35,"leaving",1
"16150",35,"legs",1
"16151",35,"letter",1
"16152",35,"light",1
"16153",35,"lips",1
"16154",35,"listened",1
"16155",35,"lived",1
"16156",35,"liverpool",1
"16157",35,"lost",1
"16158",35,"marylebone",1
"16159",35,"meditating",1
"16160",35,"message",1
"16161",35,"mind",1
"16162",35,"miserable",1
"16163",35,"misery",1
"16164",35,"mistaken",1
"16165",35,"moment",1
"16166",35,"moments",1
"16167",35,"moment’s",1
"16168",35,"morning",1
"16169",35,"narrow",1
"16170",35,"noble",1
"16171",35,"notify",1
"16172",35,"obey",1
"16173",35,"obstacles",1
"16174",35,"opposite",1
"16175",35,"overcome",1
"16176",35,"overflowing",1
"16177",35,"overtake",1
"16178",35,"overwhelmed",1
"16179",35,"pardon",1
"16180",35,"parish",1
"16181",35,"passage",1
"16182",35,"passed",1
"16183",35,"patience",1
"16184",35,"penetrated",1
"16185",35,"permission",1
"16186",35,"persecutors",1
"16187",35,"pity",1
"16188",35,"portion",1
"16189",35,"pressing",1
"16190",35,"probable",1
"16191",35,"project",1
"16192",35,"projects",1
"16193",35,"proposed",1
"16194",35,"protection",1
"16195",35,"protector’s",1
"16196",35,"provisions",1
"16197",35,"pulsations",1
"16198",35,"purchase",1
"16199",35,"quarter",1
"16200",35,"quietly",1
"16201",35,"radiant",1
"16202",35,"read",1
"16203",35,"reason",1
"16204",35,"receive",1
"16205",35,"received",1
"16206",35,"rectitude",1
"16207",35,"remorse",1
"16208",35,"rescuing",1
"16209",35,"resort",1
"16210",35,"resumed",1
"16211",35,"reverend",1
"16212",35,"rich",1
"16213",35,"rights",1
"16214",35,"rising",1
"16215",35,"rose",1
"16216",35,"round",1
"16217",35,"ruefully",1
"16218",35,"ruin",1
"16219",35,"sad",1
"16220",35,"safety",1
"16221",35,"sake",1
"16222",35,"saloon",1
"16223",35,"samuel",1
"16224",35,"saturday",1
"16225",35,"save",1
"16226",35,"scarcely",1
"16227",35,"seated",1
"16228",35,"secure",1
"16229",35,"seizing",1
"16230",35,"send",1
"16231",35,"service",1
"16232",35,"shared",1
"16233",35,"simply",1
"16234",35,"sincerity",1
"16235",35,"sir",1
"16236",35,"sleep",1
"16237",35,"slight",1
"16238",35,"smile",1
"16239",35,"smiled",1
"16240",35,"soft",1
"16241",35,"solitude",1
"16242",35,"sought",1
"16243",35,"souls",1
"16244",35,"speak",1
"16245",35,"stairs",1
"16246",35,"stake",1
"16247",35,"station",1
"16248",35,"steadily",1
"16249",35,"stop",1
"16250",35,"struck",1
"16251",35,"sudden",1
"16252",35,"suddenly",1
"16253",35,"suicide",1
"16254",35,"sum",1
"16255",35,"summoned",1
"16256",35,"sun",1
"16257",35,"sunday",1
"16258",35,"surprised",1
"16259",35,"sweetness",1
"16260",35,"sympathetic",1
"16261",35,"tea",1
"16262",35,"tortured",1
"16263",35,"totally",1
"16264",35,"tour",1
"16265",35,"tracking",1
"16266",35,"tranquillity",1
"16267",35,"transferred",1
"16268",35,"traversed",1
"16269",35,"trembling",1
"16270",35,"tropical",1
"16271",35,"unarmed",1
"16272",35,"uninhabited",1
"16273",35,"unsafe",1
"16274",35,"unwonted",1
"16275",35,"wagers",1
"16276",35,"warned",1
"16277",35,"watch",1
"16278",35,"watched",1
"16279",35,"westminster",1
"16280",35,"wife",1
"16281",35,"wilson",1
"16282",35,"windows",1
"16283",35,"won",1
"16284",35,"words",1
"16285",35,"world",1
"16286",35,"worthy",1
"16287",35,"wretched",1
"16288",35,"zenith",1
"16289",36,"21st",1
"16290",36,"abandoned",1
"16291",36,"absurdly",1
"16292",36,"added",1
"16293",36,"admit",1
"16294",36,"antagonists",1
"16295",36,"anxiously",1
"16296",36,"applause",1
"16297",36,"approached",1
"16298",36,"arrest",1
"16299",36,"arrested",1
"16300",36,"arrived",1
"16301",36,"arrives",1
"16302",36,"asia",1
"16303",36,"assented",1
"16304",36,"bank",1
"16305",36,"bankers",1
"16306",36,"bankrobber",1
"16307",36,"barings",1
"16308",36,"betray",1
"16309",36,"betrayed",1
"16310",36,"brewer",1
"16311",36,"brokers",1
"16312",36,"calm",1
"16313",36,"cheque",1
"16314",36,"china",1
"16315",36,"circulation",1
"16316",36,"collected",1
"16317",36,"continuing",1
"16318",36,"cool",1
"16319",36,"criminal",1
"16320",36,"cut",1
"16321",36,"dead",1
"16322",36,"delay",1
"16323",36,"delays",1
"16324",36,"departure",1
"16325",36,"desperately",1
"16326",36,"detective",1
"16327",36,"difficulty",1
"16328",36,"director",1
"16329",36,"discussion",1
"16330",36,"discussions",1
"16331",36,"dispatched",1
"16332",36,"disputes",1
"16333",36,"don’t",1
"16334",36,"door",1
"16335",36,"doors",1
"16336",36,"drawing",1
"16337",36,"due",1
"16338",36,"eagerly",1
"16339",36,"edinburgh",1
"16340",36,"effort",1
"16341",36,"eighteen",1
"16342",36,"emotion",1
"16343",36,"engineer",1
"16344",36,"england",1
"16345",36,"english",1
"16346",36,"established",1
"16347",36,"excited",1
"16348",36,"excitement",1
"16349",36,"existed",1
"16350",36,"expired",1
"16351",36,"fallentin’s",1
"16352",36,"false",1
"16353",36,"fatal",1
"16354",36,"favour",1
"16355",36,"favoured",1
"16356",36,"feverish",1
"16357",36,"fierce",1
"16358",36,"fiftieth",1
"16359",36,"financial",1
"16360",36,"fix",1
"16361",36,"foolish",1
"16362",36,"forced",1
"16363",36,"forgotten",1
"16364",36,"fortieth",1
"16365",36,"fortune",1
"16366",36,"friends",1
"16367",36,"game",1
"16368",36,"growls",1
"16369",36,"hand",1
"16370",36,"handed",1
"16371",36,"hands",1
"16372",36,"hasty",1
"16373",36,"honourable",1
"16374",36,"hour",1
"16375",36,"house",1
"16376",36,"hurrahs",1
"16377",36,"ignorant",1
"16378",36,"impeded",1
"16379",36,"increased",1
"16380",36,"intelligence",1
"16381",36,"intense",1
"16382",36,"keeping",1
"16383",36,"laid",1
"16384",36,"late",1
"16385",36,"left",1
"16386",36,"lines",1
"16387",36,"list",1
"16388",36,"listened",1
"16389",36,"liverpool",1
"16390",36,"london",1
"16391",36,"looked",1
"16392",36,"lose",1
"16393",36,"loud",1
"16394",36,"magic",1
"16395",36,"mall",1
"16396",36,"mathematical",1
"16397",36,"mathematically",1
"16398",36,"messengers",1
"16399",36,"met",1
"16400",36,"morning",1
"16401",36,"morrow",1
"16402",36,"multitude",1
"16403",36,"murmurs",1
"16404",36,"negotiable",1
"16405",36,"neighbouring",1
"16406",36,"nervously",1
"16407",36,"ninety",1
"16408",36,"observe",1
"16409",36,"occur",1
"16410",36,"opinion",1
"16411",36,"pall",1
"16412",36,"papers",1
"16413",36,"par",1
"16414",36,"paralytic",1
"16415",36,"partners",1
"16416",36,"passed",1
"16417",36,"passengers",1
"16418",36,"perfectly",1
"16419",36,"permanently",1
"16420",36,"pitch",1
"16421",36,"player",1
"16422",36,"premium",1
"16423",36,"prevent",1
"16424",36,"project",1
"16425",36,"proposal",1
"16426",36,"public",1
"16427",36,"pursuing",1
"16428",36,"quarter",1
"16429",36,"quiet",1
"16430",36,"quoted",1
"16431",36,"racehorse",1
"16432",36,"reached",1
"16433",36,"readily",1
"16434",36,"real",1
"16435",36,"reappear",1
"16436",36,"regard",1
"16437",36,"regularity",1
"16438",36,"relate",1
"16439",36,"revived",1
"16440",36,"round",1
"16441",36,"row",1
"16442",36,"rubber",1
"16443",36,"saville",1
"16444",36,"scarcely",1
"16445",36,"scent",1
"16446",36,"seat",1
"16447",36,"seats",1
"16448",36,"secure",1
"16449",36,"seventeen",1
"16450",36,"seventh",1
"16451",36,"seventy",1
"16452",36,"shrill",1
"16453",36,"silence",1
"16454",36,"sixteen",1
"16455",36,"sixth",1
"16456",36,"sixtieth",1
"16457",36,"society",1
"16458",36,"steamer",1
"16459",36,"strand",1
"16460",36,"strand’s",1
"16461",36,"street",1
"16462",36,"streets",1
"16463",36,"surprised",1
"16464",36,"suspended",1
"16465",36,"suspense",1
"16466",36,"telegrams",1
"16467",36,"telegraphic",1
"16468",36,"threshold",1
"16469",36,"till",1
"16470",36,"times",1
"16471",36,"tour",1
"16472",36,"transactions",1
"16473",36,"transpired",1
"16474",36,"twelve",1
"16475",36,"wagers",1
"16476",36,"wait",1
"16477",36,"waited",1
"16478",36,"wishing",1
"16479",36,"world",1
"16480",36,"wouldn’t",1
"16481",36,"yesterday",1
"16482",36,"york",1
"16483",37,"_eastward",1
"16484",37,"_eighty_",1
"16485",37,"_seventy",1
"16486",37,"_westward_",1
"16487",37,"accomplished",1
"16488",37,"agreeable",1
"16489",37,"ahead",1
"16490",37,"appeared",1
"16491",37,"apprised",1
"16492",37,"arrival",1
"16493",37,"awaited",1
"16494",37,"belongs",1
"16495",37,"betrayed",1
"16496",37,"bride",1
"16497",37,"brought",1
"16498",37,"burned",1
"16499",37,"cab",1
"16500",37,"cabman",1
"16501",37,"ceremony",1
"16502",37,"charming",1
"16503",37,"cherished",1
"16504",37,"circumference",1
"16505",37,"clergyman’s",1
"16506",37,"clock",1
"16507",37,"collar",1
"16508",37,"constantly",1
"16509",37,"contrary",1
"16510",37,"conveyance",1
"16511",37,"coolness",1
"16512",37,"cost",1
"16513",37,"cried",1
"16514",37,"crossing",1
"16515",37,"dazzling",1
"16516",37,"december",1
"16517",37,"deducted",1
"16518",37,"departure",1
"16519",37,"diminished",1
"16520",37,"disorder",1
"16521",37,"displayed",1
"16522",37,"divided",1
"16523",37,"dogs",1
"16524",37,"doubt",1
"16525",37,"dragging",1
"16526",37,"earth",1
"16527",37,"eccentric",1
"16528",37,"elephants",1
"16529",37,"employed",1
"16530",37,"enchanted",1
"16531",37,"engage",1
"16532",37,"entitled",1
"16533",37,"errand",1
"16534",37,"exact",1
"16535",37,"exactitude",1
"16536",37,"family",1
"16537",37,"famous",1
"16538",37,"fastidious",1
"16539",37,"fix",1
"16540",37,"fogg’s",1
"16541",37,"force",1
"16542",37,"fortune",1
"16543",37,"forty",1
"16544",37,"friday",1
"16545",37,"friends",1
"16546",37,"gain",1
"16547",37,"gas",1
"16548",37,"gasped",1
"16549",37,"glowing",1
"16550",37,"grudge",1
"16551",37,"hair",1
"16552",37,"happiest",1
"16553",37,"hat",1
"16554",37,"home",1
"16555",37,"honour",1
"16556",37,"instant",1
"16557",37,"irresistible",1
"16558",37,"i’ve",1
"16559",37,"journeying",1
"16560",37,"jumped",1
"16561",37,"kidnapped",1
"16562",37,"light",1
"16563",37,"lost",1
"16564",37,"madam",1
"16565",37,"marked",1
"16566",37,"marvellous",1
"16567",37,"master’s",1
"16568",37,"means",1
"16569",37,"mistake",1
"16570",37,"monday",1
"16571",37,"money",1
"16572",37,"multiplied",1
"16573",37,"nine_",1
"16574",37,"ninth",1
"16575",37,"object",1
"16576",37,"opposite",1
"16577",37,"overturned",1
"16578",37,"overturning",1
"16579",37,"pardon",1
"16580",37,"passers",1
"16581",37,"pecuniary",1
"16582",37,"person",1
"16583",37,"phlegmatic",1
"16584",37,"precisely",1
"16585",37,"promised",1
"16586",37,"qualities",1
"16587",37,"quarter",1
"16588",37,"question",1
"16589",37,"quietly",1
"16590",37,"railways",1
"16591",37,"ran",1
"16592",37,"rapped",1
"16593",37,"reader",1
"16594",37,"regularity",1
"16595",37,"remained",1
"16596",37,"remember",1
"16597",37,"returned",1
"16598",37,"rich",1
"16599",37,"round",1
"16600",37,"row",1
"16601",37,"ruined",1
"16602",37,"rushing",1
"16603",37,"sake",1
"16604",37,"saloon",1
"16605",37,"saville",1
"16606",37,"seized",1
"16607",37,"servant",1
"16608",37,"services",1
"16609",37,"share",1
"16610",37,"shut",1
"16611",37,"sidewalk",1
"16612",37,"simple",1
"16613",37,"sir",1
"16614",37,"sledges",1
"16615",37,"speak",1
"16616",37,"spent",1
"16617",37,"staggered",1
"16618",37,"steamers",1
"16619",37,"strange",1
"16620",37,"street",1
"16621",37,"suggested",1
"16622",37,"suspecting",1
"16623",37,"ten",1
"16624",37,"thirty",1
"16625",37,"trading",1
"16626",37,"tranquil",1
"16627",37,"travelled",1
"16628",37,"travellers",1
"16629",37,"trouble",1
"16630",37,"twentieth",1
"16631",37,"unconsciously",1
"16632",37,"unfortunate",1
"16633",37,"vessels",1
"16634",37,"victorious",1
"16635",37,"vigorously",1
"16636",37,"waited",1
"16637",37,"watch",1
"16638",37,"waterspout",1
"16639",37,"weary",1
"16640",37,"what’s",1
"16641",37,"wife",1
"16642",37,"wilson",1
"16643",37,"wilson’s",1
"16644",37,"win",1
"16645",37,"words",1
"16646",37,"yachts",1
